Date,Price,Open,High,Low,Vol.,Change %,Price_MMBtu,EURUSD,Price_USD_MMBtu
2017-10-23,18.09,18.09,18.09,18.09,,-44.81%,5.30165439,1.1762,6.235805893518
2017-10-24,17.96,17.96,17.96,17.96,,-0.72%,5.263555160000001,1.1766,6.193099001256002
2017-10-25,18.11,18.11,18.11,18.11,,0.84%,5.30751581,1.1802,6.263930158961999
2017-10-26,18.07,18.07,18.07,18.07,,-0.22%,5.295792970000001,1.17,6.196077774900001
2017-10-27,18.15,18.15,18.15,18.15,,0.44%,5.31923865,1.158,6.1596783567
2017-10-30,18.11,18.11,18.11,18.11,,-0.22%,5.30751581,1.1626,6.170517880706
2017-10-31,18.285,18.285,18.285,18.285,,0.97%,5.358803235000001,1.1648,6.241934008128001
2017-11-01,18.55,18.55,18.55,18.55,,1.45%,5.436467050000001,1.1618,6.3160874186900005
2017-11-02,18.58,18.58,18.58,18.58,,0.16%,5.44525918,1.1672,6.355706514896
2017-11-03,18.31,18.31,18.31,18.31,,-1.45%,5.36613001,1.1616,6.233296619616
2017-11-06,19.01,19.01,19.01,19.01,,3.82%,5.571279710000001,1.16,6.4626844636000005
2017-11-07,19.325,19.325,19.325,19.325,,1.66%,5.663597075,1.1577,6.5567463337275
2017-11-08,19.38,19.38,19.38,19.38,,0.28%,5.67971598,1.1591,6.583358792418
2017-11-09,19.515,19.515,19.515,19.515,,0.70%,5.719280565000001,1.1648,6.6618180021120015
2017-11-10,19.82,19.82,19.82,19.82,,1.56%,5.80866722,,
2017-11-13,19.905,19.905,19.905,19.905,,0.43%,5.833578255000001,1.1656,6.799618814028001
2017-11-14,19.335,19.335,19.335,19.335,,-2.86%,5.666527785,1.1764,6.666103286274
2017-11-15,19.015,19.015,19.015,19.015,,-1.66%,5.572745065,1.1794,6.572495529661
2017-11-16,19.2,19.2,19.2,19.2,,0.97%,5.6269632000000005,1.1772,6.6240610790400005
2017-11-17,18.95,18.95,18.95,18.95,,-1.30%,5.55369545,1.1799,6.552805261455
2017-11-20,19.5,19.5,19.5,19.5,,2.90%,5.7148845,1.1741,6.70984589145
2017-11-21,19.84,19.84,19.84,19.84,,1.74%,5.814528640000001,1.1741,6.826838076224
2017-11-22,19.7,19.7,19.7,19.7,,-0.71%,5.7734987,1.1789,6.806377617430001
2017-11-24,20.455,20.455,20.455,20.455,,3.83%,5.994767305,1.1936,7.155354255248
2017-11-27,20.68,20.68,20.68,20.68,,1.10%,6.06070828,1.1911,7.218909632308001
2017-11-28,20.28,20.28,20.28,20.28,,-1.93%,5.943479880000001,1.1878,7.059665401464001
2017-11-29,20.35,20.35,20.35,20.35,,0.35%,5.963994850000001,1.1858,7.07210509313
2017-11-30,20.305,20.305,20.305,20.305,,-0.22%,5.950806655,1.1898,7.080269758119
2017-12-01,20.79,20.79,20.79,20.79,,2.39%,6.09294609,1.191,7.25669879319
2017-12-04,21.375,21.375,21.375,21.375,,2.81%,6.264392625,1.1848,7.4220523821
2017-12-05,21.405,21.405,21.405,21.405,,0.14%,6.273184755000001,1.182,7.41490438041
2017-12-06,21.165,21.165,21.165,21.165,,-1.12%,6.202847715,1.1788,7.311916886442
2017-12-07,21.265,21.265,21.265,21.265,,0.47%,6.232154815,1.179,7.347710526885001
2017-12-08,20.89,20.89,20.89,20.89,,-1.76%,6.12225319,1.1761,7.200381976759
2017-12-11,21.135,21.135,21.135,21.135,,1.17%,6.194055585000001,1.1802,7.310224401417001
2017-12-12,21.73,21.73,21.73,21.73,,2.82%,6.368432830000001,1.1725,7.466987493175002
2017-12-13,20.675,20.675,20.675,20.675,,-4.86%,6.059242925,1.1762,7.126881528385
2017-12-14,21.025,21.025,21.025,21.025,,1.69%,6.161817775,1.1778,7.257388975395
2017-12-15,21.01,21.01,21.01,21.01,,-0.07%,6.157421710000001,1.1778,7.252211290038002
2017-12-18,20.46,20.46,20.46,20.46,,-2.62%,5.99623266,1.1804,7.077953031864
2017-12-19,19.95,19.95,19.95,19.95,,-2.49%,5.8467664500000005,1.1822,6.91204729719
2017-12-20,20.295,20.295,20.295,20.295,,1.73%,5.947875945000001,1.1881,7.0666714102545
2017-12-21,20.0,20.0,20.0,20.0,,-1.45%,5.861420000000001,1.1872,6.958677824000001
2017-12-22,19.665,19.665,19.665,19.665,,-1.67%,5.763241215,1.1839,6.8231012744385
2017-12-26,19.665,19.665,19.665,19.665,,0.00%,5.763241215,1.1867,6.8392383498405005
2017-12-27,19.19,19.19,19.19,19.19,,-2.42%,5.624032490000001,1.1902,6.693723469598001
2017-12-28,19.705,19.705,19.705,19.705,,2.68%,5.774964055,1.1952,6.902237038536
2017-12-29,19.62,19.62,19.62,19.62,,-0.43%,5.750053020000001,1.2022,6.912713740644001
2018-01-02,19.32,19.32,19.32,19.32,,-1.53%,5.6621317200000005,1.205,6.822868722600001
2018-01-03,19.325,19.325,19.325,19.325,,0.03%,5.663597075,1.203,6.813307281225001
2018-01-04,19.2,19.2,19.2,19.2,,-0.65%,5.6269632000000005,1.2064,6.78836840448
2018-01-05,18.915,18.915,18.915,18.915,,-1.48%,5.543437965,1.2039,6.6737449660634995
2018-01-08,19.05,19.05,19.05,19.05,,0.71%,5.583002550000001,1.1973,6.684528953115001
2018-01-09,19.435,19.435,19.435,19.435,,2.02%,5.695834885,1.1922,6.790574349897
2018-01-10,19.325,19.325,19.325,19.325,,-0.57%,5.663597075,1.1958,6.772529382285
2018-01-11,19.32,19.32,19.32,19.32,,-0.03%,5.6621317200000005,1.2035,6.814375525020001
2018-01-12,19.805,19.805,19.805,19.805,,2.51%,5.804271155,1.213,7.040580911015001
2018-01-16,18.9,18.9,18.9,18.9,,-4.57%,5.5390419,1.2244,6.7820029023599995
2018-01-17,18.44,18.44,18.44,18.44,,-2.43%,5.404229240000001,1.2229,6.608831937596002
2018-01-18,18.35,18.35,18.35,18.35,,-0.49%,5.377852850000001,1.2238,6.581416317830001
2018-01-19,18.19,18.19,18.19,18.19,,-0.87%,5.330961490000001,1.2238,6.524030671462001
2018-01-22,18.545,18.545,18.545,18.545,,1.95%,5.435001695000001,1.223,6.647007072985002
2018-01-23,18.2,18.2,18.2,18.2,,-1.86%,5.3338922,1.2277,6.54841945394
2018-01-24,17.79,17.79,17.79,17.79,,-2.25%,5.21373309,1.239,6.459815298510001
2018-01-25,17.78,17.78,17.78,17.78,,-0.06%,5.2108023800000005,1.2488,6.5072500121440005
2018-01-26,17.78,17.78,17.78,17.78,,0.00%,5.2108023800000005,1.2422,6.472858716436001
2018-01-29,17.395,17.395,17.395,17.395,,-2.17%,5.097970045,1.2352,6.297012599584001
2018-01-30,17.41,17.41,17.41,17.41,,0.09%,5.10236611,1.239,6.32183161029
2018-01-31,17.88,17.88,17.88,17.88,,2.70%,5.24010948,1.2428,6.512408061744
2018-02-01,18.15,18.15,18.15,18.15,,1.51%,5.31923865,1.2482,6.639473682929999
2018-02-02,18.16,18.16,18.16,18.16,,0.06%,5.32216936,1.2446,6.6239719854559995
2018-02-05,17.59,17.59,17.59,17.59,,-3.14%,5.155118890000001,1.2418,6.401626637602001
2018-02-06,17.88,17.88,17.88,17.88,,1.65%,5.24010948,1.2381,6.487779547188
2018-02-07,18.155,18.155,18.155,18.155,,1.54%,5.3207040050000005,1.2281,6.534356588540501
2018-02-08,17.74,17.74,17.74,17.74,,-2.29%,5.19907954,1.2238,6.362633541051999
2018-02-09,17.9,17.9,17.9,17.9,,0.90%,5.2459709,1.2226,6.413724022339999
2018-02-12,17.95,17.95,17.95,17.95,,0.28%,5.26062445,1.2267,6.453208012815
2018-02-13,18.305,18.305,18.305,18.305,,1.98%,5.364664655,1.2363,6.6323349129765
2018-02-14,18.075,18.075,18.075,18.075,,-1.26%,5.2972583250000005,1.2396,6.5664814196700005
2018-02-15,17.79,17.79,17.79,17.79,,-1.58%,5.21373309,1.2482,6.507781642937999
2018-02-16,18.165,18.165,18.165,18.165,,2.11%,5.323634715,1.2442,6.6236663124029995
2018-02-20,19.77,19.77,19.77,19.77,,8.84%,5.79401367,1.2348,7.1544480797159995
2018-02-21,19.78,19.78,19.78,19.78,,0.05%,5.796944380000001,1.2314,7.138357309532002
2018-02-22,19.94,19.94,19.94,19.94,,0.81%,5.843835740000001,1.2326,7.203111933124001
2018-02-23,20.41,20.41,20.41,20.41,,2.36%,5.98157911,1.2298,7.356145989478001
2018-02-26,18.69,18.69,18.69,18.69,,-8.43%,5.477496990000001,1.2296,6.735130298904001
2018-02-27,19.195,19.195,19.195,19.195,,2.70%,5.625497845000001,1.2239,6.885046812495501
2018-02-28,17.35,17.35,17.35,17.35,,-9.61%,5.084781850000001,1.2211,6.209027117035001
2018-03-01,17.56,17.56,17.56,17.56,0.05K,1.21%,5.14632676,1.2216,6.286752770016
2018-03-02,17.805,17.805,17.805,17.805,,1.40%,5.218129155000001,1.2314,6.425604241467001
2018-03-05,17.515,17.515,17.515,17.515,,-1.63%,5.133138565,1.233,6.329159850645001
2018-03-06,17.7,17.7,17.7,17.7,,1.06%,5.1873567000000005,1.2415,6.4401033430500005
2018-03-07,17.83,17.83,17.83,17.83,,0.73%,5.22545593,1.2397,6.477997716421
2018-03-08,18.315,18.315,18.315,18.315,,2.72%,5.367595365000001,1.2314,6.609656932461001
2018-03-09,18.94,18.94,18.94,18.94,0.04K,3.41%,5.550764740000001,1.2326,6.841872618524
2018-03-12,19.71,19.71,19.71,19.71,0.05K,4.07%,5.77642941,1.2318,7.115405747238
2018-03-13,19.465,19.465,19.465,19.465,,-1.24%,5.704627015000001,1.2398,7.072596573197001
2018-03-14,18.615,18.615,18.615,18.615,,-4.37%,5.455516665,1.2362,6.7441097012730005
2018-03-15,18.8,18.8,18.8,18.8,0.01K,0.99%,5.5097348,1.2321,6.78854424708
2018-03-16,18.655,18.655,18.655,18.655,0.03K,-0.77%,5.467239505000001,1.228,6.7137701121400015
2018-03-19,18.7,18.7,18.7,18.7,,0.24%,5.4804277,1.2329,6.75681931133
2018-03-20,19.175,19.175,19.175,19.175,,2.54%,5.619636425,1.2271,6.895855857117501
2018-03-21,19.39,19.39,19.39,19.39,0.01K,1.12%,5.68264669,1.2268,6.971470959292
2018-03-22,19.01,19.01,19.01,19.01,,-1.96%,5.571279710000001,1.231,6.858245323010001
2018-03-23,18.445,18.445,18.445,18.445,,-2.97%,5.405694595000001,1.236,6.681438519420001
2018-03-26,17.99,17.99,17.99,17.99,,-2.47%,5.27234729,1.244,6.5588000287599995
2018-03-27,18.495,18.495,18.495,18.495,,2.81%,5.420348145000001,1.241,6.726652047945002
2018-03-28,18.37,18.37,18.37,18.37,,-0.68%,5.3837142700000005,1.2351,6.649425494877001
2018-03-29,18.225,18.225,18.225,18.225,,-0.79%,5.341218975000001,1.2297,6.568096973557502
2018-04-02,18.225,18.225,18.225,18.225,,0.00%,5.341218975000001,1.2288,6.563289876480001
2018-04-03,18.04,18.04,18.04,18.04,,-1.02%,5.28700084,1.2261,6.482391729924
2018-04-04,18.185,18.185,18.185,18.185,,0.80%,5.329496135,1.2292,6.551016649142
2018-04-05,18.13,18.13,18.13,18.13,,-0.30%,5.31337723,1.223,6.498260352290001
2018-04-06,18.18,18.18,18.18,18.18,,0.28%,5.328030780000001,1.2274,6.539624979372001
2018-04-09,18.645,18.645,18.645,18.645,,2.56%,5.464308795,1.232,6.73202843544
2018-04-10,18.84,18.84,18.84,18.84,,1.05%,5.52145764,1.2338,6.812374436232001
2018-04-11,19.255,19.255,19.255,19.255,,2.20%,5.643082105,1.2384,6.988392878832
2018-04-12,19.215,19.215,19.215,19.215,,-0.21%,5.631359265,1.232,6.937834614480001
2018-04-13,19.57,19.57,19.57,19.57,,1.85%,5.735399470000001,1.2322,7.067159226934001
2018-04-16,19.35,19.35,19.35,19.35,,-1.12%,5.670923850000001,1.2373,7.0166340796050015
2018-04-17,19.015,19.015,19.015,19.015,,-1.73%,5.572745065,1.2345,6.8795537827425
2018-04-18,19.31,19.31,19.31,19.31,,1.55%,5.65920101,1.238,7.006090850380001
2018-04-19,19.86,19.52,19.52,19.52,0.02K,2.85%,5.82039006,1.2336,7.180033178016
2018-04-20,19.8,19.835,19.835,19.835,0.01K,-0.30%,5.802805800000001,1.2282,7.12700608356
2018-04-23,19.89,19.89,19.89,19.89,,0.45%,5.829182190000001,1.2216,7.120928963304001
2018-04-24,19.675,19.635,19.635,19.625,0.02K,-1.08%,5.766171925000001,1.2226,7.049721795505
2018-04-25,19.88,19.55,19.56,19.55,0.02K,1.04%,5.82625148,1.2178,7.095209052344
2018-04-26,20.15,20.15,20.15,20.15,,1.36%,5.90538065,1.2113,7.153187581345
2018-04-27,20.265,20.265,20.265,20.265,,0.57%,5.939083815000001,1.2108,7.191042683202002
2018-04-30,20.56,20.56,20.56,20.56,,1.46%,6.02553976,1.2074,7.275236706224
2018-05-01,20.095,20.095,20.095,20.095,,-2.26%,5.889261745,1.2,7.067114094
2018-05-02,19.865,19.865,19.865,19.865,,-1.14%,5.821855415,1.1968,6.967596560672001
2018-05-03,19.95,19.95,19.95,19.95,,0.43%,5.8467664500000005,1.197,6.998579440650001
2018-05-04,20.42,20.42,20.42,20.42,,2.36%,5.984509820000001,1.1946,7.149095430972002
2018-05-07,20.42,20.42,20.42,20.42,,0.00%,5.984509820000001,1.1927,7.137724862314002
2018-05-08,20.6,20.6,20.6,20.6,,0.88%,6.037262600000001,1.1863,7.1620046223800005
2018-05-09,20.845,21.135,21.135,20.84,0.02K,1.19%,6.109064995,1.1852,7.240463832074
2018-05-10,21.005,21.005,21.005,21.005,,0.77%,6.155956355,1.1896,7.323125679907999
2018-05-11,21.265,21.265,21.265,21.265,0.01K,1.24%,6.232154815,1.1951,7.448048219406501
2018-05-14,21.625,21.625,21.625,21.625,,1.69%,6.3376603750000005,1.1976,7.589982065100001
2018-05-15,21.54,21.54,21.54,21.54,0.03K,-0.39%,6.31274934,1.1864,7.489445816976
2018-05-16,21.67,21.395,21.395,21.395,0.01K,0.60%,6.350848570000001,1.1788,7.486380294316001
2018-05-17,22.3,22.3,22.3,22.3,,2.91%,6.535483300000001,1.1798,7.710563197340001
2018-05-18,22.055,22.055,22.055,22.055,,-1.10%,6.463680905,1.1775,7.610984265637501
2018-05-21,22.375,22.375,22.375,22.375,,1.45%,6.5574636250000005,1.1768,7.716823193900001
2018-05-22,22.905,22.905,22.905,22.905,,2.37%,6.712791255000001,1.1783,7.909681935766501
2018-05-23,22.715,22.715,22.715,22.715,,-0.83%,6.657107765,1.1693,7.7841561096145
2018-05-24,22.695,22.695,22.695,22.695,,-0.09%,6.651246345000001,1.1729,7.801246838050501
2018-05-25,21.805,22.26,22.26,22.13,0.02K,-3.92%,6.390413155,1.1666,7.455055986623001
2018-05-29,22.655,22.655,22.655,22.655,,3.90%,6.6395235050000005,1.1551,7.669313600625501
2018-05-30,22.985,22.985,22.985,22.985,,1.46%,6.736236935000001,1.1664,7.857146760984001
2018-05-31,22.58,22.58,22.58,22.58,,-1.76%,6.61754318,1.167,7.72267289106
2018-06-01,21.775,21.775,21.775,21.775,,-3.57%,6.381621025,1.1679,7.4530951950975
2018-06-04,21.905,21.905,21.905,21.905,,0.60%,6.4197202550000005,1.1696,7.5085048102480005
2018-06-05,21.43,21.43,21.43,21.43,,-2.17%,6.28051153,1.1672,7.3306130578160005
2018-06-06,21.32,21.32,21.32,21.32,,-0.51%,6.24827372,1.1778,7.359216787416
2018-06-07,21.665,21.665,21.665,21.665,,1.62%,6.3493832150000005,1.1815,7.501796268522501
2018-06-08,21.54,21.54,21.54,21.54,,-0.58%,6.31274934,1.1773,7.431999797982
2018-06-11,21.35,21.35,21.35,21.35,,-0.88%,6.257065850000001,1.1802,7.384589116170001
2018-06-12,21.785,21.785,21.785,21.785,,2.04%,6.3845517350000005,1.1792,7.528663405912001
2018-06-13,22.38,22.38,22.38,22.38,,2.73%,6.55892898,1.1784,7.729041910032
2018-06-14,22.355,22.355,22.355,22.355,,-0.11%,6.551602205000001,1.1634,7.622134005297001
2018-06-15,21.75,21.75,21.75,21.75,,-2.71%,6.37429425,1.1616,7.4043802008
2018-06-18,22.14,22.14,22.14,22.14,,1.79%,6.488591940000001,1.1606,7.530659805564001
2018-06-19,21.695,21.695,21.695,21.695,0.00K,-2.01%,6.358175345,1.1577,7.3608595969065
2018-06-20,21.5,21.5,21.5,21.5,0.00K,-0.90%,6.301026500000001,1.1592,7.304149918800001
2018-06-21,21.545,21.545,21.545,21.545,,0.21%,6.314214695000001,1.16,7.324489046200001
2018-06-22,21.655,21.655,21.655,21.655,0.01K,0.51%,6.346452505000001,1.163,7.380924263315001
2018-06-25,21.545,21.63,21.63,21.63,0.01K,-0.51%,6.314214695000001,1.1694,7.3838426643330015
2018-06-26,21.495,21.495,21.495,21.495,0.02K,-0.23%,6.299561145000001,1.1675,7.354737636787501
2018-06-27,22.035,22.035,22.035,22.035,,2.51%,6.457819485000001,1.1588,7.483321219218001
2018-06-28,21.96,21.96,21.96,21.96,,-0.34%,6.4358391600000004,1.1582,7.453988915112
2018-06-29,21.875,21.875,21.875,21.875,,-0.39%,6.410928125000001,1.1677,7.486040771562501
2018-07-02,22.24,22.24,22.24,22.24,,1.67%,6.5178990400000005,1.1604,7.563370046016002
2018-07-03,22.26,22.26,22.26,22.26,,0.09%,6.523760460000001,1.1653,7.602138064038001
2018-07-05,22.465,22.465,22.465,22.465,,0.92%,6.583840015000001,1.1697,7.7011176655455005
2018-07-06,22.355,22.355,22.355,22.355,,-0.49%,6.551602205000001,1.1738,7.690270668229001
2018-07-09,22.73,22.73,22.73,22.73,,1.68%,6.661503830000001,1.1744,7.823270097952002
2018-07-10,22.73,22.73,22.73,22.73,,0.00%,6.661503830000001,1.1728,7.812611691824001
2018-07-11,22.58,22.58,22.58,22.58,,-0.66%,6.61754318,1.1722,7.757084115595999
2018-07-12,21.97,21.97,21.97,21.97,,-2.70%,6.438769870000001,1.1692,7.528209732004001
2018-07-13,22.265,22.265,22.265,22.265,,1.34%,6.525225815000001,1.1667,7.6129809583605015
2018-07-16,22.02,22.02,22.02,22.02,,-1.10%,6.45342342,1.171,7.556958824820001
2018-07-17,21.85,21.85,21.85,21.85,,-0.77%,6.403601350000001,1.1664,7.469160614640002
2018-07-18,22.14,22.14,22.14,22.14,,1.33%,6.488591940000001,1.1645,7.555965314130002
2018-07-19,22.155,22.3,22.3,22.3,0.01K,0.07%,6.492988005000001,1.1604,7.534463281002002
2018-07-20,21.875,21.875,21.875,21.875,,-1.26%,6.410928125000001,1.1708,7.505914648750001
2018-07-23,22.03,22.03,22.03,22.03,,0.71%,6.456354130000001,1.1702,7.555225602926001
2018-07-24,22.095,22.095,22.095,22.095,,0.30%,6.475403745,1.1684,7.565861735658001
2018-07-25,22.17,22.17,22.17,22.17,,0.34%,6.497384070000001,1.1677,7.586995378539001
2018-07-26,22.115,22.115,22.115,22.115,,-0.25%,6.481265165,1.1654,7.553266423291
2018-07-27,21.89,21.89,21.89,21.89,,-1.02%,6.415324190000001,1.166,7.48026800554
2018-07-30,22.06,22.06,22.06,22.06,,0.78%,6.46514626,1.1718,7.575858387468
2018-07-31,22.115,22.115,22.115,22.115,0.01K,0.25%,6.481265165,1.1706,7.586969002149001
2018-08-01,21.93,21.93,21.93,21.93,,-0.84%,6.427047030000001,1.1666,7.497793065198001
2018-08-02,21.935,22.0,22.0,22.0,0.01K,0.02%,6.428512385,1.1612,7.464788581462001
2018-08-03,22.26,22.26,22.26,22.26,,1.48%,6.523760460000001,1.1597,7.565605005462001
2018-08-06,22.5,22.5,22.5,22.5,,1.08%,6.5940975,1.1564,7.625414349000001
2018-08-07,22.61,22.8,22.8,22.775,0.01K,0.49%,6.62633531,1.1597,7.684561059007
2018-08-08,22.6,22.675,22.675,22.65,0.02K,-0.04%,6.623404600000001,1.1598,7.681824655080001
2018-08-09,22.715,22.775,22.8,22.775,0.01K,0.51%,6.657107765,1.1566,7.699610840999001
2018-08-10,22.88,22.625,22.625,22.595,0.02K,0.73%,6.705464480000001,1.1399,7.643558960752
2018-08-13,23.5,23.5,23.5,23.5,,2.71%,6.8871685000000005,1.1396,7.848617222600001
2018-08-14,23.725,23.78,23.78,23.78,0.01K,0.96%,6.953109475000001,1.1351,7.892474565072501
2018-08-15,23.52,23.525,23.525,23.47,0.02K,-0.86%,6.893029920000001,1.1332,7.811181505344001
2018-08-16,23.835,23.88,23.88,23.85,0.05K,1.34%,6.9853472850000005,1.1388,7.954913488158001
2018-08-17,24.155,24.16,24.185,24.16,0.01K,1.34%,7.079130005000001,1.141,8.077287335705
2018-08-20,24.18,23.915,24.18,23.82,0.02K,0.10%,7.086456780000001,1.1438,8.105489264964
2018-08-21,24.405,24.405,24.405,24.405,,0.93%,7.152397755000001,1.1534,8.249575570617
2018-08-22,24.45,24.725,24.725,24.41,0.02K,0.18%,7.1655859500000005,1.1595,8.308496909025001
2018-08-23,24.76,24.825,24.825,24.71,0.01K,1.27%,7.256437960000001,1.1567,8.393521788332002
2018-08-24,24.975,24.875,24.895,24.875,0.01K,0.87%,7.319448225000001,1.1625,8.508858561562501
2018-08-27,25.41,25.41,25.41,25.41,,1.74%,7.446934110000001,1.1676,8.695040266836001
2018-08-28,25.36,25.5,25.5,25.5,0.01K,-0.20%,7.432280560000001,1.172,8.71063281632
2018-08-29,25.87,25.87,25.87,25.87,,2.01%,7.5817467700000005,1.1699,8.869885546223
2018-08-30,26.13,26.13,26.13,26.13,,1.01%,7.65794523,1.1646,8.918443014858001
2018-08-31,25.835,26.025,26.025,26.025,0.01K,-1.13%,7.571489285000001,1.1596,8.779898974886
2018-09-04,26.71,26.965,26.965,26.665,0.05K,3.39%,7.827926410000001,1.1566,9.053779685806001
2018-09-05,27.02,27.02,27.02,27.02,,1.16%,7.918778420000001,1.162,9.20162052404
2018-09-06,27.455,27.42,27.42,27.41,0.01K,1.61%,8.046264305,1.1624,9.352977628132
2018-09-07,27.99,28.025,28.025,28.025,0.01K,1.95%,8.20305729,1.1572,9.492577895988001
2018-09-10,29.125,28.59,28.775,28.54,0.03K,4.06%,8.535692875,1.1604,9.90481801215
2018-09-11,28.78,28.27,28.65,28.25,0.02K,-1.18%,8.434583380000001,1.1591,9.776525595758002
2018-09-12,27.495,27.64,28.145,27.46,0.07K,-4.46%,8.057987145,1.1626,9.368215854777
2018-09-13,26.81,27.335,27.375,26.655,0.09K,-2.49%,7.85723351,1.1672,9.170962952872001
2018-09-14,26.93,27.025,27.11,26.785,0.09K,0.45%,7.89240203,1.1656,9.199383806168
2018-09-17,28.075,28.195,28.195,27.815,0.09K,4.25%,8.227968325,1.1687,9.616026581427501
2018-09-18,27.41,27.585,27.585,27.275,0.07K,-2.37%,8.033076110000001,1.1693,9.393075895423001
2018-09-19,28.32,27.735,28.38,27.735,0.03K,3.32%,8.299770720000001,1.1685,9.698282086320003
2018-09-20,28.59,28.83,29.07,28.595,0.10K,0.95%,8.378899890000001,1.1744,9.840180030816002
2018-09-21,28.725,28.105,28.79,28.055,0.09K,0.47%,8.418464475,1.1739,9.8824354472025
2018-09-24,29.245,29.49,29.56,29.3,0.08K,1.81%,8.570861395000001,1.1773,10.090475120333501
2018-09-25,29.23,29.355,29.535,28.815,0.06K,-0.05%,8.566465330000002,1.177,10.082729693410002
2018-09-26,28.26,28.26,28.26,28.26,,-3.32%,8.282186460000002,1.1758,9.738194839668003
2018-09-27,27.575,27.575,27.575,27.575,,-2.42%,8.081432825,1.167,9.431032106775001
2018-09-28,27.33,27.9,27.9,27.445,0.07K,-0.89%,8.00963043,1.1622,9.308792485745998
2018-10-01,27.445,26.735,27.355,26.585,0.07K,0.42%,8.043333595,1.1567,9.3037239693365
2018-10-02,27.255,27.86,27.86,27.425,0.01K,-0.69%,7.987650105,1.156,9.23372352138
2018-10-03,27.115,27.115,27.115,27.115,,-0.51%,7.946620165000001,1.1525,9.158479740162502
2018-10-04,27.47,27.47,27.47,27.47,,1.31%,8.050660370000001,1.1508,9.264699953796
2018-10-05,27.9,27.9,27.9,27.9,,1.57%,8.176680900000001,1.1502,9.40481837118
2018-10-08,27.22,27.22,27.22,27.22,,-2.44%,7.977392620000001,,
2018-10-09,26.835,26.835,26.835,26.835,,-1.41%,7.864560285000001,1.1482,9.030088119237002
2018-10-10,26.22,26.625,26.625,26.625,0.02K,-2.29%,7.68432162,1.1541,8.868475581642
2018-10-11,25.76,25.925,25.925,25.925,0.01K,-1.75%,7.549508960000001,1.1565,8.731007112240002
2018-10-12,26.63,26.63,26.63,26.63,,3.38%,7.804480730000001,1.1559,9.021199275807
2018-10-15,26.625,27.05,27.05,27.05,0.01K,-0.02%,7.803015375000001,1.1594,9.046816025775001
2018-10-16,26.33,26.33,26.33,26.33,0.01K,-1.11%,7.71655943,1.1593,8.945807347199
2018-10-17,25.94,25.625,25.625,25.625,0.00K,-1.48%,7.602261740000001,1.154,8.773010047960002
2018-10-18,26.025,26.025,26.025,26.025,,0.33%,7.627172775,1.1494,8.766672387585
2018-10-19,26.86,26.86,26.86,26.86,,3.21%,7.871887060000001,1.1513,9.062903572178001
2018-10-22,26.115,26.115,26.115,26.115,,-2.77%,7.653549165,1.1467,8.776324827505501
2018-10-23,25.665,25.665,25.665,25.665,,-1.72%,7.521667215000001,1.148,8.63487396282
2018-10-24,25.26,25.26,25.26,25.26,,-1.58%,7.402973460000001,1.1389,8.431246473594001
2018-10-25,24.865,24.865,24.865,24.865,,-1.56%,7.2872104150000006,1.1374,8.288473126021
2018-10-26,24.28,24.28,24.28,24.28,,-2.35%,7.115763880000001,1.1388,8.103431906544001
2018-10-29,24.58,24.58,24.58,24.58,,1.24%,7.20368518,1.139,8.20499742002
2018-10-30,23.875,23.875,23.875,23.875,,-2.87%,6.9970701250000005,1.1364,7.951470490050001
2018-10-31,24.335,24.335,24.335,24.335,,1.93%,7.131882785000001,1.1332,8.081849571962001
2018-11-01,23.65,23.975,23.975,23.975,0.01K,-2.81%,6.93112915,1.1396,7.89871477934
2018-11-02,24.285,23.905,23.97,23.905,0.01K,2.68%,7.117229235000001,1.1378,8.097983423583
2018-11-05,23.81,23.81,23.81,23.81,,-1.96%,6.97802051,1.1394,7.9507565690940005
2018-11-06,23.895,23.625,23.77,23.625,0.02K,0.36%,7.002931545000001,1.1412,7.991745479154001
2018-11-07,24.42,24.33,24.445,24.33,0.02K,2.20%,7.156793820000001,1.1459,8.200970038338001
2018-11-08,24.43,24.63,24.63,24.63,0.01K,0.04%,7.159724530000001,1.1416,8.173541523448002
2018-11-09,24.325,24.76,24.76,24.545,0.02K,-0.43%,7.128952075000001,1.1325,8.0735382249375
2018-11-12,25.955,25.625,25.905,25.625,0.05K,6.70%,7.606657805,,
2018-11-13,26.52,26.235,26.58,26.235,0.09K,2.18%,7.772242920000001,1.1288,8.773307808096002
2018-11-14,26.28,26.26,26.475,26.26,0.03K,-0.90%,7.701905880000001,1.1312,8.712395931456001
2018-11-15,26.675,26.15,26.72,26.15,0.06K,1.50%,7.817668925000001,1.1324,8.852728290670003
2018-11-16,25.955,26.725,26.725,25.65,0.06K,-2.70%,7.606657805,1.1402,8.673111229261002
2018-11-19,24.15,24.31,24.39,24.31,0.01K,-6.95%,7.07766465,1.1448,8.10251049132
2018-11-20,24.35,24.43,24.5,24.265,0.06K,0.83%,7.136278850000001,1.1391,8.128935238035002
2018-11-21,24.5,24.195,24.42,24.195,0.02K,0.62%,7.180239500000001,1.1393,8.180446862350001
2018-11-23,24.82,24.035,25.17,24.035,0.06K,1.31%,7.274022220000001,1.1332,8.242921979704
2018-11-26,24.545,24.27,24.55,24.115,0.04K,-1.11%,7.193427695000001,1.1336,8.154469635052001
2018-11-27,25.16,24.795,24.995,24.79,0.03K,2.51%,7.3736663600000005,1.1281,8.318233020716
2018-11-28,24.3,24.4,24.4,24.4,0.02K,-3.42%,7.121625300000001,1.1286,8.037466313580001
2018-11-29,24.635,24.635,24.635,24.635,,1.38%,7.219804085000001,1.1382,8.217581009547002
2018-11-30,24.69,24.69,24.69,24.69,0.01K,0.22%,7.235922990000001,1.1323,8.193235601577001
2018-12-03,25.085,25.085,25.085,25.085,0.04K,1.60%,7.351686035000001,1.1356,8.348574661346001
2018-12-04,24.415,24.395,24.395,24.375,0.04K,-2.67%,7.155328465,1.1345,8.1177201435425
2018-12-05,23.82,24.11,24.11,24.11,0.09K,-2.44%,6.980951220000001,,
2018-12-06,23.165,23.305,23.395,23.135,0.05K,-2.75%,6.7889897150000005,1.1374,7.721796901841
2018-12-07,23.145,22.84,23.175,22.84,0.06K,-0.09%,6.783128295000001,1.139,7.7259831280050015
2018-12-10,23.25,23.265,23.3,23.265,0.03K,0.45%,6.81390075,1.1368,7.746042372600001
2018-12-11,23.62,23.545,23.63,23.545,0.05K,1.59%,6.9223370200000005,1.1314,7.831932104428001
2018-12-12,23.92,24.05,24.19,24.05,0.03K,1.27%,7.010258320000001,1.1362,7.965055503184002
2018-12-13,24.225,24.375,24.375,24.375,0.02K,1.28%,7.099644975000001,1.1358,8.063776762605
2018-12-14,24.645,24.665,24.79,24.66,0.03K,1.73%,7.222734795000001,1.13,8.16169031835
2018-12-17,24.68,24.65,24.65,24.65,0.03K,0.14%,7.23299228,1.1339,8.201489946292
2018-12-18,23.73,24.035,24.035,23.725,0.07K,-3.85%,6.95457483,1.1364,7.903178836812001
2018-12-19,24.21,24.21,24.21,24.21,0.03K,2.02%,7.0952489100000005,1.1422,8.104193305002001
2018-12-20,24.605,24.605,24.605,24.605,0.05K,1.63%,7.211011955000001,1.1432,8.243628866956001
2018-12-21,24.9,24.65,24.745,24.65,0.06K,1.20%,7.2974679,1.1402,8.32057289958
2018-12-24,24.245,24.735,24.76,24.275,0.06K,-2.63%,7.105506395000001,,
2018-12-26,24.245,24.245,24.245,24.245,,0.00%,7.105506395000001,1.1408,8.105961695416001
2018-12-27,23.32,23.32,23.32,23.32,0.03K,-3.82%,6.834415720000001,1.1412,7.799435219664001
2018-12-28,22.81,22.81,22.81,22.81,,-2.19%,6.68494951,1.1445,7.650924714195001
2018-12-31,21.98,22.26,22.26,22.18,0.01K,-3.64%,6.441700580000001,1.1456,7.379612184448001
2019-01-02,22.475,22.28,22.55,22.145,0.02K,2.25%,6.586770725000001,1.1357,7.480595512382501
2019-01-03,22.255,22.215,22.215,22.115,0.01K,-0.98%,6.522295105,1.1399,7.4347641901895
2019-01-04,22.93,22.845,22.955,22.81,0.04K,3.03%,6.72011803,1.141,7.66765467223
2019-01-07,21.53,21.91,21.91,21.47,0.04K,-6.11%,6.3098186300000005,1.1468,7.236100004884001
2019-01-08,22.09,22.165,22.165,22.165,0.01K,2.60%,6.473938390000001,1.1444,7.4087750935160015
2019-01-09,21.72,22.515,22.515,21.745,0.02K,-1.67%,6.36550212,1.1524,7.335604643088001
2019-01-10,21.675,21.705,21.705,21.705,0.01K,-0.21%,6.352313925000001,1.1517,7.315959947422501
2019-01-11,22.255,22.39,22.39,22.085,0.08K,2.68%,6.522295105,1.1479,7.4869425510295
2019-01-14,21.675,21.91,21.91,21.685,0.05K,-2.61%,6.352313925000001,,
2019-01-15,22.0,22.035,22.035,21.945,0.02K,1.50%,6.4475620000000005,1.1392,7.3450626304
2019-01-16,22.005,22.3,22.3,22.095,0.02K,0.02%,6.449027355,1.1408,7.357050406584
2019-01-17,22.995,22.64,23.135,22.64,0.03K,4.50%,6.739167645000001,1.1386,7.673216280597002
2019-01-18,22.605,22.84,23.015,22.525,0.09K,-1.70%,6.624869955,1.1362,7.527177242871001
2019-01-22,21.815,21.805,21.885,21.605,0.13K,-3.49%,6.393343865000001,1.1359,7.262199296253501
2019-01-23,22.19,22.225,22.3,22.13,0.05K,1.72%,6.503245490000001,1.139,7.407196613110002
2019-01-24,21.28,21.72,21.815,21.36,0.08K,-4.10%,6.236550880000001,1.1322,7.061022906336002
2019-01-25,20.89,20.735,20.895,20.69,0.03K,-1.83%,6.12225319,1.1407,6.983654213833001
2019-01-28,20.55,20.52,20.52,20.5,0.01K,-1.63%,6.022609050000001,1.1438,6.88866023139
2019-01-29,20.585,20.6,20.6,20.6,0.02K,0.17%,6.032866535000001,1.1424,6.891946729584002
2019-01-30,20.18,20.18,20.18,20.18,,-1.97%,5.91417278,1.1418,6.752802480204
2019-01-31,19.85,19.665,19.665,19.665,0.01K,-1.64%,5.817459350000001,1.1454,6.663317939490001
2019-02-01,19.3,19.3,19.3,19.3,,-2.77%,5.656270300000001,1.1474,6.490004542220001
2019-02-04,19.355,19.355,19.355,19.355,,0.28%,5.672389205000001,1.1438,6.488078772679001
2019-02-05,19.14,19.14,19.14,19.14,,-1.11%,5.609378940000001,1.1406,6.3980576189640015
2019-02-06,18.915,19.075,19.15,18.95,0.12K,-1.18%,5.543437965,1.138,6.3084324041699995
2019-02-07,18.91,19.185,19.185,18.86,0.06K,-0.03%,5.54197261,1.1357,6.2940182931769995
2019-02-08,18.265,18.515,18.515,18.265,0.01K,-3.41%,5.352941815,1.1326,6.062741899669001
2019-02-11,18.055,17.825,18.125,17.75,0.42K,-1.15%,5.291396905,1.1277,5.9671082897684995
2019-02-12,17.785,18.0,18.0,17.875,0.07K,-1.50%,5.212267735,1.1316,5.898202168926
2019-02-13,18.02,17.8,17.875,17.8,0.10K,1.32%,5.281139420000001,1.1288,5.9613501772960005
2019-02-14,17.755,18.165,18.165,17.81,0.03K,-1.47%,5.203475605,1.1284,5.8716018726820005
2019-02-15,18.1,18.1,18.1,18.1,,1.94%,5.304585100000001,1.1268,5.97720649068
2019-02-19,17.705,17.75,17.83,17.75,0.01K,-2.18%,5.188822055,1.1328,5.877897623904
2019-02-20,18.145,18.145,18.145,18.145,,2.49%,5.317773295,,
2019-02-21,17.52,17.52,17.52,17.52,,-3.44%,5.13460392,1.1338,5.821613924496
2019-02-22,17.23,17.23,17.23,17.23,,-1.66%,5.049613330000001,1.1342,5.727271438886001
2019-02-25,16.945,17.0,17.0,17.0,0.01K,-1.65%,4.966088095000001,1.1345,5.634026943777501
2019-02-26,17.045,17.045,17.045,17.045,,0.59%,4.995395195000001,1.1374,5.681762494793001
2019-02-27,17.615,17.325,17.635,17.325,0.05K,3.34%,5.162445665,1.137,5.869700721105
2019-02-28,17.815,17.815,17.815,17.815,0.04K,1.14%,5.221059865000001,1.1379,5.941044020383501
2019-03-01,17.32,17.32,17.32,17.32,,-2.78%,5.075989720000001,1.1376,5.7744459054720005
2019-03-04,17.4,17.375,17.5,17.375,0.07K,0.46%,5.0994354,1.1328,5.77664042112
2019-03-05,17.18,17.475,17.475,17.175,0.36K,-1.26%,5.03495978,1.13,5.6895045514
2019-03-06,16.85,17.025,17.05,17.0,0.11K,-1.92%,4.938246350000001,1.132,5.5900948682000005
2019-03-07,16.87,16.95,16.95,16.75,0.15K,0.12%,4.9441077700000005,1.1214,5.544322453278
2019-03-08,16.73,16.85,16.85,16.72,0.39K,-0.83%,4.903077830000001,1.1243,5.512530404269001
2019-03-11,16.625,16.7,16.7,16.59,0.07K,-0.63%,4.872305375000001,1.1226,5.469650013975001
2019-03-12,16.21,16.425,16.525,16.05,0.78K,-2.50%,4.750680910000001,1.1276,5.356867794116001
2019-03-13,15.725,15.725,15.725,15.725,0.01K,-2.99%,4.608541475,1.131,5.212260408225
2019-03-14,15.605,15.825,15.825,15.6,0.19K,-0.76%,4.573372955000001,1.1304,5.1697407883320015
2019-03-15,15.25,15.485,15.485,15.275,0.08K,-2.27%,4.46933275,1.1326,5.06196627265
2019-03-18,14.98,14.9,15.175,14.9,0.97K,-1.77%,4.3902035800000005,1.1337,4.9771737986460005
2019-03-19,15.005,15.2,15.25,14.975,0.13K,0.17%,4.397530355000001,1.1346,4.989437940783001
2019-03-20,15.215,15.075,15.075,15.075,0.02K,1.40%,4.459075265,1.1352,5.061942240828
2019-03-21,14.565,14.92,14.92,14.55,0.09K,-4.27%,4.2685791150000005,1.1361,4.849532732551501
2019-03-22,14.455,14.425,14.455,14.355,0.04K,-0.76%,4.236341305000001,1.1282,4.779440260301001
2019-03-25,14.185,14.185,14.185,14.175,0.02K,-1.87%,4.157212135000001,1.1324,4.707627021674002
2019-03-26,14.385,14.2,14.415,14.2,0.13K,1.41%,4.215826335,1.128,4.75545210588
2019-03-27,14.995,14.5,14.675,14.5,0.09K,4.24%,4.394599645,1.125,4.943924600625
2019-03-28,14.43,14.8,14.875,14.8,0.71K,-3.77%,4.229014530000001,1.1236,4.751720725908
2019-03-29,14.215,14.225,14.225,14.225,0.01K,-1.49%,4.166004265000001,1.1228,4.677589588742001
2019-04-01,13.845,13.845,13.845,13.845,,-2.60%,4.057567995,1.121,4.548533722395001
2019-04-02,13.455,13.455,13.455,13.455,0.01K,-2.82%,3.9432703050000004,1.1186,4.410942163173001
2019-04-03,14.19,13.7,13.7,13.7,0.02K,5.46%,4.1586774900000005,1.1242,4.675185234258001
2019-04-04,14.805,14.6,14.6,14.6,0.02K,4.33%,4.338916155000001,1.1216,4.866528359448
2019-04-05,16.635,16.635,16.635,16.635,0.01K,12.36%,4.875236085000001,1.1217,5.468552316544501
2019-04-08,15.965,16.575,16.95,16.2,0.04K,-4.03%,4.678878515,1.1262,5.269352983593
2019-04-09,16.755,16.755,16.755,16.755,,4.95%,4.910404605,1.1278,5.537954313518999
2019-04-10,15.73,15.73,15.73,15.73,0.01K,-6.12%,4.6100068300000006,1.1266,5.193633694678001
2019-04-11,15.995,15.55,15.9,15.55,0.04K,1.68%,4.687670645,1.1262,5.279254680399
2019-04-12,15.855,15.895,15.9,15.8,0.03K,-0.88%,4.646640705,1.1304,5.252562652932
2019-04-15,15.01,15.64,15.64,15.285,0.03K,-5.33%,4.39899571,1.1304,4.972624750584001
2019-04-16,14.835,14.85,14.85,14.85,0.01K,-1.17%,4.347708285,1.1293,4.9098669662505
2019-04-17,15.195,15.195,15.195,15.195,,2.43%,4.4532138450000005,1.1297,5.0307956806965
2019-04-18,14.46,15.0,15.0,15.0,0.01K,-4.84%,4.23780666,1.1241,4.763718466506001
2019-04-22,14.46,14.46,14.46,14.46,,0.00%,4.23780666,1.1258,4.770922737828
2019-04-23,14.42,14.105,14.5,14.105,0.04K,-0.28%,4.22608382,1.1213,4.738707787366001
2019-04-24,14.265,14.425,14.425,14.425,0.01K,-1.07%,4.180657815000001,1.1192,4.678992226548001
2019-04-25,14.535,14.535,14.535,14.535,,1.89%,4.259786985000001,1.114,4.7454027012900015
2019-04-26,14.425,14.725,14.775,14.675,0.11K,-0.76%,4.227549175000001,1.1154,4.715408349795001
2019-04-29,14.525,14.525,14.525,14.525,,0.69%,4.2568562750000005,1.1166,4.753205716665001
2019-04-30,14.39,14.425,14.425,14.425,0.01K,-0.93%,4.217291690000001,1.1201,4.723788421969001
2019-05-01,14.055,14.1,14.1,14.05,0.03K,-2.33%,4.119112905000001,1.1246,4.632354372963001
2019-05-02,14.365,14.365,14.365,14.365,,2.21%,4.2099649150000005,1.1184,4.708424760936
2019-05-03,14.565,14.565,14.565,14.565,,1.39%,4.2685791150000005,1.1186,4.7748325980390005
2019-05-06,14.335,14.335,14.335,14.335,,-1.58%,4.201172785000001,1.1197,4.7040531673645
2019-05-07,14.155,14.325,14.325,14.125,0.04K,-1.26%,4.148420005,1.1178,4.637103881589
2019-05-08,14.32,14.175,14.35,14.15,0.02K,1.17%,4.196776720000001,1.1206,4.702907992432001
2019-05-09,14.455,14.455,14.455,14.455,,0.94%,4.236341305000001,1.1228,4.756564017254001
2019-05-10,13.995,13.995,13.995,13.995,,-3.18%,4.101528645,1.1241,4.6105283498445
2019-05-13,13.76,13.76,13.76,13.76,,-1.68%,4.032656960000001,1.1232,4.529480297472
2019-05-14,13.785,13.785,13.785,13.785,,0.18%,4.039983735000001,1.1207,4.527609771814501
2019-05-15,13.855,13.855,13.855,13.855,,0.51%,4.0604987050000005,1.1208,4.551006948564001
2019-05-16,13.385,13.385,13.385,13.385,,-3.39%,3.922755335,1.1178,4.384855913462999
2019-05-17,12.855,12.935,12.935,12.935,0.00K,-3.96%,3.7674277050000002,1.1166,4.2067097754030005
2019-05-20,12.905,12.905,12.905,12.905,,0.39%,3.782081255,1.117,4.224584761835
2019-05-21,12.705,12.6,12.6,12.6,0.01K,-1.55%,3.7234670550000004,1.1158,4.154644539969
2019-05-22,12.65,12.885,12.885,12.885,0.01K,-0.43%,3.7073481500000005,1.1156,4.1359175961400005
2019-05-23,12.595,12.595,12.595,12.595,,-0.43%,3.6912292450000006,1.1172,4.123841312514001
2019-05-24,12.25,12.435,12.435,12.415,0.02K,-2.74%,3.5901197500000004,1.1197,4.019857084075
2019-05-28,12.52,12.52,12.52,12.52,,2.20%,3.6692489200000002,1.1177,4.101119517884
2019-05-29,12.225,12.225,12.225,12.225,,-2.36%,3.5827929750000003,1.1136,3.98979825696
2019-05-30,11.475,11.475,11.475,11.475,,-6.13%,3.3629897250000003,1.114,3.7463705536500007
2019-05-31,11.205,11.205,11.205,11.205,0.01K,-2.35%,3.2838605550000004,1.1149,3.6611761327695005
2019-06-03,11.1,11.1,11.1,11.1,,-0.94%,3.2530881000000003,1.1206,3.6454105248600004
2019-06-04,11.91,11.91,11.91,11.91,,7.30%,3.4904756100000003,1.1236,3.921898395396
2019-06-05,11.6,11.6,11.6,11.6,0.01K,-2.60%,3.3996236000000004,1.1242,3.8218568511200006
2019-06-06,11.105,11.32,11.32,11.32,0.06K,-4.27%,3.2545534550000004,1.1294,3.6756926720770005
2019-06-07,11.52,11.245,11.475,11.245,0.05K,3.74%,3.3761779200000004,1.1324,3.8231838766080006
2019-06-10,11.805,11.65,11.65,11.65,0.05K,2.47%,3.459703155,1.1311,3.9132702386205
2019-06-11,11.2,11.48,11.48,11.48,0.02K,-5.12%,3.2823952000000003,1.1316,3.7143584083200003
2019-06-12,11.14,11.205,11.205,11.205,0.01K,-0.54%,3.2648109400000003,1.131,3.69250117314
2019-06-13,11.395,11.52,11.63,11.35,0.04K,2.29%,3.3395440450000002,1.1275,3.7653359107375
2019-06-14,11.32,11.35,11.35,11.35,0.02K,-0.66%,3.3175637200000003,1.1217,3.721311224724
2019-06-17,11.57,11.355,11.355,11.28,0.03K,2.21%,3.39083147,1.1235,3.809599156545
2019-06-18,11.035,11.4,11.4,11.275,0.05K,-4.62%,3.234038485,1.1196,3.620829487806
2019-06-19,10.485,10.485,10.485,10.485,,-4.98%,3.072849435,1.1214,3.445893356409
2019-06-20,10.15,10.15,10.15,10.15,,-3.20%,2.97467065,1.1284,3.3566183614600003
2019-06-21,10.355,9.8,10.295,9.775,0.07K,2.02%,3.0347502050000004,1.1328,3.4377650322240005
2019-06-24,10.2,10.2,10.2,10.2,0.01K,-1.50%,2.9893242,1.1393,3.40573706106
2019-06-25,9.845,9.875,9.875,9.875,0.01K,-3.48%,2.8852839950000004,1.1386,3.2851843567070005
2019-06-26,9.62,9.62,9.62,9.62,,-2.29%,2.81934302,1.139,3.21123169978
2019-06-27,9.375,9.375,9.375,9.375,,-2.55%,2.747540625,1.1372,3.1245031987500003
2019-06-28,10.115,9.75,9.765,9.75,0.04K,7.89%,2.9644131650000003,1.1374,3.371723533871
2019-07-01,10.365,10.57,10.675,10.25,0.17K,2.47%,3.037680915,1.1307,3.4347058105905
2019-07-02,10.225,10.65,10.855,10.25,0.13K,-1.35%,2.996650975,1.1301,3.3865152668475003
2019-07-03,10.295,10.375,10.375,10.175,0.15K,0.68%,3.0171659450000003,1.1275,3.4018546029875
2019-07-05,11.215,10.575,11.245,10.255,0.17K,8.94%,3.286791265,1.1216,3.6864650828239998
2019-07-08,11.88,11.105,12.075,11.105,1.03K,5.93%,3.4816834800000005,1.1208,3.9022708443840006
2019-07-09,11.76,12.225,12.675,11.85,0.92K,-1.01%,3.4465149600000005,1.121,3.8635432701600005
2019-07-10,12.135,11.35,12.125,11.35,0.39K,3.19%,3.5564165850000005,1.126,4.00452507471
2019-07-11,13.13,12.725,12.85,12.3,0.09K,8.20%,3.8480222300000007,1.1261,4.333257833203001
2019-07-12,13.28,12.65,13.15,12.65,0.09K,1.14%,3.89198288,1.1254,4.380037533152
2019-07-15,12.895,13.725,13.725,13.41,0.14K,-2.90%,3.7791505450000002,1.126,4.25532351367
2019-07-16,11.415,12.13,12.13,12.13,0.02K,-11.48%,3.3454054650000002,1.1212,3.750868607358
2019-07-17,10.99,11.0,11.275,10.825,0.09K,-3.72%,3.2208502900000004,1.1232,3.6176590457280002
2019-07-18,10.735,11.075,11.125,10.625,0.94K,-2.32%,3.146117185,1.1228,3.532460375318
2019-07-19,10.815,10.9,10.9,10.9,0.02K,0.75%,3.169562865,1.122,3.5562495345300005
2019-07-22,10.16,10.9,10.95,10.375,0.80K,-6.06%,2.9776013600000004,1.1214,3.339082165104
2019-07-23,10.75,10.125,10.4,10.125,0.27K,5.81%,3.1505132500000004,1.1156,3.5147125817
2019-07-24,10.075,10.375,10.475,10.2,0.26K,-6.28%,2.952690325,1.1141,3.2895922910825
2019-07-25,10.025,10.25,10.275,10.05,0.38K,-0.50%,2.9380367750000005,1.1156,3.2776738261900005
2019-07-26,9.965,10.0,10.125,9.875,0.58K,-0.60%,2.920452515,1.1121,3.2478352419315004
2019-07-29,9.81,10.075,10.15,9.75,0.41K,-1.56%,2.8750265100000005,1.1142,3.2033545374420007
2019-07-30,9.79,9.85,9.9,9.725,0.27K,-0.20%,2.86916509,1.1148,3.198545242332
2019-07-31,11.0,11.0,11.0,11.0,,12.36%,3.2237810000000002,1.113,3.5880682530000003
2019-08-01,12.36,11.675,12.345,11.55,0.39K,12.36%,3.62235756,1.1062,4.007051932872001
2019-08-02,12.015,11.96,12.655,11.96,0.07K,-2.79%,3.5212480650000004,1.1112,3.9128108498280003
2019-08-05,11.465,11.975,12.15,11.375,1.09K,-4.58%,3.360059015,1.1197,3.7622580790954996
2019-08-06,10.95,11.175,11.25,10.875,0.86K,-4.49%,3.20912745,1.1196,3.5929390930199996
2019-08-07,11.41,11.0,11.4,10.9,0.48K,4.20%,3.34394011,1.1236,3.757251107596
2019-08-08,12.075,11.25,12.04,11.2,0.43K,5.83%,3.538832325,1.121,3.967031036325
2019-08-09,12.025,12.05,12.2,11.795,0.13K,-0.41%,3.524178775,1.1222,3.9548334213050005
2019-08-12,11.42,11.95,12.05,11.38,0.26K,-5.03%,3.3468708200000004,1.1212,3.7525115633840005
2019-08-13,11.86,11.45,11.75,11.45,0.29K,3.85%,3.47582206,1.1182,3.8866642274920005
2019-08-14,11.18,11.5,11.6,11.225,0.24K,-5.73%,3.2765337800000003,1.1144,3.6513692444320003
2019-08-15,11.225,11.15,11.25,11.075,0.13K,0.40%,3.289721975,1.1106,3.653565225435
2019-08-16,10.955,11.175,11.35,10.925,0.11K,-2.41%,3.210592805,1.1091,3.5608684800255
2019-08-19,10.785,10.8,11.1,10.76,0.22K,-1.55%,3.1607707350000003,1.1096,3.507191207556
2019-08-20,11.215,11.3,11.305,11.225,0.05K,3.99%,3.286791265,1.1092,3.645708871138
2019-08-21,11.415,11.2,11.7,11.2,0.51K,1.78%,3.3454054650000002,1.1098,3.712730985057
2019-08-22,10.99,11.275,11.375,10.98,0.16K,-3.72%,3.2208502900000004,1.1089,3.5716008865810003
2019-08-23,10.585,10.825,10.825,10.65,0.04K,-3.69%,3.1021565350000007,1.1148,3.458284105218001
2019-08-26,10.315,10.315,10.315,10.315,,-2.55%,3.023027365,1.1112,3.3591880079879997
2019-08-27,10.07,10.15,10.25,10.15,0.08K,-2.38%,2.95122497,1.1094,3.274088981718
2019-08-28,10.235,10.35,10.35,10.225,0.22K,1.64%,2.999581685,1.1084,3.324736339654
2019-08-29,10.715,10.425,10.64,10.425,0.02K,4.69%,3.140255765,1.1059,3.4728088505135
2019-08-30,12.795,12.795,12.795,12.795,0.01K,19.41%,3.749843445,1.0989,4.1207029617105
2019-09-03,12.1,11.95,12.125,11.675,1.00K,-5.43%,3.5461591,1.0968,3.88942730088
2019-09-04,11.96,12.15,12.15,12.1,0.08K,-1.16%,3.5051291600000005,1.1025,3.8644048989000006
2019-09-05,12.235,11.8,12.0,11.8,0.33K,2.30%,3.585723685,1.1038,3.9579218035029995
2019-09-06,12.35,12.175,12.175,12.1,0.25K,0.94%,3.6194268500000004,1.1042,3.9965711277700007
2019-09-09,12.235,12.675,12.675,12.3,0.41K,-0.93%,3.585723685,1.1056,3.9643761061359997
2019-09-10,14.405,12.35,13.8,12.35,0.28K,17.74%,4.2216877550000005,1.1042,4.661587619071001
2019-09-11,14.355,14.05,14.495,14.05,0.05K,-0.35%,4.207034205,1.1001,4.628158328920501
2019-09-12,14.465,14.545,14.545,14.545,0.05K,0.77%,4.239272015,1.1074,4.694569829411
2019-09-13,14.71,15.65,15.65,15.645,0.05K,1.69%,4.311074410000001,1.1074,4.774083801634
2019-09-16,15.335,15.155,15.155,15.155,0.01K,4.25%,4.494243785000001,1.1006,4.946364709771001
2019-09-17,13.44,14.175,14.175,13.525,0.07K,-12.36%,3.93887424,1.1063,4.357576571712
2019-09-18,12.435,12.8,12.8,12.535,0.02K,-7.48%,3.6443378850000006,1.1061,4.031002134598501
2019-09-19,12.255,12.255,12.255,12.255,0.04K,-1.45%,3.5915851050000005,1.1046,3.967264906983001
2019-09-20,12.71,12.575,12.575,12.575,0.05K,3.71%,3.7249324100000005,1.1004,4.098915623964
2019-09-23,12.245,12.245,12.245,12.245,,-3.66%,3.5886543950000003,1.0991,3.9442900455445002
2019-09-24,12.34,12.175,12.6,12.175,0.04K,0.78%,3.61649614,1.0999,3.9777841043860005
2019-09-25,11.95,11.935,12.05,11.935,0.21K,-3.16%,3.5021984500000003,1.0949,3.8345570829050004
2019-09-26,12.045,12.045,12.045,12.045,,0.79%,3.530040195,1.0938,3.8611579652910004
2019-09-27,11.94,11.94,11.94,11.94,,-0.87%,3.49926774,1.0942,3.8288987611080003
2019-09-30,16.39,16.68,16.69,16.68,0.02K,37.27%,4.80343369,1.0905,5.2381444389450005
2019-10-01,16.76,16.25,16.725,16.185,0.20K,2.26%,4.911869960000001,1.0932,5.3696562402720005
2019-10-02,16.005,16.3,16.3,15.925,0.20K,-4.50%,4.690601355,1.0951,5.1366775438605
2019-10-03,16.01,16.0,16.225,15.85,0.31K,0.03%,4.692066710000001,1.0991,5.1570505209610005
2019-10-04,15.77,16.35,16.5,15.75,0.16K,-1.50%,4.621729670000001,1.0974,5.071886139858
2019-10-07,15.505,15.2,15.475,15.2,0.22K,-1.68%,4.544065855,1.0984,4.9912019351320005
2019-10-08,15.64,15.65,15.7,15.425,0.76K,0.87%,4.58363044,1.0949,5.0186169687560005
2019-10-09,15.575,15.3,15.925,15.3,1.26K,-0.42%,4.564580825,1.0978,5.010996829685
2019-10-10,15.85,15.825,15.825,15.475,0.49K,1.77%,4.645175350000001,1.1018,5.1180542006300005
2019-10-11,16.135,16.125,16.15,15.825,0.30K,1.80%,4.728700585000001,1.1039,5.220012575781502
2019-10-14,16.04,15.95,15.95,15.95,0.06K,-0.59%,4.70085884,,
2019-10-15,16.065,16.05,16.05,16.05,0.01K,0.16%,4.7081856150000005,1.1036,5.195953644714
2019-10-16,16.075,16.225,16.245,16.15,0.08K,0.06%,4.711116325,1.1075,5.217561329937499
2019-10-17,16.025,15.825,16.05,15.75,0.39K,-0.31%,4.696462775,1.1129,5.226693422297499
2019-10-18,15.965,16.245,16.245,15.875,0.36K,-0.37%,4.678878515,1.1155,5.2192889834825
2019-10-21,15.61,16.21,16.21,15.65,0.04K,-2.22%,4.5748383100000005,1.1145,5.098657296495001
2019-10-22,15.595,15.75,15.75,15.75,0.03K,-0.10%,4.570442245000001,1.1138,5.090558572481
2019-10-23,15.415,15.3,15.45,15.3,0.11K,-1.15%,4.517689465,1.1118,5.0227671471869995
2019-10-24,15.655,15.15,15.65,15.15,0.29K,1.56%,4.588026505,1.1098,5.091791815249
2019-10-25,15.235,15.55,15.55,15.4,0.21K,-2.68%,4.4649366850000005,1.1081,4.947596340648501
2019-10-28,14.39,14.575,14.65,14.45,0.34K,-5.55%,4.217291690000001,1.1094,4.678663400886
2019-10-29,13.835,14.5,14.5,14.4,0.15K,-3.86%,4.054637285000001,1.1117,4.507540269734501
2019-10-30,13.78,13.625,13.625,13.625,0.06K,-0.40%,4.03851838,1.1123,4.492043994074001
2019-10-31,16.135,16.05,16.175,16.025,0.32K,17.09%,4.728700585000001,1.1155,5.274865502567501
2019-11-01,16.175,16.35,16.35,16.175,0.52K,0.25%,4.740423425,1.1169,5.294578923382501
2019-11-04,16.48,16.3,16.675,16.15,1.05K,1.89%,4.829810080000001,1.1144,5.382340353152001
2019-11-05,16.79,16.75,16.905,16.7,1.08K,1.88%,4.92066209,1.107,5.44717293363
2019-11-06,16.28,16.575,16.575,16.3,0.85K,-3.04%,4.7711958800000005,1.1076,5.284576556688
2019-11-07,16.12,16.225,16.3,16.14,0.64K,-0.98%,4.7243045200000005,1.1045,5.217994342340001
2019-11-08,15.94,16.175,16.2,15.875,0.18K,-1.12%,4.67155174,1.1019,5.147582862306001
2019-11-11,15.845,15.875,15.925,15.825,0.62K,-0.60%,4.643709995000001,,
2019-11-12,15.545,15.6,15.6,15.48,0.39K,-1.89%,4.555788695,1.1017,5.0191124052815
2019-11-13,15.45,15.275,15.475,15.275,0.16K,-0.61%,4.5279469500000005,1.1004,4.982552823780001
2019-11-14,15.67,15.45,15.7,15.45,0.75K,1.42%,4.59242257,1.1016,5.059012703112
2019-11-15,15.715,15.4,15.725,15.4,0.46K,0.29%,4.605610765000001,1.1046,5.087357651019001
2019-11-18,15.23,15.375,15.4,15.175,0.44K,-3.09%,4.463471330000001,1.1079,4.945079886507002
2019-11-19,15.29,15.15,15.4,15.15,0.32K,0.39%,4.48105559,1.1075,4.962769065925
2019-11-20,15.59,15.3,15.525,15.25,0.11K,1.96%,4.56897689,1.1063,5.054659133407
2019-11-21,15.625,15.675,15.8,15.65,0.46K,0.22%,4.579234375,1.1067,5.067838682812501
2019-11-22,16.05,16.0,16.15,15.95,0.35K,2.72%,4.703789550000001,1.1029,5.187809494695001
2019-11-25,16.235,16.475,16.475,16.275,0.09K,1.15%,4.758007685,1.1009,5.2380906604165
2019-11-26,15.85,16.0,16.045,15.855,0.07K,-2.37%,4.645175350000001,1.1012,5.11526709542
2019-11-27,15.98,15.95,16.1,15.875,0.22K,0.82%,4.683274580000001,1.1002,5.152538692916001
2019-11-29,16.33,16.33,16.33,16.33,,2.19%,4.78584943,1.1019,5.273527486917001
2019-12-02,15.81,15.955,16.0,15.8,0.17K,-3.18%,4.633452510000001,1.1075,5.131548654825
2019-12-03,15.77,15.675,15.835,15.675,0.35K,-0.25%,4.621729670000001,1.1089,5.125036031063001
2019-12-04,15.88,15.6,15.9,15.6,0.56K,0.70%,4.65396748,1.1076,5.154734380848
2019-12-05,15.415,15.6,15.675,15.575,0.37K,-2.93%,4.517689465,1.1104,5.016442381936001
2019-12-06,15.14,15.175,15.275,15.1,0.39K,-1.78%,4.437094940000001,1.1052,4.903877327688001
2019-12-09,14.89,14.775,14.95,14.74,0.33K,-1.65%,4.36382719,1.1067,4.829447551173001
2019-12-10,14.53,14.37,14.5,14.31,0.20K,-2.42%,4.25832163,1.109,4.72247868767
2019-12-11,14.045,14.17,14.17,14.015,0.18K,-3.34%,4.116182195,1.1092,4.565669290694
2019-12-12,14.77,14.15,14.75,14.15,0.51K,5.16%,4.32865867,1.1115,4.811304111705
2019-12-13,13.805,14.23,14.32,13.8,0.31K,-6.53%,4.045845155,1.1128,4.502216488484001
2019-12-16,13.89,13.95,13.95,13.94,0.14K,0.62%,4.070756190000001,1.1139,4.534415320041001
2019-12-17,14.46,14.47,14.5,14.46,0.19K,4.10%,4.23780666,1.1148,4.724306864568001
2019-12-18,14.95,14.35,15.01,14.35,1.03K,3.39%,4.38141145,1.1113,4.869062544385
2019-12-19,15.005,14.4,14.975,14.4,0.45K,0.37%,4.397530355000001,1.1128,4.8935717790440005
2019-12-20,14.235,14.075,14.215,14.025,0.09K,-5.13%,4.171865685,1.1076,4.620758432706
2019-12-23,13.025,13.21,13.21,13.065,0.06K,-8.50%,3.8172497750000005,1.1091,4.2337117254525
2019-12-24,12.605,12.61,12.61,12.61,0.02K,-3.22%,3.6941599550000004,1.1084,4.094606894122
2019-12-26,12.605,12.605,12.605,12.605,,0.00%,3.6941599550000004,1.1102,4.101256382041001
2019-12-27,12.765,12.765,12.765,12.765,,1.27%,3.7410513150000004,1.1174,4.180250739381
2019-12-30,12.295,12.295,12.295,12.295,,-3.68%,3.6033079450000005,1.1217,4.0418305219065
2019-12-31,12.05,12.05,12.05,12.05,,-1.99%,3.5315055500000003,1.1227,3.9648212809850003
2020-01-02,12.075,12.435,12.46,12.135,0.44K,0.21%,3.538832325,1.1166,3.951460174095
2020-01-03,12.985,12.405,12.75,12.405,0.25K,7.54%,3.805526935,1.1173,4.2519152444755
2020-01-06,12.28,12.695,12.7,12.695,0.03K,-5.43%,3.59891188,1.1187,4.0261027201560005
2020-01-07,11.93,11.95,12.15,11.865,0.52K,-2.85%,3.4963370300000003,1.1138,3.894220184014
2020-01-08,11.965,11.835,12.05,11.825,0.64K,0.29%,3.506594515,1.1117,3.8982811223255
2020-01-09,12.18,11.925,12.25,11.925,1.14K,1.80%,3.56960478,1.1106,3.964403068668
2020-01-10,11.94,12.2,12.225,11.95,1.15K,-1.97%,3.49926774,1.1119,3.8908358001060006
2020-01-13,12.055,12.15,12.15,12.075,0.40K,0.96%,3.5329709050000004,1.1138,3.935022993989
2020-01-14,11.305,12.025,12.025,11.69,0.07K,-6.22%,3.313167655,1.113,3.687555600015
2020-01-15,11.18,11.275,11.3,11.2,0.12K,-1.11%,3.2765337800000003,1.116,3.656611698480001
2020-01-16,11.115,11.425,11.425,11.015,0.19K,-0.58%,3.257484165,1.1131,3.6259056240615
2020-01-17,10.93,11.05,11.05,10.94,0.15K,-1.66%,3.20326603,1.1093,3.553383007079
2020-01-21,10.775,10.665,10.945,10.6,0.28K,-1.42%,3.1578400250000005,1.1096,3.5039392917400005
2020-01-22,10.455,10.66,10.66,10.37,0.49K,-2.97%,3.0640573050000004,1.1085,3.3965075225925005
2020-01-23,10.43,10.375,10.45,10.23,0.26K,-0.24%,3.0567305300000003,1.1041,3.3749361781730007
2020-01-24,10.455,10.63,10.63,10.485,0.15K,0.24%,3.0640573050000004,1.1026,3.3784295844930003
2020-01-27,10.525,10.505,10.585,10.475,0.11K,0.67%,3.084572275,1.1019,3.3988901898225006
2020-01-28,10.79,10.8,10.8,10.75,0.05K,2.52%,3.16223609,1.1008,3.480989487872
2020-01-29,10.15,10.675,10.675,10.335,0.10K,-5.93%,2.97467065,1.1004,3.2733275832600004
2020-01-30,9.78,10.0,10.0,10.0,0.17K,-3.65%,2.86623438,1.1032,3.1620297680159997
2020-01-31,9.755,9.975,10.01,9.93,0.02K,-0.26%,2.8589076050000006,1.1082,3.168241407861001
2020-02-03,9.21,9.6,9.6,9.19,0.17K,-5.59%,2.6991839100000004,1.1062,2.9858372412420007
2020-02-04,9.365,9.285,9.385,9.1,0.34K,1.68%,2.7446099150000003,1.1043,3.0308727291345003
2020-02-05,9.315,9.435,9.435,9.28,0.09K,-0.53%,2.729956365,1.1006,3.004589975319
2020-02-06,9.15,8.925,9.195,8.925,0.20K,-1.77%,2.6815996500000003,1.0979,2.944128255735001
2020-02-07,9.07,9.22,9.22,8.985,0.06K,-0.87%,2.6581539700000003,1.095,2.9106785971500004
2020-02-10,8.645,8.775,8.775,8.575,0.14K,-4.69%,2.533598795,1.0916,2.7656764446219997
2020-02-11,8.555,8.5,8.65,8.5,0.14K,-1.04%,2.5072224050000003,1.0917,2.7371346995385
2020-02-12,8.72,8.575,8.765,8.575,0.07K,1.93%,2.5555791200000004,1.0893,2.7837923354160004
2020-02-13,8.89,8.575,8.8,8.575,0.18K,1.95%,2.6054011900000003,1.0848,2.8263392109120002
2020-02-14,8.88,8.925,8.925,8.925,0.02K,-0.11%,2.6024704800000005,1.0839,2.8208177532720007
2020-02-18,9.38,9.2,9.49,9.2,0.21K,5.63%,2.7490059800000006,1.0815,2.9730499673700006
2020-02-19,9.57,9.225,9.545,9.225,0.12K,2.03%,2.8046894700000005,1.0794,3.027381813918
2020-02-20,9.565,9.575,9.575,9.375,0.19K,-0.05%,2.803224115,1.0797,3.0266410769655003
2020-02-21,9.41,9.3,9.51,9.3,0.07K,-1.62%,2.7577981100000004,1.0855,2.993589848405
2020-02-24,9.045,9.21,9.21,9.125,0.26K,-3.88%,2.650827195,1.0857,2.8780030856115006
2020-02-25,9.005,9.0,9.0,8.925,0.70K,-0.44%,2.6391043550000006,1.0868,2.868178613014001
2020-02-26,9.07,8.875,9.075,8.8,0.35K,0.72%,2.6581539700000003,1.0887,2.8939322271390004
2020-02-27,8.87,8.87,8.87,8.87,,-2.21%,2.59953977,1.0977,2.8535148055289996
2020-02-28,8.875,8.65,8.95,8.65,0.17K,0.06%,2.6010051250000004,1.1001,2.8613657380125006
2020-03-02,8.885,9.0,9.05,8.795,1.62K,0.11%,2.603935835,1.1164,2.907033966194
2020-03-03,9.17,9.02,9.21,9.02,0.45K,3.21%,2.6874610700000003,1.1175,3.0032377457250004
2020-03-04,8.91,8.975,9.055,8.825,2.14K,-2.84%,2.6112626100000003,1.113,2.9063352849300004
2020-03-05,8.85,8.9,8.9,8.825,0.91K,-0.67%,2.5936783500000002,1.1202,2.9054384876700006
2020-03-06,8.645,8.775,8.775,8.56,0.44K,-2.32%,2.533598795,1.1319,2.8677804760604997
2020-03-09,8.625,8.275,8.625,8.275,0.41K,-0.23%,2.527737375,1.142,2.8866760822499997
2020-03-10,8.995,8.875,9.05,8.84,0.68K,4.29%,2.636173645,1.1342,2.9899481481590002
2020-03-11,9.37,8.975,9.38,8.975,0.29K,4.17%,2.74607527,1.128,3.09757290456
2020-03-12,9.325,9.1,9.39,9.1,0.44K,-0.48%,2.732887075,1.1081,3.0283121678075
2020-03-13,9.285,9.36,9.635,9.255,0.35K,-0.43%,2.7211642350000003,1.1066,3.0112403424510004
2020-03-16,8.74,8.7,8.77,8.645,0.62K,-5.87%,2.5614405400000004,1.1139,2.8531886175060004
2020-03-17,8.47,8.775,8.775,8.425,0.74K,-3.09%,2.4823113700000006,1.0971,2.7233438040270004
2020-03-18,8.265,8.3,8.32,8.165,0.93K,-2.42%,2.4222318150000004,1.0833,2.6240037251895
2020-03-19,8.545,8.425,8.55,8.365,0.37K,3.39%,2.504291695,1.0699,2.6793416844805003
2020-03-20,8.295,8.295,8.295,8.295,0.08K,-2.93%,2.431023945,1.0682,2.5968197780490003
2020-03-23,7.85,8.02,8.02,7.935,0.15K,-5.36%,2.30060735,1.076,2.4754535086000002
2020-03-24,7.91,8.05,8.1,7.86,0.19K,0.76%,2.3181916100000004,1.0794,2.502256023834
2020-03-25,7.745,7.765,7.765,7.765,0.06K,-2.09%,2.2698348950000002,1.0835,2.4593661087325
2020-03-26,7.575,7.58,7.605,7.58,0.61K,-2.19%,2.2200128250000004,1.1025,2.4475641395625005
2020-03-27,7.22,7.25,7.335,7.17,1.00K,-4.69%,2.11597262,1.1059,2.3400541204580003
2020-03-30,6.895,6.895,6.895,6.895,0.18K,-4.50%,2.020724545,1.1018,2.226434303681
2020-03-31,6.9,7.1,7.175,7.1,0.09K,0.07%,2.0221899000000003,1.1016,2.2276443938400003
2020-04-01,6.825,6.725,6.85,6.725,1.02K,-1.09%,2.0002095750000004,1.0934,2.1870291493050003
2020-04-02,6.935,7.275,7.275,6.86,0.41K,1.61%,2.032447385,1.0862,2.2076443495870004
2020-04-03,6.92,6.825,7.025,6.775,0.44K,-0.22%,2.0280513200000003,1.0797,2.1896870102040005
2020-04-06,7.285,6.8,7.4,6.8,0.09K,5.27%,2.135022235,1.0808,2.307532031588
2020-04-07,7.285,7.4,7.5,7.3,0.16K,0.00%,2.135022235,1.0886,2.324185205021
2020-04-08,7.26,7.3,7.4,7.26,0.49K,-0.34%,2.12769546,1.0864,2.311528347744
2020-04-09,7.28,7.475,7.525,7.235,0.21K,0.28%,2.1335568800000004,1.0931,2.3321910255280005
2020-04-13,7.28,7.28,7.28,7.28,,0.00%,2.1335568800000004,1.0906,2.3268571333280006
2020-04-14,6.875,7.175,7.175,6.865,0.18K,-5.56%,2.014863125,1.0971,2.2105063344375
2020-04-15,6.65,6.825,6.85,6.745,0.36K,-3.27%,1.9489221500000002,1.0909,2.1260791734350004
2020-04-16,6.905,6.98,6.98,6.925,0.04K,3.83%,2.0236552550000004,1.084,2.1936422964200006
2020-04-17,6.995,7.18,7.18,6.96,0.44K,1.30%,2.0500316450000002,1.0883,2.2310494392535003
2020-04-20,6.62,6.735,6.735,6.735,0.02K,-5.36%,1.9401300200000002,1.0874,2.109697383748
2020-04-21,6.315,6.6,6.6,6.305,0.25K,-4.61%,1.8507433650000003,1.0854,2.008796848371
2020-04-22,6.225,6.125,6.49,6.125,0.30K,-1.43%,1.824366975,1.0829,1.9756069972274999
2020-04-23,6.055,6.15,6.15,6.04,0.11K,-2.73%,1.7745449050000002,1.0815,1.9191703147575
2020-04-24,5.77,5.83,5.85,5.8,0.69K,-4.71%,1.69101967,1.0798,1.825963039666
2020-04-27,5.94,5.825,6.0,5.825,0.11K,2.95%,1.7408417400000002,1.0829,1.8851575202460003
2020-04-28,6.145,5.975,6.2,5.975,0.09K,3.45%,1.800921295,1.0836,1.9514783152619999
2020-04-29,6.015,6.015,6.015,6.015,,-2.12%,1.7628220650000002,1.0853,1.9131907871445
2020-04-30,6.22,6.325,6.33,6.2,0.06K,3.41%,1.8229016200000001,1.0934,1.993160631308
2020-05-01,5.845,6.2,6.2,5.735,1.08K,-6.03%,1.712999995,1.0998,1.8839573945010004
2020-05-04,5.74,5.9,5.9,5.705,0.72K,-1.80%,1.6822275400000002,1.0911,1.8354784688940002
2020-05-05,5.675,5.85,5.9,5.635,0.43K,-1.13%,1.663177925,1.0844,1.8035501418700002
2020-05-06,5.765,5.74,5.8,5.73,0.24K,1.59%,1.689554315,1.0806,1.8257323927890001
2020-05-07,5.845,5.84,5.97,5.8,0.48K,1.39%,1.712999995,1.0815,1.8526094945925
2020-05-08,5.83,5.83,5.83,5.83,,-0.26%,1.7086039300000002,1.0854,1.854518705622
2020-05-11,5.705,5.7,5.8,5.66,0.25K,-2.14%,1.671970055,1.0818,1.8087372054990003
2020-05-12,5.315,5.575,5.625,5.28,0.27K,-6.84%,1.5576723650000002,1.0864,1.6922552573360001
2020-05-13,5.12,5.375,5.375,5.1,0.09K,-3.67%,1.5005235200000002,1.0837,1.6261173386240004
2020-05-14,5.265,5.175,5.285,5.175,0.23K,2.83%,1.543018815,1.08,1.6664603202000001
2020-05-15,5.22,5.4,5.425,5.175,0.36K,-0.85%,1.52983062,1.0816,1.6546647985919998
2020-05-18,4.92,5.28,5.385,4.875,0.15K,-5.75%,1.4419093200000002,1.0904,1.5722579225280002
2020-05-19,4.61,4.775,4.825,4.61,0.14K,-6.30%,1.3510573100000003,1.0937,1.4776513799470001
2020-05-20,4.46,4.75,4.76,4.42,0.08K,-3.25%,1.30709666,1.098,1.4351921326800001
2020-05-21,3.825,3.965,4.0,3.79,0.03K,-14.24%,1.1209965750000002,1.0953,1.2278275485975
2020-05-22,3.89,3.75,4.06,3.65,0.22K,1.70%,1.14004619,1.0894,1.241966319386
2020-05-26,4.125,4.35,4.91,4.25,0.41K,6.04%,1.208917875,1.097,1.326182908875
2020-05-27,3.695,3.8,3.98,3.625,0.17K,-10.42%,1.0828973450000001,1.0969,1.1878300977305
2020-05-28,3.51,3.7,3.85,3.5,1.57K,-5.01%,1.02867921,1.1069,1.138645017549
2020-05-29,4.385,4.425,4.5,4.4,0.05K,24.93%,1.285116335,1.1107,1.4273787132845002
2020-06-01,4.055,4.1,4.25,3.95,0.74K,-7.53%,1.188402905,1.1123,1.3218605512315
2020-06-02,4.85,4.37,4.95,4.35,0.88K,19.61%,1.42139435,1.1166,1.5871289312099999
2020-06-03,5.33,5.15,5.54,4.94,0.45K,9.90%,1.56206843,1.1246,1.756702156378
2020-06-04,5.39,4.975,5.4,4.975,0.52K,1.13%,1.57965269,1.1322,1.7884827756180002
2020-06-05,5.71,5.35,5.85,5.125,0.33K,5.94%,1.6734354100000002,1.1297,1.890479982677
2020-06-08,5.25,5.6,5.775,5.255,0.28K,-8.06%,1.53862275,1.1293,1.737566671575
2020-06-09,4.805,5.275,5.275,4.775,0.19K,-8.48%,1.408206155,1.1348,1.5980323446940001
2020-06-10,4.8,4.7,4.85,4.625,0.59K,-0.10%,1.4067408000000001,1.1355,1.5973541784
2020-06-11,4.99,4.775,5.03,4.775,0.38K,3.96%,1.4624242900000002,1.1378,1.6639463571620001
2020-06-12,5.275,5.15,5.44,5.15,0.51K,5.71%,1.5459495250000002,1.1253,1.7396570004825
2020-06-15,5.515,5.45,5.575,5.4,0.34K,4.55%,1.616286565,1.127,1.821554958755
2020-06-16,5.26,5.55,5.55,5.175,0.43K,-4.62%,1.54155346,1.1259,1.735635040614
2020-06-17,5.21,5.2,5.275,4.995,0.66K,-0.95%,1.52689991,1.1219,1.713029009029
2020-06-18,5.45,5.425,5.525,5.325,0.67K,4.61%,1.59723695,1.1216,1.79146096312
2020-06-19,5.615,5.55,5.675,5.55,0.30K,3.03%,1.6455936650000003,1.1189,1.8412547517685003
2020-06-22,5.495,5.45,5.525,5.39,0.41K,-2.14%,1.6104251450000002,1.126,1.81333871327
2020-06-23,5.83,5.7,5.85,5.7,0.57K,6.10%,1.7086039300000002,1.1322,1.9344813695460004
2020-06-24,5.665,5.825,5.845,5.68,0.30K,-2.83%,1.660247215,1.1272,1.871430660748
2020-06-25,5.255,5.425,5.435,5.285,0.05K,-7.24%,1.5400881050000002,1.1221,1.7281328626205004
2020-06-26,5.105,5.065,5.23,5.045,0.21K,-2.85%,1.4961274550000003,1.1215,1.6779069407825002
2020-06-29,5.84,5.4,5.87,5.4,0.51K,14.40%,1.7115346400000002,1.1237,1.923251474968
2020-06-30,6.165,6.105,6.455,6.025,0.26K,5.57%,1.8067827150000002,1.1237,2.0302817368455
2020-07-01,5.865,5.95,6.185,5.8,0.71K,-4.87%,1.7188614150000001,1.1259,1.9352660671485
2020-07-02,5.945,5.765,5.95,5.71,0.66K,1.36%,1.7423070950000001,1.1237,1.9578304826515
2020-07-06,6.095,6.145,6.15,6.075,0.14K,2.52%,1.7862677450000002,1.1307,2.0197329392715004
2020-07-07,6.125,6.13,6.315,6.13,0.06K,0.49%,1.7950598750000002,1.1299,2.0282381527625
2020-07-08,5.935,6.09,6.19,5.86,0.13K,-3.10%,1.7393763850000001,1.1329,1.9705395065665001
2020-07-09,5.755,5.855,5.875,5.76,0.09K,-3.03%,1.686623605,1.1298,1.905547348929
2020-07-10,5.475,5.57,5.585,5.425,0.11K,-4.87%,1.604563725,1.1318,1.8160452239549998
2020-07-13,5.11,5.52,5.55,5.09,0.71K,-6.67%,1.4975928100000002,1.1364,1.7018644692840004
2020-07-14,5.085,5.16,5.18,4.99,1.22K,-0.49%,1.490266035,1.1406,1.6997974395210003
2020-07-15,5.225,5.35,5.395,5.225,0.12K,2.75%,1.531295975,1.1406,1.746596189085
2020-07-16,5.06,5.09,5.11,5.0,0.16K,-3.16%,1.48293926,1.1433,1.695444455958
2020-07-17,5.115,5.16,5.165,5.065,0.61K,1.09%,1.499058165,1.1438,1.714622729127
2020-07-20,4.73,4.95,4.98,4.71,0.25K,-7.53%,1.3862258300000003,1.1442,1.5861195946860005
2020-07-21,4.79,4.9,4.975,4.765,0.52K,1.27%,1.4038100900000001,1.1495,1.6136796984550001
2020-07-22,4.83,4.82,4.915,4.725,0.29K,0.84%,1.4155329300000001,1.1587,1.6401780059910003
2020-07-23,4.985,4.925,5.125,4.925,0.22K,3.21%,1.4609589350000003,1.1623,1.6980725701505004
2020-07-24,5.01,5.025,5.04,4.895,0.13K,0.50%,1.46828571,1.1635,1.708350423585
2020-07-27,4.785,4.95,5.01,4.875,0.22K,-4.49%,1.4023447350000002,1.175,1.6477550636250002
2020-07-28,4.96,4.775,4.975,4.775,0.18K,3.66%,1.4536321600000002,1.1733,1.7055466133280002
2020-07-29,5.175,5.15,5.22,5.055,1.08K,4.33%,1.5166424250000001,1.177,1.7850881342250002
2020-07-30,5.225,5.19,5.43,5.13,0.17K,0.97%,1.531295975,1.1791,1.8055510841225
2020-07-31,6.025,6.0,6.0,6.0,0.03K,15.31%,1.7657527750000002,1.1822,2.087472930605
2020-08-03,6.8,6.33,7.0,6.33,0.26K,12.86%,1.9928828,1.175,2.34163729
2020-08-04,7.355,7.185,7.425,7.13,0.57K,8.16%,2.1555372050000003,1.1766,2.5362050754030006
2020-08-05,7.32,7.37,7.405,7.28,0.23K,-0.48%,2.1452797200000004,1.1898,2.5524538108560004
2020-08-06,7.94,7.75,7.95,7.75,0.05K,8.47%,2.32698374,1.1856,2.7588719221440003
2020-08-07,7.93,7.55,8.3,7.55,0.11K,-0.13%,2.32405303,1.1776,2.736804848128
2020-08-10,7.59,8.28,8.28,7.95,0.07K,-4.29%,2.2244088900000003,1.1756,2.6150150910840004
2020-08-11,7.415,7.495,7.935,7.415,0.21K,-2.31%,2.1731214650000004,1.1764,2.556460091426
2020-08-12,7.17,7.175,7.175,7.0,0.20K,-3.30%,2.10131907,1.1796,2.4787159749720002
2020-08-13,7.31,7.4,7.48,7.285,0.14K,1.95%,2.14234901,1.1818,2.5318280600180003
2020-08-14,8.02,7.45,8.15,7.38,0.33K,9.71%,2.35042942,1.1833,2.7812631326860004
2020-08-17,8.18,8.26,8.51,8.15,0.10K,2.00%,2.3973207800000003,1.1869,2.8453800337820003
2020-08-18,8.55,8.225,8.72,8.225,0.15K,4.52%,2.5057570500000006,1.1928,2.9888670092400007
2020-08-19,8.355,8.815,8.85,8.23,0.05K,-2.28%,2.448608205,1.1898,2.9133540423090003
2020-08-20,8.15,8.325,8.375,8.225,0.58K,-2.45%,2.3885286500000005,1.1862,2.8332726846300003
2020-08-21,7.62,7.975,7.975,7.47,0.10K,-6.50%,2.23320102,1.1775,2.62959420105
2020-08-24,8.36,8.125,8.365,8.05,0.44K,9.71%,2.45007356,1.1803,2.8918218228679997
2020-08-25,8.865,8.36,8.89,8.36,0.11K,6.04%,2.598074415,1.1818,3.070404343647
2020-08-26,9.15,9.34,9.34,9.285,0.04K,3.21%,2.6815996500000003,1.1813,3.1677736665450005
2020-08-27,8.87,9.25,9.275,8.9,1.24K,-3.06%,2.59953977,1.1824,3.0736958240479995
2020-08-28,11.17,11.125,11.175,11.125,0.02K,25.93%,3.27360307,1.1901,3.895915013607
2020-08-31,11.24,11.24,11.24,11.24,,0.63%,3.2941180400000003,1.195,3.9364710578000004
2020-09-01,11.295,11.2,11.835,11.2,0.38K,0.49%,3.310236945,1.1949,3.9554021255805005
2020-09-02,11.11,11.4,11.4,10.995,0.12K,-1.64%,3.25601881,1.184,3.85512627104
2020-09-03,11.735,11.515,11.8,11.5,0.37K,5.63%,3.4391881850000003,1.1832,4.069247460492001
2020-09-04,11.68,12.105,12.105,11.85,0.06K,-0.47%,3.4230692800000004,1.182,4.046067888960001
2020-09-08,10.8,11.4,11.4,10.79,0.44K,-7.53%,3.1651668000000006,1.1789,3.731415140520001
2020-09-09,10.735,10.6,10.95,10.6,0.25K,-0.60%,3.146117185,1.181,3.7155643954850004
2020-09-10,10.515,10.85,10.87,10.465,0.43K,-2.05%,3.0816415650000004,1.188,3.66099017922
2020-09-11,10.495,10.4,10.435,10.37,0.11K,-0.19%,3.075780145,1.1831,3.6389554895495
2020-09-14,10.705,10.725,10.8,10.65,0.15K,2.00%,3.1373250550000003,1.1874,3.7252597703070003
2020-09-15,10.895,10.85,10.87,10.815,0.05K,1.77%,3.193008545,1.1846,3.7824379224070004
2020-09-16,11.32,11.2,11.445,11.2,0.10K,3.90%,3.3175637200000003,1.1835,3.9263366626200003
2020-09-17,11.12,11.515,11.515,11.13,0.12K,-1.77%,3.2589495200000003,1.1823,3.853056017496
2020-09-18,11.475,11.105,11.38,11.105,0.05K,3.19%,3.3629897250000003,1.1857,3.9874969169325003
2020-09-21,11.495,11.5,11.51,11.425,0.08K,0.17%,3.3688511450000003,1.1737,3.9540205888865003
2020-09-22,11.705,11.33,11.795,11.26,0.13K,1.83%,3.430396055,1.1703,4.0145925031665
2020-09-23,12.02,11.77,12.04,11.77,0.19K,2.69%,3.52271342,1.1677,4.113472460534
2020-09-24,11.635,11.95,11.95,11.66,0.18K,-3.20%,3.4098810850000003,1.1666,3.9779672737610006
2020-09-25,11.665,11.5,11.695,11.4,0.35K,0.26%,3.418673215,1.1618,3.971814541187
2020-09-28,12.35,12.06,12.06,11.95,0.08K,5.87%,3.6194268500000004,1.166,4.2202517071
2020-09-29,12.28,12.4,12.64,12.265,0.25K,-0.57%,3.59891188,1.1717,4.216845049796
2020-09-30,13.285,13.31,13.31,13.16,0.04K,8.18%,3.8934482350000006,1.1723,4.564289365890501
2020-10-01,13.18,13.35,13.405,13.11,0.51K,-0.79%,3.8626757800000004,1.1752,4.539416576656
2020-10-02,13.025,12.875,13.13,12.815,0.57K,-1.18%,3.8172497750000005,1.1706,4.468472586615001
2020-10-05,13.42,13.385,13.44,13.25,0.15K,3.03%,3.9330128200000005,1.1784,4.634662307088
2020-10-06,13.305,13.225,13.365,13.225,0.09K,-0.86%,3.899309655,1.1778,4.592606911659
2020-10-07,13.71,13.425,13.69,13.425,0.03K,3.04%,4.01800341,1.1766,4.727582812206001
2020-10-08,13.9,13.75,14.05,13.75,0.05K,1.39%,4.0736869,1.1753,4.78780421357
2020-10-09,13.755,13.73,13.87,13.705,0.06K,-1.04%,4.031191605000001,1.1819,4.764465357949501
2020-10-12,13.84,13.61,13.61,13.61,0.02K,0.62%,4.056102640000001,,
2020-10-13,13.595,13.69,13.7,13.49,0.35K,-1.77%,3.9843002450000005,1.1737,4.676373197556501
2020-10-14,13.87,13.74,13.945,13.74,0.07K,2.02%,4.06489477,1.1755,4.778283802135
2020-10-15,14.24,14.175,14.175,13.9,0.56K,2.67%,4.173331040000001,1.1701,4.883214649904001
2020-10-16,14.5,14.525,14.65,14.425,0.07K,1.83%,4.2495295,1.1717,4.97917371515
2020-10-19,14.72,14.65,14.75,14.65,0.07K,1.52%,4.314005120000001,1.1788,5.085349235456001
2020-10-20,14.895,14.56,14.98,14.56,1.82K,1.19%,4.365292545,1.1824,5.161521905208
2020-10-21,14.865,14.81,14.95,14.81,0.74K,-0.20%,4.356500415,1.187,5.171165992605
2020-10-22,15.255,14.825,15.34,14.8,0.37K,2.62%,4.470798105000001,1.1824,5.286271679352001
2020-10-23,15.41,15.245,15.65,15.245,0.21K,1.02%,4.5162241100000005,1.1844,5.349015835884
2020-10-26,14.865,15.15,15.39,15.15,0.14K,-3.54%,4.356500415,1.1816,5.147640890364
2020-10-27,14.745,14.7,14.85,14.375,0.26K,-0.81%,4.321331895,1.1834,5.113864164543
2020-10-28,14.485,14.525,14.65,14.4,0.64K,-1.76%,4.2451334350000005,1.1751,4.988456299468501
2020-10-29,14.215,14.4,14.4,14.125,0.65K,-1.86%,4.166004265000001,1.1658,4.856727772137001
2020-10-30,14.06,14.335,14.385,13.925,0.24K,-1.09%,4.12057826,1.1647,4.799237499422
2020-11-02,13.655,13.515,13.705,13.515,0.11K,-2.88%,4.0018845050000005,1.1634,4.655792433117001
2020-11-03,13.665,13.73,13.925,13.585,0.13K,0.07%,4.004815215,1.1724,4.695245358066
2020-11-04,13.885,13.725,14.105,13.575,0.36K,1.61%,4.069290835,1.173,4.773278149455001
2020-11-05,14.455,14.3,14.5,14.3,0.47K,4.11%,4.236341305000001,1.1809,5.002695447074501
2020-11-06,13.9,14.115,14.15,13.885,0.78K,-3.84%,4.0736869,1.1886,4.84198424934
2020-11-09,13.855,13.775,14.13,13.55,0.55K,-0.32%,4.0604987050000005,1.1811,4.795855020475501
2020-11-10,14.035,13.8,14.15,13.7,0.91K,1.30%,4.113251485,1.181,4.857750003785
2020-11-11,14.095,14.05,14.35,14.05,0.29K,0.43%,4.130835745000001,,
2020-11-12,14.0,14.05,14.15,13.95,0.29K,-0.67%,4.102994000000001,1.1814,4.8472771116
2020-11-13,14.24,14.2,14.325,14.175,0.28K,1.71%,4.173331040000001,1.1824,4.934546621696001
2020-11-16,14.495,14.425,14.6,14.42,0.29K,1.79%,4.248064145,1.1844,5.031407173338
2020-11-17,13.97,14.35,14.35,13.85,0.16K,-3.62%,4.094201870000001,1.1862,4.8565422581940005
2020-11-18,13.68,13.85,13.95,13.59,0.22K,-2.08%,4.009211280000001,1.1869,4.758532868232001
2020-11-19,13.02,13.475,13.475,13.0,0.34K,-4.82%,3.8157844200000004,1.1843,4.519033488606
2020-11-20,12.895,12.7,12.91,12.6,0.41K,-0.96%,3.7791505450000002,1.1857,4.4809388012065
2020-11-23,13.535,13.3,13.625,13.3,0.13K,4.96%,3.9667159850000004,1.1826,4.691038323861001
2020-11-24,13.9,13.45,13.9,13.45,0.30K,2.70%,4.0736869,1.1874,4.8370958250600005
2020-11-25,13.93,14.15,14.275,13.8,0.35K,0.22%,4.08247903,1.1908,4.861416028924
2020-11-27,14.485,13.835,14.6,13.8,0.77K,3.98%,4.2451334350000005,,
2020-11-30,15.14,14.985,15.2,14.95,0.06K,4.52%,4.437094940000001,1.1948,5.301441034312001
2020-12-01,14.91,15.475,15.475,14.775,0.61K,-1.52%,4.369688610000001,1.2039,5.260668117579001
2020-12-02,14.905,14.45,14.95,14.45,0.36K,-0.03%,4.368223255,1.2093,5.2824923822715
2020-12-03,14.145,14.6,14.6,14.0,0.30K,-5.10%,4.145489295,1.2152,5.0375985912840004
2020-12-04,14.645,14.55,14.66,14.465,0.21K,3.53%,4.292024795000001,1.2142,5.2113765060890005
2020-12-07,14.355,14.1,14.4,14.1,0.40K,-1.98%,4.207034205,1.2138,5.106498118029
2020-12-08,14.445,14.3,14.63,14.3,0.71K,0.63%,4.2334105950000005,1.2111,5.1270835716045005
2020-12-09,14.735,14.35,14.735,14.35,0.13K,2.01%,4.318401185,1.208,5.21662863148
2020-12-10,15.54,15.3,15.55,15.275,0.32K,5.46%,4.55432334,1.2118,5.518929023411999
2020-12-11,15.96,15.525,15.825,15.3,0.18K,2.70%,4.67741316,1.2112,5.665282819392001
2020-12-14,16.605,16.45,16.925,16.45,0.16K,4.04%,4.866443955,1.2145,5.9102961833475
2020-12-15,17.225,17.1,17.265,16.66,0.22K,3.73%,5.048147975000001,1.2158,6.137538308005001
2020-12-16,16.38,17.05,17.05,16.26,0.18K,-4.91%,4.80050298,1.2175,5.84461237815
2020-12-17,15.94,16.175,16.325,15.9,0.19K,-2.69%,4.67155174,1.2258,5.726388122892
2020-12-18,15.885,15.75,15.975,15.69,0.19K,-0.35%,4.655432835,1.2236,5.696387616906001
2020-12-21,16.795,16.4,16.85,16.25,0.18K,5.73%,4.922127445000001,1.223,6.019761865235002
2020-12-22,17.635,17.2,17.75,17.175,0.21K,5.00%,5.168307085000001,1.2172,6.290863383862002
2020-12-23,17.505,17.65,17.65,17.5,0.08K,-0.74%,5.130207855,1.2194,6.255775458387
2020-12-24,17.65,17.65,17.65,17.65,,0.83%,5.17270315,,
2020-12-28,19.15,19.15,19.15,19.15,,8.50%,5.61230965,1.2213,6.854313775545001
2020-12-29,18.775,19.0,19.0,19.0,0.04K,-1.96%,5.502408025,1.2252,6.741550312230001
2020-12-30,19.0,19.15,19.275,19.025,0.18K,1.20%,5.568349,1.228,6.837932572000001
2020-12-31,19.125,19.125,19.125,19.125,,0.66%,5.604982875,1.223,6.8548940561250005
2021-01-04,19.845,19.45,20.3,19.45,0.80K,3.76%,5.815993995,1.2254,7.126919041473001
2021-01-05,18.005,18.905,18.95,17.925,0.51K,-9.27%,5.276743355,1.2295,6.4877559549725
2021-01-06,17.565,17.875,18.52,17.375,0.70K,-2.44%,5.147792115000001,1.229,6.326636509335001
2021-01-07,19.305,18.275,19.42,18.275,0.18K,9.91%,5.657735655000001,1.2265,6.9392127808575
2021-01-08,20.12,20.4,20.7,19.89,0.39K,4.22%,5.896588520000001,1.2252,7.224500254704001
2021-01-11,22.125,21.35,22.54,21.2,0.46K,9.97%,6.484195875,1.2169,7.890617960287501
2021-01-12,26.155,23.24,26.085,23.2,0.14K,18.21%,7.665272005000001,1.2168,9.327102975684003
2021-01-13,21.5,23.475,23.9,21.6,0.54K,-17.80%,6.301026500000001,1.2159,7.6614181213500006
2021-01-14,21.335,21.25,21.25,20.32,0.34K,-0.77%,6.252669785000001,1.2156,7.600745390646002
2021-01-15,20.2,20.1,20.4,19.625,0.52K,-5.32%,5.9200342,1.2099,7.162649378579999
2021-01-19,20.325,19.1,20.4,18.9,1.05K,0.62%,5.9566680750000005,1.2126,7.223055707745
2021-01-20,20.26,21.4,21.6,19.935,0.68K,-0.32%,5.937618460000001,,
2021-01-21,20.065,19.825,20.5,19.55,0.43K,-0.96%,5.880469615000001,1.2143,7.140654253494501
2021-01-22,21.485,20.75,21.5,20.75,0.94K,7.08%,6.296630435,1.2179,7.6686662067865
2021-01-25,20.16,22.15,22.15,20.05,1.05K,-6.17%,5.908311360000001,1.2138,7.171508328768001
2021-01-26,19.51,19.8,20.075,19.175,0.79K,-3.22%,5.717815210000001,1.2147,6.945430135587001
2021-01-27,19.7,19.0,19.9,18.9,0.38K,0.97%,5.7734987,1.2101,6.98651077687
2021-01-28,20.91,20.6,20.875,20.35,0.29K,6.14%,6.128114610000001,1.2122,7.428500530242
2021-01-29,19.82,20.6,20.6,19.595,0.44K,-5.21%,5.80866722,1.2135,7.04881767147
2021-02-01,18.14,19.05,19.05,17.875,0.84K,-8.48%,5.316307940000001,1.207,6.416783683580001
2021-02-02,18.25,18.2,18.5,18.105,0.35K,0.61%,5.34854575,1.202,6.4289519915
2021-02-03,17.855,17.65,17.75,17.35,0.43K,-2.16%,5.232782705000001,1.2025,6.2924212027625
2021-02-04,18.12,17.85,18.35,17.75,0.80K,1.48%,5.310446520000001,1.1974,6.3587286630480016
2021-02-05,18.38,18.55,18.9,18.3,1.05K,1.43%,5.38664498,1.2035,6.48282723343
2021-02-08,20.18,20.375,20.375,19.6,0.48K,9.79%,5.91417278,1.2045,7.12362111351
2021-02-09,19.045,18.855,19.305,18.75,0.58K,-5.62%,5.581537195000001,1.2106,6.757008928267001
2021-02-10,18.56,18.85,19.025,18.45,0.51K,-2.55%,5.43939776,1.2132,6.599077362432
2021-02-11,17.375,18.15,18.15,17.375,1.63K,-6.38%,5.092108625000001,1.2127,6.1752001295375
2021-02-12,17.62,17.07,17.65,16.95,0.60K,1.41%,5.1639110200000005,1.2126,6.261758502852
2021-02-16,16.715,16.75,16.95,16.35,1.31K,-5.14%,4.898681765,1.2107,5.930834012885501
2021-02-17,16.54,17.15,17.3,16.4,1.08K,-1.05%,4.84739434,1.2042,5.837232264228
2021-02-18,17.33,16.9,17.35,16.84,1.00K,4.78%,5.07892043,1.2078,6.134320095354
2021-02-19,16.555,17.325,17.45,16.465,0.77K,-4.47%,4.851790405,1.2136,5.888132835508
2021-02-22,15.96,16.25,16.25,15.825,0.50K,-3.59%,4.67741316,1.2155,5.6853956959800005
2021-02-23,16.25,16.1,16.4,16.05,0.42K,1.82%,4.762403750000001,1.2142,5.78251063325
2021-02-24,16.38,16.125,16.35,16.05,0.77K,0.80%,4.80050298,1.2143,5.829250768614
2021-02-25,15.935,16.4,16.4,16.065,0.42K,-2.72%,4.670086385,1.2229,5.711048640216501
2021-02-26,15.695,15.95,15.975,15.55,0.44K,-1.51%,4.599749345,1.2093,5.5624768829085
2021-03-01,16.08,16.0,16.1,15.925,0.36K,2.45%,4.7125816799999996,1.2054,5.680545957072
2021-03-02,15.87,16.005,16.03,15.8,0.60K,-1.31%,4.65103677,1.2079,5.617987314483
2021-03-03,15.525,15.6,15.68,15.5,0.46K,-2.17%,4.549927275000001,1.2073,5.4931271991075015
2021-03-04,15.93,15.59,15.975,15.575,0.53K,2.61%,4.668621030000001,1.2045,5.623354030635
2021-03-05,16.365,15.85,16.45,15.775,0.58K,2.73%,4.796106915,1.1914,5.714081778531
2021-03-08,16.15,16.55,16.55,16.125,0.75K,-1.31%,4.73309665,1.1849,5.608246220585
2021-03-09,16.925,16.375,16.975,16.375,0.46K,4.80%,4.960226675,1.1885,5.8952294032375
2021-03-10,17.63,17.15,17.7,17.15,0.59K,4.17%,5.16684173,1.19,6.148541658699999
2021-03-11,18.125,17.475,18.155,17.475,1.18K,2.81%,5.311911875000001,1.1978,6.362608043875
2021-03-12,18.45,17.97,18.565,17.93,0.71K,1.79%,5.4071599500000005,1.1952,6.462637572240001
2021-03-15,17.93,18.17,18.88,17.87,0.88K,-2.82%,5.25476303,1.1917,6.262101102851
2021-03-16,17.66,17.83,17.83,17.275,0.82K,-1.51%,5.1756338600000005,1.1895,6.1564164764700005
2021-03-17,17.97,17.45,18.11,17.45,0.64K,1.76%,5.26648587,1.1905,6.269751428235
2021-03-18,17.76,18.16,18.4,17.5,0.90K,-1.17%,5.204940960000001,1.1926,6.207412588896002
2021-03-19,17.265,17.35,17.5,17.235,1.14K,-2.79%,5.059870815000001,1.1909,6.025800153583502
2021-03-22,18.045,17.27,18.075,17.27,1.81K,4.52%,5.288466195000001,1.1932,6.310197863874001
2021-03-23,18.39,17.85,18.4,17.625,1.76K,1.91%,5.389575690000001,1.1872,6.398504259168002
2021-03-24,18.59,18.65,18.825,18.025,1.96K,1.09%,5.44818989,1.1831,6.445753458859
2021-03-25,18.365,18.6,18.6,18.275,1.49K,-1.21%,5.382248915,1.1777,6.3386745471955
2021-03-26,18.7,18.6,18.82,18.575,1.21K,1.82%,5.4804277,1.1798,6.46580860046
2021-03-29,18.445,18.26,18.595,18.125,0.82K,-1.36%,5.405694595000001,1.1779,6.3673676634505005
2021-03-30,18.805,18.2,18.85,18.2,0.78K,1.95%,5.511200155,1.1724,6.461331061722
2021-03-31,18.995,19.05,19.17,18.7,0.48K,1.01%,5.566883645000001,1.1743,6.5371914643235005
2021-04-01,19.17,19.0,19.275,19.0,,0.92%,5.618171070000001,1.1772,6.613710983604001
2021-04-05,19.17,19.17,19.17,19.17,,0.00%,5.618171070000001,1.181,6.635060033670001
2021-04-06,19.78,19.745,19.825,19.6,0.39K,3.18%,5.796944380000001,1.1852,6.870538479176002
2021-04-07,19.285,19.65,19.725,19.175,0.83K,-2.50%,5.651874235,1.189,6.720078465415001
2021-04-08,18.99,19.325,19.45,18.975,0.63K,-1.53%,5.56541829,1.1904,6.625073932416
2021-04-09,18.94,19.35,19.365,18.9,1.18K,-0.26%,5.550764740000001,1.1897,6.603744811178001
2021-04-12,19.65,19.395,19.725,19.26,1.48K,3.75%,5.75884515,1.1907,6.857056920105
2021-04-13,19.51,19.72,19.85,19.47,1.16K,-0.71%,5.717815210000001,1.1939,6.826499579219001
2021-04-14,19.68,19.6,19.775,19.6,2.03K,0.87%,5.767637280000001,1.1974,6.906168879072001
2021-04-15,20.26,19.9,20.385,19.85,0.60K,2.95%,5.937618460000001,1.1964,7.103766725544001
2021-04-16,20.54,20.625,20.8,20.5,0.43K,1.38%,6.0196783400000005,1.198,7.21157465132
2021-04-19,20.94,20.875,21.12,20.85,1.43K,1.95%,6.136906740000001,1.2028,7.381471426872001
2021-04-20,21.065,20.85,21.335,20.675,1.40K,0.60%,6.173540615000001,1.2045,7.436029670767501
2021-04-21,21.11,21.015,21.25,20.85,2.02K,0.21%,6.18672881,1.2033,7.444490777073
2021-04-22,21.37,21.3,21.54,21.3,0.46K,1.23%,6.2629272700000005,1.2012,7.5230282367240005
2021-04-23,20.045,20.8,20.8,19.71,0.18K,-6.20%,5.874608195000001,1.2069,7.090064630545502
2021-04-26,20.0,20.2,20.46,19.975,0.95K,-0.22%,5.861420000000001,1.2083,7.0823537860000005
2021-04-27,21.405,19.93,21.5,19.75,0.74K,7.03%,6.273184755000001,1.2079,7.577379865564501
2021-04-28,21.555,21.79,22.02,21.55,0.71K,0.70%,6.317145405000001,1.2098,7.642482510969001
2021-04-29,22.5,21.665,22.575,21.575,0.47K,4.38%,6.5940975,1.211,7.985452072500001
2021-04-30,23.285,22.965,23.32,22.73,0.77K,3.49%,6.8241582350000005,1.203,8.209462356705002
2021-05-03,23.815,23.815,23.815,23.815,,2.28%,6.979485865000001,1.2059,8.4165620046035
2021-05-04,23.05,24.105,24.105,22.995,0.72K,-3.21%,6.755286550000001,1.2014,8.11580126117
2021-05-05,23.96,23.4,23.965,23.325,0.63K,3.95%,7.021981160000001,1.2003,8.428483986348
2021-05-06,24.33,24.13,24.95,24.13,1.08K,1.54%,7.1304174300000005,1.2049,8.591439961407001
2021-05-07,23.94,24.225,24.225,23.875,0.69K,-1.60%,7.016119740000001,1.2165,8.535109663710001
2021-05-10,25.19,25.175,25.2,24.825,1.09K,5.22%,7.382458490000001,1.217,8.984451982330002
2021-05-11,25.805,24.8,25.995,24.75,0.97K,2.44%,7.562697155,1.2169,9.203046167919501
2021-05-12,26.42,26.44,26.45,25.8,1.12K,2.38%,7.742935820000001,1.2074,9.348820709068002
2021-05-13,26.25,25.75,26.3,24.975,1.37K,-0.64%,7.693113750000001,1.207,9.285588296250001
2021-05-14,26.83,26.35,26.875,26.35,0.67K,2.21%,7.86309493,1.2141,9.546583554513
2021-05-17,26.31,26.1,26.63,25.7,1.23K,-1.94%,7.710698010000001,1.2155,9.372353431155002
2021-05-18,24.81,25.4,25.775,24.645,1.31K,-5.70%,7.271091510000001,1.2203,8.872912969653001
2021-05-19,22.665,24.05,24.125,22.57,1.00K,-8.65%,6.642454215000001,1.2216,8.114422069044002
2021-05-20,24.685,23.1,24.565,23.05,0.94K,8.91%,7.234457635,1.2225,8.8441244587875
2021-05-21,24.795,25.3,25.55,24.6,0.98K,0.45%,7.266695445000001,1.2178,8.849381712921002
2021-05-24,24.76,24.475,24.85,24.455,0.40K,-0.14%,7.256437960000001,1.221,8.860110749160002
2021-05-25,26.19,25.25,26.15,25.25,0.86K,5.78%,7.675529490000001,1.2233,9.389475225117002
2021-05-26,26.425,26.775,26.915,26.4,0.71K,0.90%,7.744401175000001,1.2204,9.45126719397
2021-05-27,25.2,25.645,26.1,25.275,0.56K,-4.64%,7.3853892000000005,1.2194,9.005743590480002
2021-05-28,24.93,25.1,25.2,24.62,0.40K,-1.07%,7.306260030000001,1.2194,8.909253480582
2021-06-01,25.975,25.18,26.23,25.18,0.77K,4.19%,7.612519225000001,1.2241,9.3184847833225
2021-06-02,25.725,25.7,26.1,25.28,1.03K,-0.96%,7.539251475000001,1.2213,9.207687826417501
2021-06-03,25.705,26.25,26.25,25.675,0.47K,-0.08%,7.533390055,1.2122,9.131975424671
2021-06-04,25.795,25.75,26.025,25.45,0.41K,0.35%,7.559766445000001,1.2173,9.202503693498501
2021-06-07,26.49,25.9,26.665,25.9,0.36K,2.69%,7.76345079,1.22,9.4714099638
2021-06-08,27.8,27.475,27.85,27.35,0.64K,4.95%,8.1473738,1.218,9.9235012884
2021-06-09,28.3,27.9,28.425,27.805,0.69K,1.80%,8.293909300000001,1.2184,10.105299091120001
2021-06-10,28.685,28.275,28.725,27.705,0.68K,1.36%,8.406741635,1.2173,10.2335265922855
2021-06-11,27.845,28.5,28.595,27.7,0.46K,-2.93%,8.160561995,1.2101,9.8750960701495
2021-06-14,28.81,29.1,29.315,28.575,0.86K,3.47%,8.443375510000001,1.2126,10.238437143426001
2021-06-15,28.135,28.3,28.705,27.91,1.01K,-2.34%,8.245552585,1.212,9.99360973302
2021-06-16,28.03,28.0,28.775,27.74,1.30K,-0.37%,8.214780130000001,1.2119,9.955492039547002
2021-06-17,28.31,27.8,28.67,27.7,1.08K,1.00%,8.29684001,1.1911,9.882366135911
2021-06-18,29.405,28.935,29.61,28.8,0.60K,3.87%,8.617752755000001,1.1872,10.230996070736001
2021-06-21,29.615,29.97,30.2,29.305,0.70K,0.71%,8.679297665,1.1909,10.336175589248501
2021-06-22,30.735,30.05,30.835,29.99,0.59K,3.78%,9.007537185,1.191,10.727976787335
2021-06-23,31.545,31.35,31.685,30.565,0.55K,2.64%,9.244924695000002,1.195,11.047685010525003
2021-06-24,32.015,31.55,32.025,31.41,0.95K,1.49%,9.382668065,1.1927,11.190708201125501
2021-06-25,32.385,31.95,32.4,31.95,0.55K,1.16%,9.491104335000001,1.194,11.33237857599
2021-06-28,32.29,32.1,32.38,31.75,0.79K,-0.29%,9.463262590000001,1.1938,11.297242879942
2021-06-29,33.486,32.855,33.825,32.855,0.30K,3.70%,9.813775506,1.1905,11.683299739893
2021-06-30,34.62,33.875,34.925,33.74,1.46K,3.39%,10.14611802,1.1848,12.021120630096
2021-07-01,36.145,35.5,36.955,35.45,0.63K,4.40%,10.593051295000002,1.1857,12.560180920481502
2021-07-02,35.827,34.925,36.87,34.925,1.21K,-0.88%,10.499854717,1.1848,12.440227868701601
2021-07-06,34.105,37.25,38.365,33.08,1.43K,-4.81%,9.995186455,1.1816,11.810312315228
2021-07-07,32.34,34.315,36.23,32.345,1.15K,-5.18%,9.477916140000001,1.1803,11.186784420042
2021-07-08,33.31,32.29,33.875,31.47,1.19K,3.00%,9.762195010000001,1.184,11.55843889184
2021-07-09,36.632,35.84,36.85,35.565,0.66K,9.97%,10.735776872,1.1861,12.7337049478792
2021-07-12,34.65,35.235,36.15,34.395,1.14K,-5.41%,10.154910150000001,1.1858,12.04169245587
2021-07-13,35.465,34.305,35.835,34.145,0.94K,2.35%,10.393763015000001,1.1813,12.278152249619502
2021-07-14,34.775,34.835,35.175,33.405,0.62K,-1.95%,10.191544025,1.1826,12.052519963965002
2021-07-15,33.795,34.2,34.605,33.61,0.46K,-2.82%,9.904334445000002,1.1806,11.693057245767003
2021-07-16,34.84,35.1,35.525,34.6,0.46K,3.09%,10.210593640000003,1.181,12.058711088840004
2021-07-19,35.65,36.45,36.81,35.615,0.42K,2.32%,10.44798115,1.1804,12.332796949459999
2021-07-20,35.165,35.095,35.315,34.625,0.52K,-1.36%,10.305841715000001,1.1776,12.136159203584002
2021-07-21,35.95,35.5,36.2,35.46,0.37K,2.23%,10.535902450000002,1.1799,12.431311300755002
2021-07-22,36.13,35.675,36.435,35.65,0.59K,0.50%,10.588655230000002,1.1771,12.463906071233003
2021-07-23,35.525,35.815,35.94,35.1,0.53K,-1.67%,10.411347275,1.1761,12.2447855301275
2021-07-26,36.915,36.14,37.025,35.91,0.17K,3.91%,10.818715965,1.181,12.776903554665001
2021-07-27,37.59,37.695,37.705,37.26,0.56K,1.83%,11.016538890000001,1.1831,13.033667160759002
2021-07-28,39.7,38.465,39.715,38.415,0.51K,5.61%,11.634918700000002,1.1809,13.739675492830003
2021-07-29,41.154,40.35,40.88,40.05,0.72K,3.66%,12.061043934000002,1.1886,14.335756819952405
2021-07-30,40.755,40.51,40.855,39.42,0.39K,-0.97%,11.944108605000002,1.1864,14.170490448972002
2021-08-02,42.155,42.1,42.69,41.815,1.36K,3.44%,12.354408005000002,1.1873,14.668388624336503
2021-08-03,41.245,41.59,42.18,41.12,0.93K,-2.16%,12.087713395,1.1859,14.334819315130499
2021-08-04,42.255,41.54,42.26,41.54,0.78K,2.45%,12.383715105000002,1.1841,14.663557055830502
2021-08-05,42.9,41.57,43.2,41.195,1.26K,1.53%,12.572745900000001,1.1838,14.883616596420001
2021-08-06,43.12,43.9,44.57,42.675,1.14K,0.51%,12.63722152,1.1761,14.862636229671999
2021-08-09,42.785,43.095,43.57,42.45,1.22K,-0.78%,12.539042735,1.1749,14.732121309351502
2021-08-10,44.655,44.39,45.025,44.215,0.89K,4.37%,13.087085505000001,1.1722,15.340681628961
2021-08-11,45.985,44.975,46.525,44.575,0.52K,2.98%,13.476869935000002,1.1737,15.8178022427095
2021-08-12,45.87,46.15,46.525,45.325,0.77K,-0.25%,13.443166770000001,1.1736,15.776900521272001
2021-08-13,44.63,44.415,45.4,44.375,0.76K,-2.70%,13.079758730000002,1.1796,15.428883397908002
2021-08-16,47.99,46.25,48.215,46.25,0.42K,7.53%,14.064477290000001,1.1776,16.562328456704
2021-08-17,46.95,46.855,47.975,46.675,0.52K,-2.17%,13.759683450000002,1.1714,16.118093193330004
2021-08-18,45.385,46.395,47.525,42.795,0.63K,-3.33%,13.301027335,1.1702,15.564862187416999
2021-08-19,40.395,44.375,44.48,40.1,0.80K,-10.99%,11.838603045000003,1.1693,13.842878540518504
2021-08-20,41.944,41.57,42.625,40.9,0.52K,3.83%,12.292570024000002,1.169,14.370014358056002
2021-08-23,41.68,42.275,43.535,40.61,0.59K,-0.63%,12.21519928,1.1732,14.330871795296
2021-08-24,44.87,43.625,45.07,43.625,0.16K,7.65%,13.15009577,1.1746,15.446102491442002
2021-08-25,45.285,45.83,46.13,44.775,1.00K,0.92%,13.271720235,1.1758,15.604888652312999
2021-08-26,45.79,44.215,45.845,44.2,0.32K,1.12%,13.419721090000001,1.1761,15.782933973949
2021-08-27,47.806,47.806,47.806,47.806,,4.40%,14.010552226,1.1794,16.5240452953444
2021-08-30,49.68,48.85,49.43,48.7,0.09K,3.92%,14.55976728,1.1795,17.17324550676
2021-08-31,50.34,48.58,50.47,48.58,0.20K,1.33%,14.753194140000002,1.18,17.4087690852
2021-09-01,50.23,52.25,52.9,49.6,2.05K,-0.22%,14.72095633,1.185,17.44433325105
2021-09-02,51.915,50.985,52.595,49.715,1.32K,3.35%,15.214780965000001,1.1858,18.041687268297
2021-09-03,51.505,51.8,52.55,51.29,1.29K,-0.79%,15.094621855000002,1.1884,17.938448612482
2021-09-07,53.91,53.075,54.185,51.285,2.16K,4.67%,15.799457610000001,1.1849,18.720777322089003
2021-09-08,55.29,54.175,55.575,53.56,1.43K,2.56%,16.203895590000002,1.1818,19.149763808262
2021-09-09,56.58,55.6,57.23,54.73,1.06K,2.33%,16.58195718,1.1827,19.611480756786
2021-09-10,57.916,56.0,57.995,55.775,1.18K,2.36%,16.973500036,1.1821,20.0643743925556
2021-09-13,61.28,59.35,62.25,59.35,1.02K,5.81%,17.95939088,1.1809,21.208244690192004
2021-09-14,65.765,64.55,66.395,64.55,1.13K,7.32%,19.273814315000003,1.1824,22.789358046056
2021-09-15,70.705,71.925,77.275,69.725,0.62K,7.51%,20.721585055000002,1.1811,24.474264108460503
2021-09-16,63.25,68.535,68.535,60.76,0.34K,-10.54%,18.53674075,1.1764,21.8066218183
2021-09-17,65.103,66.75,66.775,62.85,0.38K,2.93%,19.079801313,1.1734,22.3882388606742
2021-09-20,75.315,65.725,75.38,69.805,0.35K,15.69%,22.072642365,1.1729,25.889002229908503
2021-09-21,73.78,72.525,75.105,71.25,0.36K,-2.04%,21.622778380000003,1.1724,25.350545372712006
2021-09-22,71.69,70.1,72.655,69.925,0.71K,-2.83%,21.01025999,1.1739,24.663944202261
2021-09-23,69.685,68.0,70.71,68.0,0.61K,-2.80%,20.422652635000002,1.1735,23.965982867172503
2021-09-24,70.24,68.3,70.89,68.255,0.35K,0.80%,20.58530704,1.1715,24.11568719736
2021-09-27,76.505,75.0,76.97,75.0,0.28K,8.92%,22.421396855,1.1702,26.237518599721
2021-09-28,78.565,83.0,84.15,78.95,0.08K,2.69%,23.025123115000003,1.1681,26.895646310631502
2021-09-29,86.609,86.5,86.5,86.5,0.08K,10.24%,25.382586239000002,1.1612,29.4742591407268
2021-09-30,97.775,94.92,96.3,93.18,0.05K,12.89%,28.655017025000003,1.1577,33.1739132098425
2021-10-01,93.625,94.665,97.59,93.105,0.20K,-4.24%,27.438772375000003,1.1598,31.823488200525002
2021-10-04,96.65,96.4,99.76,94.235,0.17K,3.23%,28.325312150000006,1.1622,32.919677780730005
2021-10-05,116.02,95.0,105.61,83.62,0.17K,20.04%,34.00209742,1.1609,39.473034894878
2021-10-06,108.19,131.025,132.93,101.555,0.18K,-6.75%,31.70735149,1.1546,36.609308030354
2021-10-07,96.585,89.26,109.47,89.26,0.08K,-10.73%,28.306262535000002,1.1561,32.7248701167135
2021-10-08,87.605,95.0,95.675,83.7,0.15K,-9.30%,25.674484955000004,1.1572,29.710513989926003
2021-10-11,85.215,92.0,92.135,83.5,0.23K,-2.73%,24.974045265000004,,
2021-10-12,85.7,86.31,87.395,85.0,0.60K,0.57%,25.1161847,1.1541,28.98658876227
2021-10-13,93.615,91.375,94.61,90.29,0.24K,9.24%,27.435841665,1.1568,31.737781638072004
2021-10-14,102.17,102.15,102.255,96.73,0.08K,9.14%,29.943064070000002,1.1591,34.707005563537
2021-10-15,93.65,104.0,104.0,92.57,0.15K,-8.34%,27.446099150000006,1.1594,31.821007354510005
2021-10-18,93.935,89.35,100.4,89.35,0.04K,0.30%,27.529624385,1.1609,31.9591409485465
2021-10-19,89.93,92.15,93.935,89.425,0.06K,-4.26%,26.355875030000004,1.1632,30.657153834896004
2021-10-20,93.45,94.395,94.395,92.75,0.02K,3.91%,27.387484950000005,1.1643,31.887248727285
2021-10-21,88.465,90.645,90.66,87.815,0.04K,-5.33%,25.926526015000004,1.1643,30.186254239264503
2021-10-22,87.34,88.61,88.7,87.0,0.09K,-1.27%,25.596821140000003,1.1632,29.774222350048003
2021-10-25,88.645,91.0,91.0,88.0,0.06K,1.49%,25.979278795000003,1.1609,30.159344753115505
2021-10-26,88.495,90.15,90.2,87.8,0.06K,-0.17%,25.935318145000004,1.159,30.059033730055006
2021-10-27,86.82,86.3,86.95,86.0,0.05K,-1.89%,25.444424220000002,1.16,29.5155320952
2021-10-28,77.032,78.0,80.6,78.0,0.03K,-11.27%,22.575845272000002,1.1685,26.379875200332005
2021-10-29,64.865,72.62,72.62,70.0,0.02K,-15.79%,19.010050415,1.1552,21.960410239408
2021-11-01,65.62,63.59,65.75,63.59,0.01K,1.16%,19.231319020000004,1.1591,22.291021876082006
2021-11-02,67.605,65.175,70.665,62.84,0.06K,3.02%,19.813064955,1.1581,22.9455105243855
2021-11-03,76.54,73.52,80.045,73.52,0.07K,13.22%,22.431654340000005,1.1584,25.98482838745601
2021-11-04,73.375,77.525,77.525,72.815,0.06K,-4.14%,21.504084625,1.1546,24.828616108025003
2021-11-05,74.025,73.16,74.64,73.03,0.08K,0.89%,21.694580775000002,1.1554,25.065918627435003
2021-11-08,79.075,80.77,80.77,77.005,0.05K,6.82%,23.174589325000003,1.159,26.859349027675005
2021-11-09,72.585,76.5,76.9,74.005,0.03K,-8.21%,21.272558535,1.1589,24.652768086211502
2021-11-10,70.125,66.71,70.37,64.505,0.06K,-3.39%,20.551603875,1.1517,23.6692821828375
2021-11-11,74.79,72.0,75.1,72.0,0.01K,6.65%,21.918780090000002,,
2021-11-12,75.675,77.77,77.77,74.06,0.03K,1.18%,22.178147925,1.1443,25.378454670577504
2021-11-15,79.945,78.295,82.095,78.285,0.05K,5.64%,23.429561095,1.1421,26.758901726599497
2021-11-16,94.19,84.38,91.49,84.38,0.06K,17.82%,27.60435749,1.1333,31.284018343417003
2021-11-17,95.005,97.99,99.85,95.085,0.05K,0.87%,27.843210355,1.1322,31.524082763931002
2021-11-18,95.165,93.6,95.3,91.365,0.04K,0.17%,27.890101715000004,1.1358,31.677577527897
2021-11-19,87.125,91.125,91.125,86.0,0.01K,-8.45%,25.533810875000004,1.1318,28.899167148325002
2021-11-22,84.015,84.25,86.02,81.95,0.06K,-3.57%,24.622360065000002,1.126,27.72477743319
2021-11-23,90.925,86.95,91.4,86.95,0.04K,8.22%,26.647480675,1.1265,30.0183869803875
2021-11-24,93.985,93.85,93.85,93.85,0.01K,3.37%,27.544277935000004,1.1196,30.838573576026004
2021-11-26,87.772,92.45,94.4,87.75,0.08K,-6.61%,25.723427812000004,1.1302,29.072618113122406
2021-11-29,93.146,94.25,94.25,92.45,0.22K,6.12%,27.298391366000004,1.1261,30.740718517252606
2021-11-30,92.515,98.0,98.0,95.015,0.03K,-0.68%,27.113463565000004,1.1287,30.602966325815505
2021-12-01,95.675,92.6,95.1,92.6,0.29K,3.42%,28.039567925,1.1323,31.749202761477502
2021-12-02,94.83,91.6,92.46,89.2,0.17K,-0.88%,27.791922930000002,1.1306,31.421548064658005
2021-12-03,89.48,91.59,92.05,89.62,0.09K,-5.64%,26.223993080000003,1.1308,29.654091374864006
2021-12-06,89.93,86.6,90.275,86.6,0.09K,0.50%,26.355875030000004,1.1282,29.734698208846005
2021-12-07,95.885,95.0,95.88,94.595,0.24K,6.62%,28.101112835000006,1.1247,31.60532160552451
2021-12-08,101.5,98.6,103.835,98.6,0.36K,5.86%,29.746706500000002,1.133,33.703018464500005
2021-12-09,100.445,98.5,104.35,97.17,0.42K,-1.04%,29.437516595,1.1285,33.2202374774575
2021-12-10,105.775,101.605,107.75,100.83,0.24K,5.31%,30.999585025000005,1.1312,35.06673058028001
2021-12-13,116.085,115.4,118.625,112.44,0.47K,9.75%,34.021147035,1.1298,38.437091920143
2021-12-14,128.3,118.95,129.065,116.775,0.64K,10.52%,37.60100930000001,1.1267,42.36505717831001
2021-12-15,132.285,131.1,132.405,120.6,1.02K,3.11%,38.768897235000004,1.1261,43.657655176333506
2021-12-16,142.765,128.71,143.0,126.19,0.85K,7.92%,41.840281315,1.1309,47.3171741391335
2021-12-17,136.915,124.5,139.5,124.5,0.68K,-4.10%,40.125815965,1.1277,45.249882663730496
2021-12-20,146.925,140.82,148.505,139.4,0.41K,7.31%,43.05945667500001,1.1298,48.648574151415005
2021-12-21,180.265,157.7,174.8,157.7,0.51K,22.69%,52.830443815,1.1272,59.550476268268
2021-12-22,172.875,174.3,176.655,172.72,0.04K,-4.10%,50.664649125000004,1.1324,57.37264866915001
2021-12-23,132.58,158.3,158.3,129.36,0.08K,-23.31%,38.85535318000001,1.132,43.984259799760004
2021-12-27,106.895,100.0,105.5,100.0,0.01K,-19.37%,31.327824545000002,1.1329,35.4912924270305
2021-12-28,106.59,106.59,106.59,106.59,0.00K,-0.29%,31.238437890000004,1.1314,35.343168628746
2021-12-29,96.475,99.0,104.6,99.0,0.07K,-9.49%,28.274024725,1.1337,32.0542618307325
2021-12-30,87.027,94.35,94.35,88.05,0.09K,-9.79%,25.505089917000003,1.1318,28.8666607680606
2021-12-31,70.345,82.0,82.0,67.365,0.08K,-19.17%,20.616079495,,
2022-01-03,80.435,80.435,80.435,80.435,,14.34%,23.573165885,1.129,26.614104284165002
2022-01-04,88.74,85.0,96.625,85.0,0.31K,10.33%,26.007120540000003,1.1296,29.377643361984003
2022-01-05,91.52,95.7,95.7,88.385,0.14K,3.13%,26.821857920000003,1.1335,30.402575952320003
2022-01-06,96.5,95.265,97.02,93.3,0.07K,5.44%,28.281351500000003,1.1307,31.977724141050004
2022-01-07,88.175,95.8,96.27,86.58,0.03K,-8.63%,25.841535425,1.1358,29.350815935714998
2022-01-10,84.605,86.5,90.4,84.46,0.07K,-4.05%,24.795271955000004,1.1328,28.088084070624006
2022-01-11,78.735,81.225,82.05,80.0,0.04K,-6.94%,23.074945185,1.1363,26.220060213715502
2022-01-12,75.155,82.25,82.25,73.4,0.09K,-4.55%,22.025751005000004,1.1431,25.177635973815505
2022-01-13,85.46,72.0,85.98,72.0,0.14K,13.71%,25.04584766,1.1464,28.712559757424003
2022-01-14,86.97,89.0,91.8,85.7,0.12K,1.77%,25.48838487,1.1414,29.092442490618
2022-01-18,78.335,83.275,84.6,74.89,0.13K,-9.93%,22.957716785,1.1336,26.024867747475998
2022-01-19,75.6,73.95,76.5,71.42,0.05K,-3.49%,22.1561676,1.1346,25.13838775896
2022-01-20,75.205,71.0,75.59,71.0,0.05K,-0.52%,22.040404555000002,1.1336,24.985002603548
2022-01-21,78.98,74.765,81.815,74.765,0.05K,5.02%,23.146747580000003,1.1346,26.262299804268004
2022-01-24,93.0,88.605,93.6,88.605,0.07K,17.75%,27.255603,1.131,30.826086993
2022-01-25,93.58,92.385,95.51,92.385,0.05K,0.62%,27.42558418,1.1283,30.944286630294005
2022-01-26,91.835,89.395,92.445,89.395,0.07K,-1.86%,26.914175285,1.1279,30.356498303951497
2022-01-27,92.3,92.25,92.9,90.31,0.33K,0.51%,27.0504533,1.1141,30.136910021530003
2022-01-28,92.062,92.062,92.062,92.062,0.06K,-0.26%,26.980702402000002,1.116,30.110463880632004
2022-01-31,84.67,84.85,84.85,84.85,0.00K,-8.03%,24.814321570000004,1.1212,27.821817344284003
2022-02-01,76.165,78.3,78.38,74.8,0.48K,-10.04%,22.321752715000002,1.1239,25.0874178763885
2022-02-02,77.35,77.15,79.1,76.29,0.38K,1.56%,22.66904185,1.1299,25.613750386314997
2022-02-03,80.225,79.6,80.1,77.01,0.33K,3.72%,23.511620975,1.1425,26.862026963937502
2022-02-04,82.65,81.47,82.45,81.47,0.10K,3.02%,24.222318150000003,1.1455,27.746665440825
2022-02-07,79.595,78.8,79.74,77.85,0.07K,-3.70%,23.326986245,1.1434,26.672076072533
2022-02-08,77.3,81.48,82.0,75.48,0.32K,-2.88%,22.6543883,1.1416,25.862249683279998
2022-02-09,74.415,76.695,76.695,73.835,0.07K,-3.73%,21.808878465000003,1.1435,24.938452524727502
2022-02-10,74.355,74.03,74.68,72.47,0.15K,-0.08%,21.791294205000003,1.1487,25.031659653283505
2022-02-11,77.425,73.415,76.4,73.305,0.17K,4.13%,22.691022175,1.1404,25.876841688370003
2022-02-14,80.77,83.6,83.6,79.695,0.30K,4.32%,23.67134467,1.1306,26.762822283902
2022-02-15,70.92,76.06,76.17,68.515,0.13K,-12.20%,20.78459532,1.1363,23.617535662116
2022-02-16,69.795,69.095,71.0,68.97,0.10K,-1.59%,20.454890445000004,1.1381,23.279710815454504
2022-02-17,74.915,73.35,75.15,71.34,0.05K,7.34%,21.955413965000005,1.1364,24.95013242982601
2022-02-18,73.76,72.975,73.9,70.57,0.05K,-1.54%,21.616916960000005,1.1327,24.485481840592005
2022-02-22,79.79,71.525,80.345,71.525,0.37K,8.18%,23.384135090000004,1.1342,26.522286019078006
2022-02-23,88.89,83.175,88.0,83.175,0.04K,11.40%,26.05108119,1.1316,29.479403474604
2022-02-24,134.315,106.1,135.0,106.1,0.00K,51.10%,39.363831365,1.1154,43.906417504521
2022-02-25,94.422,94.422,94.422,94.422,0.10K,-29.70%,27.672349962000002,1.1261,31.161833292208204
2022-02-28,98.595,116.49,116.49,104.47,0.03K,4.42%,28.895335245000002,1.1224,32.432124278988006
2022-03-01,121.675,103.665,119.27,103.665,0.43K,23.41%,35.659413925,1.1103,39.59264728092751
2022-03-02,165.545,165.545,165.545,165.545,0.00K,36.06%,48.516438695,1.1102,53.862950239189004
2022-03-03,160.825,148.0,148.0,147.49,0.01K,-2.85%,47.133143575,1.1053,52.096263593447496
2022-03-04,192.55,192.55,192.55,192.55,0.02K,19.73%,56.430821050000006,1.0912,61.57731192976
2022-03-07,227.2,227.2,227.2,227.2,0.01K,18.00%,66.5857312,1.086,72.3121040832
2022-03-08,214.555,214.555,214.555,214.555,,-5.57%,62.879848405000004,1.0881,68.41956304948052
2022-03-09,155.88,155.88,155.88,155.88,,-27.35%,45.68390748,1.1069,50.567517189612005
2022-03-10,126.4,126.4,126.4,126.4,,-18.91%,37.0441744,1.1007,40.774522762080004
2022-03-11,131.23,131.23,131.23,131.23,,3.82%,38.45970733,1.0937,42.06338190682099
2022-03-14,114.52,114.52,114.52,114.52,0.00K,-12.73%,33.56249092,1.0979,36.848258781068004
2022-03-15,115.44,121.69,121.69,121.69,0.00K,0.80%,33.832116240000005,1.0974,37.127364361776
2022-03-16,102.625,102.625,102.625,102.625,,-11.10%,30.076411375000003,1.0996,33.07202194795
2022-03-17,105.09,110.5,110.5,105.25,0.02K,2.40%,30.798831390000004,1.111,34.217501674290006
2022-03-18,105.045,105.045,105.045,105.045,0.01K,-0.04%,30.785643195000002,1.1044,33.999664344558006
2022-03-21,96.302,98.72,98.72,98.72,0.01K,-8.32%,28.223323442000005,1.1048,31.181127738721607
2022-03-22,98.745,98.745,98.745,98.745,0.01K,2.54%,28.939295895000004,1.1022,31.896891935469007
2022-03-23,117.0,117.0,117.0,117.0,,18.49%,34.289307,1.1001,37.72166663070001
2022-03-24,111.61,116.0,116.0,116.0,0.03K,-4.61%,32.709654310000005,1.1006,36.000245533586
2022-03-25,101.27,101.27,101.27,101.27,0.04K,-9.26%,29.67930017,1.0985,32.602711236745
2022-03-28,102.545,97.6,97.6,97.6,0.00K,1.26%,30.052965695000005,1.0977,32.9891404434015
2022-03-29,108.38,108.38,108.38,108.38,0.38K,5.69%,31.76303498,1.1104,35.269674041792
2022-03-30,118.97,118.97,118.97,118.97,,9.77%,34.86665687,1.1163,38.921649063981
2022-03-31,125.905,125.905,125.905,125.905,,5.83%,36.899104255000005,1.1093,40.9321763500715
2022-04-01,112.15,114.75,114.75,114.75,0.03K,-10.92%,32.86791265000001,1.1043,36.29603593939501
2022-04-04,109.525,109.525,109.525,109.525,0.01K,-2.34%,32.09860127500001,1.0992,35.28278252148001
2022-04-05,108.565,108.14,108.14,108.14,0.00K,-0.88%,31.817253115000003,1.0921,34.74762212689151
2022-04-06,106.79,106.79,106.79,106.79,,-1.63%,31.297052090000005,1.0913,34.154472945817005
2022-04-07,104.565,104.565,104.565,104.565,,-2.08%,30.644969115000002,1.09,33.40301633535
2022-04-08,103.88,103.88,103.88,103.88,,-0.66%,30.44421548,1.0874,33.105039912952
2022-04-11,100.135,100.135,100.135,100.135,,-3.61%,29.346664585000003,1.0875,31.9144977361875
2022-04-12,102.22,103.75,103.75,103.75,0.00K,2.08%,29.957717620000004,1.0852,32.510115161224
2022-04-13,105.325,105.325,105.325,105.325,,3.04%,30.867703075000005,1.0874,33.565540323755
2022-04-14,95.62,95.62,95.62,95.62,,-9.21%,28.023449020000005,1.0796,30.254115561992002
2022-04-18,95.62,95.62,95.62,95.62,,0.00%,28.023449020000005,1.0785,30.223289768070007
2022-04-19,93.77,93.77,93.77,93.77,,-1.93%,27.48126767,1.0789,29.649539689163
2022-04-20,94.23,96.75,96.75,96.75,0.00K,0.49%,27.616080330000003,1.0857,29.982778414281007
2022-04-21,100.06,100.06,100.06,100.06,,6.19%,29.32468426,1.0839,31.785025269414003
2022-04-22,94.875,94.875,94.875,94.875,,-5.18%,27.805111125000003,1.079,30.001714903875
2022-04-25,92.835,92.835,92.835,92.835,,-2.15%,27.207246285,1.0703,29.119915698835502
2022-04-26,103.21,103.21,103.21,103.21,,11.18%,30.24785791,1.0661,32.247241317851
2022-04-27,107.425,107.425,107.425,107.425,,4.08%,31.483152175,1.0549,33.211577229407496
2022-04-28,100.142,100.142,100.142,100.142,,-6.78%,29.348716082000003,1.05,30.816151886100005
2022-04-29,99.45,99.45,99.45,99.45,,-0.69%,29.145910950000005,1.0537,30.71104636801501
2022-05-02,97.05,97.05,97.05,97.05,,-2.41%,28.44254055,1.0521,29.924396912655002
2022-05-03,99.425,99.425,99.425,99.425,,2.45%,29.138584175000002,1.0532,30.68875685311
2022-05-04,103.82,103.82,103.82,103.82,,4.42%,30.42663122,1.0539,32.066626642758
2022-05-05,106.51,106.51,106.51,106.51,,2.59%,31.214992210000005,1.0507,32.797592315047005
2022-05-06,101.71,101.71,101.71,101.71,,-4.51%,29.80825141,1.0572,31.513283390652
2022-05-09,93.785,96.315,96.315,95.0,0.05K,-7.79%,27.485663735000003,1.0559,29.022112337786506
2022-05-10,98.8,98.8,98.8,98.8,,5.35%,28.955414800000003,1.0531,30.492947325880003
2022-05-11,94.01,94.01,94.01,94.01,,-4.85%,27.551604710000003,1.0537,29.031125882927004
2022-05-12,106.7,106.7,106.7,106.7,,13.50%,31.270675700000005,1.0376,32.44645310632001
2022-05-13,96.88,96.88,96.88,96.88,,-9.20%,28.392718480000003,1.041,29.55681993768
2022-05-16,92.86,92.86,92.86,92.86,,-4.15%,27.214573060000003,1.042,28.357585128520004
2022-05-17,94.175,94.175,94.175,94.175,,1.42%,27.599961425,1.0532,29.068279372809997
2022-05-18,94.54,96.475,96.475,96.475,0.01K,0.39%,27.706932340000005,1.0494,29.07565479759601
2022-05-19,91.025,91.025,91.025,91.025,,-3.72%,26.676787775000005,1.0587,28.242715217392504
2022-05-20,87.9,87.9,87.9,87.9,,-3.43%,25.760940900000005,1.0559,27.200977496310006
2022-05-23,83.29,85.22,85.22,85.22,0.01K,-5.24%,24.409883590000003,1.0668,26.040463813812003
2022-05-24,84.505,86.875,86.875,86.875,0.01K,1.46%,24.765964855,1.0744,26.608552640212
2022-05-25,88.08,85.625,86.125,84.84,0.05K,4.23%,25.81369368,1.0658,27.512234724144
2022-05-26,85.97,85.97,85.97,85.97,,-2.40%,25.195313870000003,1.0725,27.021974125575003
2022-05-27,86.875,86.25,86.25,86.25,0.01K,1.05%,25.460543125,1.0709,27.2656956325625
2022-05-31,94.005,94.005,94.005,94.005,,8.21%,27.550139355000002,1.0731,29.564054541850503
2022-06-01,85.55,85.55,85.55,85.55,,-8.99%,25.072224050000003,1.0646,26.691889723630002
2022-06-02,83.945,83.945,83.945,83.945,,-1.88%,24.601845095,1.0733,26.4051603404635
2022-06-03,83.1,83.1,83.1,83.1,,-1.01%,24.3542001,1.0721,26.11013792721
2022-06-06,82.56,83.005,83.005,83.005,0.02K,-0.65%,24.195941760000004,1.0699,25.887238089024006
2022-06-07,79.61,80.41,81.02,80.41,0.01K,-3.57%,23.331382310000002,1.0697,24.957579657007006
2022-06-08,79.405,79.405,79.405,79.405,,-0.26%,23.271302755,1.074,24.993379158870002
2022-06-09,84.88,84.88,84.88,84.88,,6.90%,24.87586648,1.0656,26.507723321088
2022-06-10,82.465,82.465,82.465,82.465,,-2.85%,24.168100015000004,1.0521,25.427258025781505
2022-06-13,83.4,83.4,83.4,83.4,,1.13%,24.442121400000005,1.0436,25.507797893040006
2022-06-14,97.04,97.04,97.04,97.04,,16.35%,28.439609840000003,1.0416,29.622697609344005
2022-06-15,120.33,120.33,120.33,120.33,,24.00%,35.26523343,1.0388,36.633524487084
2022-06-16,124.365,124.365,124.365,124.365,,3.35%,36.447774915000004,1.0531,38.3831517629865
2022-06-17,117.74,117.74,117.74,117.74,,-5.33%,34.506179540000005,1.0473,36.138321832242
2022-06-21,125.56,125.56,125.56,125.56,,6.64%,36.79799476,1.0548,38.814524872848
2022-06-22,127.17,127.17,127.17,127.17,,1.28%,37.26983907,1.0583,39.442670687781
2022-06-23,133.345,133.345,133.345,133.345,,4.86%,39.079552495,1.0503,41.045253985498505
2022-06-24,128.505,128.505,128.505,128.505,,-3.63%,37.661088855,1.0539,39.6910215442845
2022-06-27,129.46,129.46,129.46,129.46,,0.74%,37.94097166,1.0601,40.221224056766005
2022-06-28,129.175,129.175,129.175,129.175,,-0.22%,37.857446425000006,1.0534,39.879034064095
2022-06-29,139.588,139.588,139.588,139.588,,8.06%,40.909194748000004,1.0477,42.860563337479604
2022-06-30,144.515,144.515,144.515,144.515,,3.53%,42.353155565,1.0469,44.3395185609985
2022-07-01,147.785,147.785,147.785,147.785,,2.26%,43.311497735,1.0409,45.0829379923615
2022-07-05,165.075,165.075,165.075,165.075,,11.70%,48.378695325,1.0254,49.60751418625501
2022-07-06,171.0,171.0,171.0,171.0,,3.59%,50.115141,1.0173,50.98213293930001
2022-07-07,183.185,183.185,183.185,183.185,,7.13%,53.68621113500001,1.0159,54.53982189204651
2022-07-08,175.21,175.21,175.21,175.21,,-4.35%,51.34896991000001,1.0178,52.26298157439801
2022-07-11,164.52,164.52,164.52,164.52,,-6.10%,48.216040920000005,1.0088,48.640342080096
2022-07-12,172.61,172.61,172.61,172.61,,4.92%,50.58698531000001,1.0069,50.93603550863901
2022-07-13,180.505,180.505,180.505,180.505,,4.57%,52.900780855,1.0081,53.3292771799255
2022-07-14,175.035,175.035,175.035,175.035,,-3.03%,51.297682485,1.0028,51.441315995958
2022-07-15,159.565,159.565,159.565,159.565,,-8.84%,46.763874115,1.0089,47.180072594623496
2022-07-18,157.26,157.26,157.26,157.26,,-1.44%,46.08834546,1.016,46.82575898736
2022-07-19,154.455,154.455,154.455,154.455,,-1.78%,45.26628130500001,1.0238,46.34361880005901
2022-07-20,155.04,155.04,155.04,155.04,,0.38%,45.43772784,1.0217,46.423726534128
2022-07-21,155.6,155.6,155.6,155.6,,0.36%,45.6018476,1.0197,46.50020399772
2022-07-22,159.865,159.865,159.865,159.865,,2.74%,46.851795415000005,1.0225,47.9059608118375
2022-07-25,176.615,176.615,176.615,176.615,,10.48%,51.76073466500001,1.0211,52.8528861664315
2022-07-26,199.92,199.92,199.92,199.92,,13.20%,58.59075432,1.0116,59.27040707011201
2022-07-27,205.225,205.225,205.225,205.225,,2.65%,60.145495975,1.0108,60.79506733153
2022-07-28,198.93,198.93,198.93,198.93,,-3.07%,58.300614030000006,1.0163,59.250914038689004
2022-07-29,190.915,190.915,190.915,190.915,,-4.03%,55.951649965,1.0202,57.081873294293004
2022-08-01,200.795,200.795,200.795,200.795,,5.18%,58.847191445,1.027,60.43606561401499
2022-08-02,205.175,205.175,205.175,205.175,,2.18%,60.13084242500001,1.0194,61.29738076804502
2022-08-03,199.195,199.195,199.195,199.195,,-2.91%,58.37827784500001,1.0146,59.23060070153701
2022-08-04,199.25,199.25,199.25,199.25,,0.03%,58.394396750000006,1.0221,59.68491291817501
2022-08-05,196.32,196.32,196.32,196.32,,-1.47%,57.535698720000006,1.017,58.51380559824
2022-08-08,193.055,193.055,193.055,193.055,,-1.66%,56.578821905000005,1.0207,57.7500035184335
2022-08-09,192.185,192.185,192.185,192.185,,-0.45%,56.32385013500001,1.0226,57.596769148051
2022-08-10,205.365,205.365,205.365,205.365,,6.86%,60.18652591500001,1.0337,62.214811838335514
2022-08-11,208.11,208.11,208.11,208.11,,1.34%,60.99100581000001,1.0338,63.05250180637802
2022-08-12,206.11,206.11,206.11,206.11,,-0.96%,60.40486381000001,1.0257,61.95726880991701
2022-08-15,220.11,220.11,220.11,220.11,,6.79%,64.50785781,1.0186,65.707703965266
2022-08-16,225.915,225.915,225.915,225.915,,2.64%,66.209134965,1.0174,67.36117391339101
2022-08-17,225.835,225.835,225.835,225.835,,-0.04%,66.18568928500001,1.0164,67.27113458927401
2022-08-18,241.005,241.005,241.005,241.005,,6.72%,70.631576355,1.0114,71.43677632544701
2022-08-19,244.55,244.55,244.55,244.55,,1.47%,71.67051305000001,1.0039,71.95002805089501
2022-08-22,276.75,276.75,276.75,276.75,,13.17%,81.10739925,0.9936,80.5883118948
2022-08-23,269.05,269.05,269.05,269.05,,-2.78%,78.85075255000001,0.9976,78.66151074388002
2022-08-24,292.15,292.15,292.15,292.15,,8.59%,85.62069265,0.9967,85.338144364255
2022-08-25,321.415,321.415,321.415,321.415,,10.02%,94.19741546500002,0.9959,93.81120606159352
2022-08-26,339.195,339.195,339.195,339.195,,5.53%,99.40821784500001,0.9998,99.38833620143102
2022-08-29,272.605,272.605,272.605,272.605,,-19.63%,79.89261995500001,1.0,79.89261995500001
2022-08-30,252.937,252.937,252.937,252.937,,-7.21%,74.12849952700002,1.0018,74.26193082614861
2022-08-31,239.905,239.905,239.905,239.905,,-5.15%,70.30919825500001,1.0065,70.76620804365751
2022-09-01,243.005,243.005,243.005,243.005,,1.29%,71.217718355,0.995,70.861629763225
2022-09-02,214.665,214.665,214.665,214.665,,-11.66%,62.912086215,1.003,63.100822473644996
2022-09-06,239.84,239.84,239.84,239.84,,11.73%,70.29014864000001,0.9914,69.68565336169601
2022-09-07,213.885,213.885,213.885,213.885,,-10.82%,62.683490835,0.9942,62.319926588156996
2022-09-08,220.54,220.54,220.54,220.54,,3.11%,64.63387834000001,0.9956,64.34948927530401
2022-09-09,207.09,207.09,207.09,207.09,,-6.10%,60.692073390000004,1.0046,60.971256927594
2022-09-12,190.59,190.59,190.59,190.59,,-7.97%,55.85640189000001,1.0129,56.576949474381
2022-09-13,198.61,198.61,198.61,198.61,,4.21%,58.20683131000001,0.9997,58.189369260607016
2022-09-14,217.88,217.88,217.88,217.88,,9.70%,63.854309480000005,0.9993,63.809611463364
2022-09-15,214.285,214.285,214.285,214.285,0.01K,-1.65%,62.800719235,0.9991,62.7441985876885
2022-09-16,187.795,187.795,187.795,187.795,,-12.36%,55.037268445,1.0013,55.108816893978506
2022-09-19,182.26,182.26,182.26,182.26,,-2.95%,53.415120460000004,1.0003,53.431144996138
2022-09-20,194.26,194.26,194.26,194.26,,6.58%,56.931972460000004,0.9994,56.897813276524005
2022-09-21,189.78,189.78,189.78,189.78,,-2.31%,55.61901438,0.988,54.95158620744
2022-09-22,187.47,187.47,187.47,187.47,,-1.22%,54.94202037,0.9841,54.068442246117
2022-09-23,185.495,185.495,185.495,185.495,,-1.05%,54.36320514500001,0.9719,52.83559908042551
2022-09-26,173.835,173.835,173.835,173.835,,-6.29%,50.945997285000004,0.9623,49.02533318735551
2022-09-27,186.1,186.1,186.1,186.1,,7.06%,54.540513100000005,0.9616,52.446157396960004
2022-09-28,207.185,207.185,207.185,207.185,,11.33%,60.71991513500001,0.9681,58.7829498421935
2022-09-29,187.665,187.665,187.665,187.665,,-9.42%,54.999169215,0.9774,53.756187990741005
2022-09-30,188.8,188.8,188.8,188.8,,0.60%,55.33180480000001,0.9783,54.13110463584
2022-10-03,169.91,169.91,169.91,169.91,,-10.01%,49.79569361,0.9809,48.844595862049
2022-10-04,161.95,161.95,161.95,161.95,,-4.68%,47.46284845,0.9977,47.353683898565
2022-10-05,173.695,173.695,173.695,173.695,,7.25%,50.904967345,0.9866,50.222840782577
2022-10-06,175.71,175.71,175.71,175.71,,1.16%,51.49550541000001,0.9806,50.49649260504601
2022-10-07,156.205,156.205,156.205,156.205,,-11.10%,45.77915555500001,0.9785,44.79490371056751
2022-10-10,154.12,154.12,154.12,154.12,,-1.33%,45.168102520000005,,
2022-10-11,156.78,156.78,156.78,156.78,,1.73%,45.94767138,0.9757,44.831142965466
2022-10-12,160.19,160.19,160.19,160.19,,2.18%,46.947043490000006,0.9692,45.501074550508
2022-10-13,153.81,153.81,153.81,153.81,,-3.98%,45.077250510000006,0.978,44.08555099878001
2022-10-14,141.995,141.995,141.995,141.995,,-7.68%,41.614616645000005,0.9739,40.528475150565505
2022-10-17,127.98,127.98,127.98,127.98,,-9.87%,37.50722658,0.9843,36.918363122694
2022-10-18,113.22,113.22,113.22,113.22,,-11.53%,33.18149862,0.9842,32.657230941803995
2022-10-19,112.51,112.51,112.51,112.51,,-0.63%,32.973418210000006,0.978,32.24800300938001
2022-10-20,127.145,127.145,127.145,127.145,,13.01%,37.262512295,0.9823,36.6029658273785
2022-10-21,113.575,113.575,113.575,113.575,,-10.67%,33.285538825,0.9855,32.8028985120375
2022-10-24,99.17,99.17,99.17,99.17,,-12.68%,29.063851070000002,0.9874,28.697646546518005
2022-10-25,99.795,99.795,99.795,99.795,,0.63%,29.247020445000004,0.9959,29.127107661175504
2022-10-26,104.32,104.32,104.32,104.32,,4.53%,30.57316672,1.0068,30.781064253695998
2022-10-27,107.385,107.385,107.385,107.385,,2.94%,31.471429335000003,0.9985,31.424222190997504
2022-10-28,112.244,112.244,112.244,112.244,,4.52%,32.895461324,0.9934,32.6783512792616
2022-10-31,123.35,123.35,123.35,123.35,,9.89%,36.150307850000004,0.9885,35.73457930972501
2022-11-01,116.195,116.195,116.195,116.195,,-5.80%,34.053384845000004,0.9871,33.6140961804995
2022-11-02,125.865,125.865,125.865,125.865,,8.32%,36.887381415,0.9875,36.4262891473125
2022-11-03,125.445,125.445,125.445,125.445,,-0.33%,36.764291595,0.9759,35.8782721675605
2022-11-04,114.785,114.785,114.785,114.785,,-8.50%,33.640154735,0.9895,33.286933110282504
2022-11-07,109.685,109.685,109.685,109.685,,-4.44%,32.145492635000004,0.9997,32.135848987209506
2022-11-08,118.145,118.145,118.145,118.145,,7.71%,34.624873295,1.0089,34.9330346673255
2022-11-09,113.145,113.145,113.145,113.145,,-4.23%,33.159518295000005,1.0037,33.282208512691504
2022-11-10,113.45,113.45,113.45,113.45,,0.27%,33.248904950000004,1.0176,33.83408567712001
2022-11-11,97.855,97.855,97.855,97.855,,-13.75%,28.678462705000005,,
2022-11-14,113.705,113.705,113.705,113.705,,16.20%,33.323638055,1.0337,34.446644657453504
2022-11-15,124.105,124.105,124.105,124.105,,9.15%,36.371576455,1.0372,37.724599099126
2022-11-16,113.9,113.9,113.9,113.9,,-8.22%,33.380786900000004,1.0395,34.69932798255001
2022-11-17,112.555,112.555,112.555,112.555,,-1.18%,32.986606405,1.0341,34.111449683410505
2022-11-18,115.51,115.51,115.51,115.51,,2.63%,33.852631210000006,1.0349,35.034088039229005
2022-11-21,116.13,116.13,116.13,116.13,,0.54%,34.03433523,1.0238,34.844352408474
2022-11-22,119.64,119.64,119.64,119.64,,3.02%,35.06301444,1.0276,36.030753638544006
2022-11-23,129.62,129.62,129.62,129.62,,8.34%,37.987863020000006,1.0364,39.370621233928006
2022-11-25,124.37,124.37,124.37,124.37,,-4.05%,36.449240270000004,1.0402,37.914499728854004
2022-11-28,123.28,123.28,123.28,123.28,,-0.88%,36.129792880000004,1.0386,37.524402885168
2022-11-29,132.286,132.286,132.286,132.286,,7.31%,38.769190306000006,1.0356,40.14937348089361
2022-11-30,146.395,146.395,146.395,146.395,,10.67%,42.904129045000005,1.0323,44.28993241315351
2022-12-01,139.26,139.26,139.26,139.26,,-4.87%,40.81306746,1.0498,42.845558219508
2022-12-02,135.56,135.56,135.56,135.56,,-2.66%,39.72870476000001,1.0521,41.798570277996006
2022-12-05,134.7,134.7,134.7,134.7,,-0.63%,39.4766637,1.0494,41.42681088678001
2022-12-06,138.49,138.49,138.49,138.49,,2.81%,40.587402790000006,1.0497,42.60459670866301
2022-12-07,149.245,149.245,149.245,149.245,,7.77%,43.739381395,1.0505,45.9482201554475
2022-12-08,138.895,138.895,138.895,138.895,,-6.93%,40.70609654500001,1.0552,42.953073074284006
2022-12-09,139.115,139.115,139.115,139.115,,0.16%,40.770572165000004,1.055,43.012953634075004
2022-12-12,136.59,136.59,136.59,136.59,,-1.82%,40.03056789000001,1.0545,42.212233840005005
2022-12-13,137.53,137.53,137.53,137.53,,0.69%,40.306054630000006,1.063,42.84533607169001
2022-12-14,131.51,131.51,131.51,131.51,,-4.38%,38.54176721,1.0655,41.066252962255
2022-12-15,134.765,134.765,134.765,134.765,,2.48%,39.495713314999996,1.0638,42.015539824497
2022-12-16,115.45,115.45,115.45,115.45,,-14.33%,33.835046950000006,1.061,35.89898481395
2022-12-19,108.545,108.545,108.545,108.545,,-5.98%,31.811391695000005,1.0624,33.796422536768006
2022-12-20,105.69,105.69,105.69,105.69,,-2.63%,30.974673990000003,1.0635,32.941565788365
2022-12-21,97.75,97.75,97.75,97.75,,-7.51%,28.647690250000004,1.0599,30.363686895975007
2022-12-22,91.94,91.94,91.94,91.94,,-5.94%,26.944947740000003,1.0588,28.529310667112004
2022-12-23,82.975,82.975,82.975,82.975,,-9.75%,24.317566225,1.0621,25.8276870875725
2022-12-27,80.045,80.045,80.045,80.045,,-3.53%,23.458868195,1.0654,24.993078174953
2022-12-28,81.35,81.35,81.35,81.35,,1.63%,23.84132585,1.0622,25.324256317870002
2022-12-29,83.83,83.83,83.83,83.83,,3.05%,24.568141930000003,1.0668,26.209293810924002
2022-12-30,76.315,76.315,76.315,76.315,,-8.96%,22.365713365,1.0698,23.926840157877002
2023-01-03,72.315,72.315,72.315,72.315,,-5.24%,21.193429365,1.0559,22.3781420665035
2023-01-04,65.02,65.02,65.02,65.02,,-10.09%,19.05547642,1.062,20.236915958040004
2023-01-05,72.42,72.42,72.42,72.42,,11.38%,21.22420182,1.0522,22.332105155004
2023-01-06,69.535,72.0,76.0,68.0,0.01K,-3.98%,20.378691985,1.0619,21.640133018871502
2023-01-09,74.3,71.05,75.4,70.1,0.01K,6.85%,21.7751753,1.0759,23.427911105270002
2023-01-10,70.07,73.0,76.0,70.2,0.02K,-5.69%,20.53548497,1.0737,22.048950212289
2023-01-11,65.345,67.595,67.595,65.5,0.01K,-6.74%,19.150724495000002,1.074,20.567878107630005
2023-01-12,66.81,69.6,69.6,67.6,0.01K,2.24%,19.580073510000002,1.0823,21.191513559873002
2023-01-13,64.81,66.3,66.3,62.8,0.01K,-2.99%,18.993931510000003,1.0811,20.534339355461004
2023-01-17,60.06,65.0,65.0,54.5,0.01K,-7.33%,17.601844260000004,1.0793,18.997670509818004
2023-01-18,61.71,60.0,62.2,60.0,0.01K,2.75%,18.085411410000003,1.0827,19.581074933607002
2023-01-19,60.715,60.3,61.1,60.3,0.02K,-1.61%,17.793805765000002,1.081,19.235104031965
2023-01-20,66.9,66.5,66.5,66.5,0.00K,10.19%,19.606449900000005,1.0831,21.235745886690005
2023-01-23,66.0,65.2,65.2,64.6,0.00K,-1.35%,19.342686,1.0865,21.015828339000002
2023-01-24,58.27,58.27,58.27,58.27,,-11.71%,17.077247170000003,1.0873,18.568090847941
2023-01-25,56.66,57.25,57.25,56.6,0.00K,-2.76%,16.60540286,1.0901,18.101549657686004
2023-01-26,54.815,56.6,56.6,56.6,0.00K,-3.26%,16.064686865000002,1.0866,17.455888747509004
2023-01-27,55.425,53.5,53.5,53.0,0.01K,1.11%,16.243460175,1.0857,17.6355247119975
2023-01-30,55.156,56.85,56.85,55.5,0.01K,-0.49%,16.164624076000003,1.0867,17.5660969833892
2023-01-31,57.35,60.2,60.2,57.4,0.01K,3.98%,16.80762185,1.0858,18.249715804730002
2023-02-01,59.525,57.4,58.2,57.4,0.00K,3.79%,17.445051275,1.0917,19.044762476917498
2023-02-02,57.04,57.1,57.1,56.7,0.00K,-4.17%,16.71676984,1.0918,18.251369311312004
2023-02-03,57.89,58.0,59.2,57.9,0.01K,1.49%,16.96588019,1.0825,18.365565305675002
2023-02-06,58.11,58.11,58.11,58.11,,0.38%,17.03035581,1.0722,18.259947499482
2023-02-07,55.405,57.4,57.7,55.5,0.01K,-4.65%,16.237598755,1.0705,17.3823494672275
2023-02-08,53.685,53.685,53.685,53.685,,-3.10%,15.733516635000003,1.0734,16.888356756009003
2023-02-09,52.735,52.735,52.735,52.735,,-1.77%,15.455099185000002,1.0761,16.6312322329785
2023-02-10,53.945,53.25,53.25,53.25,0.00K,2.29%,15.809715095000001,1.067,16.868966006365
2023-02-13,51.705,51.705,51.705,51.705,,-4.15%,15.153236055,1.0718,16.241238403749
2023-02-14,52.385,52.0,52.0,52.0,0.00K,1.32%,15.352524335,1.0722,16.460976591987002
2023-02-15,54.715,54.2,54.2,54.2,0.00K,4.45%,16.035379765000002,1.0683,17.1305962029495
2023-02-16,52.01,54.0,54.0,54.0,0.01K,-4.94%,15.242622710000001,1.0684,16.285218103364002
2023-02-17,49.045,49.7,49.7,49.5,0.00K,-5.70%,14.373667195000001,1.0678,15.348201830821003
2023-02-21,48.54,50.8,50.8,50.8,0.00K,-1.03%,14.225666340000002,1.0657,15.160292618538003
2023-02-22,50.57,50.57,50.57,50.57,,4.18%,14.820600470000002,1.0623,15.743923879281002
2023-02-23,50.78,50.78,50.78,50.78,,0.42%,14.882145380000003,1.0583,15.749774455654004
2023-02-24,51.015,51.015,51.015,51.015,,0.46%,14.951017065000002,1.0545,15.765847495042502
2023-02-27,47.299,47.299,47.299,47.299,,-7.28%,13.861965229,1.0596,14.688138356648402
2023-02-28,46.665,48.0,48.0,46.7,0.00K,-1.34%,13.676158215000001,1.0602,14.499462939543001
2023-03-01,47.085,47.25,48.2,47.0,0.01K,0.90%,13.799248035000002,1.0674,14.729317352559
2023-03-02,46.815,47.5,47.5,47.3,0.00K,-0.57%,13.720118865,1.0595,14.5364659374675
2023-03-03,44.98,45.65,46.285,45.075,0.01K,-3.92%,13.18233358,1.0616,13.994365328528001
2023-03-06,42.15,43.3,43.3,41.7,0.01K,-6.29%,12.352942650000001,1.0694,13.21023686991
2023-03-07,43.37,42.8,43.65,42.8,0.02K,2.89%,12.71048927,1.0573,13.438800305170998
2023-03-08,42.34,44.6,44.6,44.6,0.03K,-2.37%,12.408626140000003,1.0549,13.089859715086002
2023-03-09,43.6,41.15,41.15,41.15,0.00K,2.98%,12.7778956,1.0577,13.515180176120001
2023-03-10,52.855,48.0,54.23,45.3,0.03K,21.23%,15.490267705,1.0659,16.511076346759502
2023-03-13,49.585,49.25,51.825,48.8,0.04K,-6.19%,14.531925535000001,1.0733,15.5971156767155
2023-03-14,44.185,46.75,46.75,44.545,0.14K,-10.89%,12.949342135000002,1.0722,13.884284637147003
2023-03-15,42.905,43.85,43.9,42.65,0.02K,-2.90%,12.574211255000002,1.0535,13.246931557142503
2023-03-16,44.34,42.0,44.65,42.0,0.04K,3.34%,12.994768140000001,1.0622,13.803042718308001
2023-03-17,42.855,43.8,44.0,42.32,0.14K,-3.35%,12.559557705,1.0647,13.372161088513499
2023-03-20,39.325,40.1,40.7,38.855,0.07K,-8.24%,11.525017075000003,1.0722,12.357123307815003
2023-03-21,42.4,38.985,41.5,38.985,0.05K,7.82%,12.4262104,1.0769,13.38178597976
2023-03-22,39.975,41.55,41.55,39.945,0.11K,-5.72%,11.715513225000002,1.0792,12.643381872420001
2023-03-23,43.185,42.6,43.81,42.245,0.19K,8.03%,12.656271135000003,1.089,13.782679266015002
2023-03-24,41.095,41.75,41.75,41.75,0.01K,-4.84%,12.043752745,1.0762,12.961486704169001
2023-03-27,42.53,42.53,42.53,42.53,,3.49%,12.46430963,1.0789,13.447743659807001
2023-03-28,42.75,42.83,42.83,42.83,0.01K,0.52%,12.52878525,1.0844,13.586214725100001
2023-03-29,42.805,42.805,42.805,42.805,,0.13%,12.544904155000001,1.0826,13.581113238203
2023-03-30,43.609,43.609,43.609,43.609,0.00K,1.88%,12.780533239000002,1.0899,13.929503177186103
2023-03-31,47.845,44.95,44.95,44.95,0.01K,9.71%,14.021981995,1.0872,15.244698824964
2023-04-03,51.365,49.9,51.835,49.9,0.08K,7.36%,15.053591915000002,1.0891,16.3948669546265
2023-04-04,46.57,48.945,48.945,45.825,0.13K,-9.34%,13.648316470000001,1.0951,14.946271366297001
2023-04-05,44.575,46.6,47.2,44.4,0.11K,-4.28%,13.063639825000003,1.0918,14.262881960935005
2023-04-06,43.125,43.765,44.0,42.895,0.07K,-3.25%,12.638686875000001,1.0927,13.810293148312502
2023-04-10,43.125,43.125,43.125,43.125,,0.00%,12.638686875000001,1.084,13.700336572500003
2023-04-11,43.69,43.1,44.365,42.425,0.09K,1.31%,12.80427199,1.0906,13.964339032294001
2023-04-12,42.88,43.295,43.9,42.94,0.09K,-1.85%,12.566884480000002,1.0987,13.807235978176003
2023-04-13,42.095,42.6,42.605,41.945,0.16K,-1.83%,12.336823745,1.1054,13.637124967722999
2023-04-14,41.15,41.05,41.88,41.05,0.28K,-2.24%,12.05987165,1.098,13.241739071700001
2023-04-17,41.125,42.185,42.185,41.05,0.27K,-0.06%,12.052544875,1.0915,13.1553527310625
2023-04-18,42.72,41.505,42.99,41.505,0.14K,3.88%,12.51999312,1.0958,13.719408460896002
2023-04-19,40.3,42.425,42.425,39.805,0.21K,-5.66%,11.8107613,1.0953,12.936326851889998
2023-04-20,40.565,40.4,41.02,40.4,0.33K,0.66%,11.888425115,1.097,13.041602351155
2023-04-21,40.165,40.65,41.15,39.95,0.03K,-0.99%,11.771196715,1.0973,12.916534155369499
2023-04-24,39.925,39.925,39.925,39.925,,-0.60%,11.700859675,1.1027,12.9025379636225
2023-04-25,39.835,39.835,39.835,39.835,,-0.23%,11.674483285,1.0968,12.804573266988001
2023-04-26,38.55,38.55,38.55,38.55,,-3.23%,11.29788705,1.1052,12.486424767659999
2023-04-27,39.039,39.039,39.039,39.039,0.02K,1.27%,11.441198769000001,1.1017,12.6047686838073
2023-04-28,38.54,39.8,39.8,38.3,0.00K,-1.28%,11.29495634,1.104,12.469631799360002
2023-05-01,38.835,38.835,38.835,38.835,0.01K,0.77%,11.381412285000001,1.097,12.485409276645
2023-05-02,37.53,37.86,38.05,37.275,0.24K,-3.36%,10.998954630000002,1.0997,12.095550406611
2023-05-03,36.78,37.495,37.495,36.4,0.41K,-2.00%,10.779151380000002,1.1049,11.909884359762001
2023-05-04,35.655,36.95,36.95,35.7,0.45K,-3.06%,10.449446505000001,1.1009,11.503795657354502
2023-05-05,36.575,35.925,36.79,35.925,0.34K,2.58%,10.719071825000002,1.1026,11.818848594245003
2023-05-08,36.875,36.85,37.25,36.85,0.03K,0.82%,10.806993125000002,1.102,11.909306423750003
2023-05-09,35.95,36.625,36.91,35.8,0.26K,-2.51%,10.535902450000002,1.0953,11.539973953485001
2023-05-10,34.995,35.7,36.0,34.74,0.21K,-2.66%,10.256019645,1.0966,11.246751142707
2023-05-11,34.995,34.9,35.16,34.67,0.43K,0.00%,10.256019645,1.0916,11.195471044482
2023-05-12,32.765,33.95,33.95,32.35,0.43K,-6.37%,9.602471315,1.0856,10.424442859564
2023-05-15,32.315,32.305,33.6,32.0,0.28K,-1.37%,9.470589365,1.0874,10.298318875501
2023-05-16,31.82,32.35,32.93,31.635,0.44K,-1.53%,9.32551922,1.0866,10.133109184452
2023-05-17,31.955,32.6,32.6,32.175,0.15K,0.42%,9.365083805000001,1.083,10.142385760815001
2023-05-18,29.785,29.985,29.985,29.975,0.09K,-6.79%,8.729119735000001,1.0776,9.406499426436
2023-05-19,30.175,30.175,30.175,30.175,,1.31%,8.843417425,1.0819,9.567693312107501
2023-05-22,29.71,30.2,30.2,30.2,0.17K,-1.54%,8.707139410000002,1.0806,9.408934846446002
2023-05-23,29.125,29.125,29.125,29.125,0.04K,-1.97%,8.535692875,1.0771,9.1937947956625
2023-05-24,27.785,28.63,28.63,28.63,0.05K,-4.60%,8.142977735,1.0758,8.760215447313001
2023-05-25,25.45,26.9,26.9,25.29,0.04K,-8.40%,7.458656950000001,1.0725,7.999409578875001
2023-05-26,24.52,25.435,25.435,23.79,0.10K,-3.65%,7.18610092,1.0713,7.698469915596
2023-05-30,24.681,24.681,24.681,24.681,,0.66%,7.233285351000001,1.0722,7.755528553342201
2023-05-31,26.85,25.495,27.95,25.495,0.04K,8.79%,7.868956350000001,1.0654,8.383586095290001
2023-06-01,23.105,25.2,25.2,23.43,0.20K,-13.95%,6.771405455000001,1.0752,7.280615145216
2023-06-02,23.69,23.75,23.845,23.125,0.30K,2.53%,6.942851990000001,1.0724,7.445514474076002
2023-06-05,28.48,24.25,28.695,24.25,0.08K,20.22%,8.346662080000002,1.0721,8.948456415968002
2023-06-06,24.86,28.3,28.3,24.775,0.33K,-12.71%,7.285745060000001,1.0695,7.79210434167
2023-06-07,26.33,25.35,26.99,25.2,0.74K,5.91%,7.71655943,1.0702,8.258261901986
2023-06-08,26.945,26.55,28.5,26.05,0.42K,2.34%,7.896798095000001,1.078,8.512748346410001
2023-06-09,32.05,27.15,33.015,27.15,0.28K,18.95%,9.39292555,1.0749,10.096455673694999
2023-06-12,31.035,31.605,32.045,29.4,0.20K,-3.17%,9.095458485,1.0747,9.7748892338295
2023-06-13,36.05,33.65,35.15,33.65,0.04K,16.16%,10.56520955,1.0792,11.40197414636
2023-06-14,38.31,34.125,40.055,34.125,0.19K,6.27%,11.227550010000002,1.0859,12.191996555859003
2023-06-15,41.145,37.35,43.53,37.35,0.18K,7.40%,12.058406295000003,1.0933,13.183455602323502
2023-06-16,35.01,34.55,37.05,32.4,0.10K,-14.91%,10.26041571,1.0925,11.209504163175
2023-06-20,38.71,32.65,39.35,31.88,0.31K,10.57%,11.344778410000002,1.09,12.365808466900003
2023-06-21,36.745,36.8,38.96,36.77,2.09K,-5.08%,10.768893895,1.0951,11.793015704414499
2023-06-22,34.095,36.9,36.935,34.055,0.53K,-7.21%,9.992255745000001,1.0953,10.9445177174985
2023-06-23,32.507,32.64,33.0,32.385,0.27K,-4.66%,9.526858997,1.0887,10.3718913900339
2023-06-26,31.975,34.305,34.305,34.155,0.08K,-1.64%,9.370945225000002,1.091,10.223701240475002
2023-06-27,34.505,32.905,32.905,32.35,0.06K,7.91%,10.112414855,1.0961,11.084217922565502
2023-06-28,34.125,33.8,34.4,33.8,0.03K,-1.10%,10.001047875000001,1.0904,10.905142602900002
2023-06-29,35.18,32.3,33.05,32.3,0.04K,3.09%,10.310237780000001,1.0881,11.218569728418002
2023-06-30,37.103,35.195,37.65,35.195,0.13K,5.47%,10.873813313000001,1.092,11.874204137796003
2023-07-03,33.93,37.82,37.82,33.995,0.40K,-8.55%,9.94389903,1.0919,10.857743350857001
2023-07-05,34.375,33.825,36.11,33.805,0.30K,1.31%,10.074315625,1.0868,10.94876622125
2023-07-06,32.35,33.24,33.24,32.3,1.41K,-5.89%,9.48084685,1.0873,10.308524780005
2023-07-07,33.478,33.3,33.585,32.705,0.26K,3.49%,9.811430938,1.0964,10.757252880423202
2023-07-10,30.225,32.83,32.83,29.555,0.77K,-9.72%,8.858070975,1.0991,9.7359058086225
2023-07-11,29.06,29.93,29.93,28.91,0.54K,-3.85%,8.51664326,1.0992,9.361494271392
2023-07-12,26.64,28.455,28.58,26.32,1.54K,-8.33%,7.807411440000001,1.1123,8.684183744712001
2023-07-13,26.605,26.885,27.545,26.23,0.37K,-0.13%,7.797153955000001,1.1194,8.728134137227
2023-07-14,25.957,27.57,28.7,25.11,1.82K,-2.44%,7.607243947000001,1.1237,8.5482600232439
2023-07-17,25.1,24.465,25.785,24.465,3.05K,-3.30%,7.356082100000001,1.1236,8.26529384756
2023-07-18,27.07,26.0,27.495,25.265,1.76K,7.85%,7.933431970000001,1.1223,8.903690699931001
2023-07-19,26.965,27.155,28.13,25.59,0.88K,-0.39%,7.902659515000001,1.1195,8.8470273270425
2023-07-20,28.02,25.54,27.915,25.54,0.48K,3.91%,8.21184942,1.1135,9.14389432917
2023-07-21,28.164,30.0,30.53,28.615,0.22K,0.51%,8.254051644,1.112,9.178505428128002
2023-07-24,30.555,28.15,30.425,28.15,0.28K,8.49%,8.954784405,1.1083,9.9245875560615
2023-07-25,32.65,30.22,32.87,30.22,0.28K,6.86%,9.56876815,1.105,10.57348880575
2023-07-26,29.275,32.78,32.78,29.065,0.64K,-10.34%,8.579653525000001,1.1078,9.504540174995
2023-07-27,28.435,29.25,29.45,28.105,0.45K,-2.87%,8.333473885,1.0998,9.165154578723001
2023-07-28,25.841,27.275,27.275,26.05,1.29K,-9.12%,7.573247711000001,1.1039,8.360108148172902
2023-07-31,28.365,27.805,28.925,27.17,0.62K,9.77%,8.312958915,1.102,9.16088072433
2023-08-01,27.125,29.115,29.115,26.98,2.04K,-4.37%,7.949550875000001,1.0971,8.721452264962501
2023-08-02,28.74,27.3,29.155,27.3,2.30K,5.95%,8.42286054,1.0939,9.213767144706
2023-08-03,30.475,29.875,31.35,29.68,2.08K,6.04%,8.931338725000002,1.0947,9.777136502257502
2023-08-04,28.853,29.5,29.785,28.645,1.45K,-5.32%,8.455977563000001,1.1036,9.332016838526801
2023-08-07,30.485,29.8,31.07,29.55,1.38K,5.66%,8.934269435000001,1.1,9.827696378500002
2023-08-08,31.065,29.81,31.695,29.785,0.82K,1.90%,9.104250615000002,1.0951,9.970064848486501
2023-08-09,39.825,33.15,43.245,33.15,0.67K,28.20%,11.671552575000002,1.0975,12.8095289510625
2023-08-10,37.055,37.095,39.465,36.59,1.30K,-6.96%,10.859745905,1.1016,11.963096088948
2023-08-11,35.3,37.0,37.025,35.18,0.67K,-4.74%,10.3454063,1.0957,11.33546168291
2023-08-14,34.435,36.65,36.655,33.725,0.46K,-2.45%,10.091899885000002,1.0922,11.022373054397002
2023-08-15,38.815,36.835,40.5,36.2,1.70K,12.72%,11.375550865000001,1.0928,12.431201985272
2023-08-16,37.785,41.83,41.83,37.16,1.42K,-2.65%,11.073687735,1.0904,12.074749106244
2023-08-17,36.825,37.15,39.325,36.325,0.59K,-2.54%,10.792339575000002,1.0874,11.735590053855
2023-08-18,36.41,36.265,37.75,35.685,0.55K,-1.13%,10.67071511,1.0875,11.604402682124999
2023-08-21,40.78,38.575,40.87,38.48,0.43K,12.00%,11.951435380000001,1.0888,13.012722841744
2023-08-22,42.91,39.355,44.7,39.355,5.92K,5.22%,12.57567661,1.0846,13.639578851206
2023-08-23,36.785,41.65,42.495,36.475,0.72K,-14.27%,10.780616735,1.0862,11.709905897557002
2023-08-24,31.94,33.165,33.48,31.725,0.50K,-13.17%,9.360687740000001,1.0826,10.133880547324
2023-08-25,34.775,34.3,35.7,33.56,0.45K,8.88%,10.191544025,1.0787,10.993618539767501
2023-08-28,38.415,35.495,38.48,35.495,0.11K,10.47%,11.258322465000001,1.081,12.170246584665
2023-08-29,35.195,36.885,36.885,34.805,1.95K,-8.38%,10.314633845000001,1.0851,11.1924091852095
2023-08-30,35.992,34.425,36.1,34.425,3.14K,2.26%,10.548211432,1.0926,11.5249758106032
2023-08-31,35.03,39.0,39.0,34.82,2.85K,-2.67%,10.26627713,1.0839,11.127617781207002
2023-09-01,35.617,35.75,37.155,34.315,3.05K,1.68%,10.438309807,1.0787,11.2598047888109
2023-09-05,34.45,36.25,37.0,32.925,3.02K,-3.28%,10.096295950000002,1.0727,10.830296665565001
2023-09-06,31.075,33.68,34.1,30.8,2.98K,-9.80%,9.107181325,1.0714,9.757434071605001
2023-09-07,32.755,30.955,33.11,30.57,0.19K,5.41%,9.599540605000001,1.0704,10.275348263592
2023-09-08,34.51,35.09,36.86,33.985,1.93K,5.36%,10.11388021,1.0709,10.830954316888999
2023-09-11,35.85,36.54,37.71,35.605,1.66K,3.88%,10.506595350000001,1.0744,11.288286044040001
2023-09-12,34.7,35.13,36.575,34.335,1.24K,-3.21%,10.169563700000001,1.0726,10.907874024620002
2023-09-13,36.815,35.27,37.975,35.27,1.87K,6.10%,10.789408865,1.0737,11.584588298350502
2023-09-14,35.52,37.45,37.72,35.18,2.22K,-3.52%,10.409881920000002,1.066,11.096934126720003
2023-09-15,36.485,35.13,36.71,34.815,2.24K,2.72%,10.692695435000001,1.0673,11.4123138377755
2023-09-18,34.475,34.495,35.82,33.95,2.55K,-5.51%,10.103622725000001,1.0695,10.8058245043875
2023-09-19,36.78,34.25,37.49,34.05,1.54K,6.69%,10.779151380000002,1.0684,11.516445334392003
2023-09-20,37.285,38.575,39.27,35.675,2.60K,1.37%,10.927152235,1.0715,11.708443619802498
2023-09-21,39.105,35.695,39.335,35.695,4.22K,4.88%,11.460541455,1.0664,12.221521407612
2023-09-22,39.791,39.915,41.735,39.455,2.93K,1.75%,11.661588161000001,1.066,12.431252979626002
2023-09-25,44.44,39.475,44.73,39.475,0.49K,11.68%,13.02407524,1.0591,13.793798086684
2023-09-26,40.32,42.85,42.98,39.3,0.83K,-9.27%,11.816622720000002,1.0573,12.493715201856
2023-09-27,39.295,39.0,39.8,38.72,0.34K,-2.54%,11.516224945000001,1.051,12.103552417195
2023-09-28,39.736,40.63,41.6,39.5,1.78K,1.12%,11.645469256,1.0578,12.318577378996801
2023-09-29,41.859,43.0,43.0,41.23,2.02K,5.34%,12.267658989000001,1.0584,12.984090273957602
2023-10-02,39.335,40.61,40.61,38.555,1.43K,-6.03%,11.527947785000002,1.05,12.104345174250003
2023-10-03,36.985,37.89,37.89,35.88,1.98K,-5.97%,10.839230935000002,1.0453,11.3302480963555
2023-10-04,38.44,37.6,38.645,36.965,1.34K,3.93%,11.26564924,1.0518,11.849209870632
2023-10-05,36.205,37.62,37.62,36.05,1.07K,-5.81%,10.610635555,1.0527,11.1698160487485
2023-10-06,38.231,36.0,38.515,35.915,2.78K,5.60%,11.204397401000001,1.0596,11.872179486099602
2023-10-09,43.955,41.17,44.535,40.62,0.86K,14.97%,12.881935805000001,,
2023-10-10,49.455,46.01,49.73,45.23,2.09K,12.51%,14.493826305,1.0618,15.389544770649001
2023-10-11,46.07,48.685,49.53,45.675,3.01K,-6.84%,13.50178097,1.062,14.33889139014
2023-10-12,53.0,45.795,53.165,45.345,1.73K,15.04%,15.532763000000001,1.0553,16.3917247939
2023-10-13,53.982,53.31,55.67,51.185,0.52K,1.85%,15.820558722000001,1.0502,16.614750769844402
2023-10-16,48.465,52.665,52.985,48.26,0.69K,-10.22%,14.203686015000002,1.0546,14.979207271419002
2023-10-17,48.895,48.21,49.39,46.405,0.20K,0.89%,14.329706545000002,1.0593,15.1794581431185
2023-10-18,50.835,48.9,51.575,47.65,0.39K,3.97%,14.898264285000002,1.0532,15.690851944962
2023-10-19,50.17,48.93,50.61,46.835,0.58K,-1.31%,14.703372070000002,1.057,15.541464277990002
2023-10-20,51.112,52.845,52.845,49.51,1.69K,1.88%,14.979444952000001,1.0592,15.8662280931584
2023-10-23,51.275,48.23,51.61,48.23,0.19K,0.32%,15.027215525,1.0646,15.997973647915
2023-10-24,49.265,50.6,53.025,48.49,2.20K,-3.92%,14.438142815,1.0595,15.297212312492503
2023-10-25,49.925,50.28,51.105,48.91,0.80K,1.34%,14.631569675,1.0583,15.4845901870525
2023-10-26,50.81,51.0,52.2,49.51,2.15K,1.77%,14.890937510000002,1.0532,15.683135385532001
2023-10-27,50.53,51.0,51.595,49.85,0.23K,-0.55%,14.808877630000001,1.0592,15.685563185696001
2023-10-30,50.547,54.425,54.425,50.9,0.04K,0.03%,14.813859837,1.062,15.732319146894001
2023-10-31,48.005,51.49,51.96,47.65,2.90K,-5.03%,14.068873355000003,1.0568,14.867985361564003
2023-11-01,47.755,46.59,48.945,46.45,3.92K,-0.52%,13.995605605000002,1.0538,14.748569186549002
2023-11-02,48.565,48.175,49.345,46.225,2.26K,1.70%,14.232993115000001,1.0618,15.112592089507002
2023-11-03,48.057,49.225,50.37,46.96,2.33K,-1.05%,14.084113047000002,1.0733,15.116478533345102
2023-11-06,44.83,47.0,47.0,44.695,2.34K,-6.71%,13.138372930000001,1.0747,14.119809387871001
2023-11-07,46.055,45.24,47.05,45.005,2.22K,2.73%,13.497384905,1.0687,14.4246552479735
2023-11-08,45.775,45.75,46.21,45.0,0.91K,-0.61%,13.415325025000001,1.0715,14.3745207642875
2023-11-09,48.13,45.01,49.06,45.01,1.56K,5.14%,14.105507230000002,1.071,15.106998243330002
2023-11-10,46.63,47.045,47.355,45.735,0.27K,-3.12%,13.665900730000002,,
2023-11-13,47.875,45.94,47.995,44.565,0.20K,2.67%,14.030774125,1.07,15.01292831375
2023-11-14,47.61,46.895,48.0,46.065,1.54K,-0.55%,13.953110310000001,1.0861,15.154473107691002
2023-11-15,47.035,48.495,49.38,46.485,0.35K,-1.21%,13.784594485,1.0853,14.960420394570498
2023-11-16,45.85,46.47,47.82,45.485,0.24K,-2.52%,13.43730535,1.0851,14.580820035285
2023-11-17,45.064,46.1,46.75,44.85,0.29K,-1.71%,13.206951544,1.0879,14.367842584717602
2023-11-20,45.82,47.035,47.52,45.21,0.85K,1.68%,13.428513220000001,1.0945,14.697507719290002
2023-11-21,44.065,46.175,46.175,43.205,1.49K,-3.83%,12.914173615000001,1.0923,14.106151839664502
2023-11-22,44.615,44.05,45.13,43.355,0.25K,1.25%,13.075362665000002,1.0871,14.214226753121501
2023-11-24,46.655,46.25,47.18,44.93,0.36K,4.57%,13.673227505000002,1.0934,14.950306953967
2023-11-27,43.985,45.045,45.045,43.74,1.24K,-5.72%,12.890727935000001,1.0937,14.0985891425095
2023-11-28,42.775,44.095,44.095,42.07,4.86K,-2.75%,12.536112025000001,1.1007,13.798498505917502
2023-11-29,40.36,41.275,41.275,39.57,0.22K,-5.65%,11.82834556,1.0969,12.974512244764
2023-11-30,42.09,40.44,43.03,40.375,1.66K,4.29%,12.335358390000001,1.0908,13.455408931812002
2023-12-01,43.496,42.795,44.12,41.745,1.01K,3.34%,12.747416216000001,1.0878,13.866639359764802
2023-12-04,40.105,41.815,41.9,39.905,0.85K,-7.80%,11.753612455,1.0824,12.722110121292001
2023-12-05,38.135,39.455,39.92,37.94,2.35K,-4.91%,11.176262585,1.0787,12.0558344504395
2023-12-06,39.315,38.995,39.78,38.92,1.32K,3.09%,11.522086365,1.079,12.432331187834999
2023-12-07,39.97,39.8,40.885,39.61,0.08K,1.67%,11.71404787,1.0794,12.644143270877999
2023-12-08,38.6,41.275,41.65,38.595,0.14K,-3.43%,11.312540600000002,1.0746,12.156456128760002
2023-12-11,36.12,36.345,37.155,35.95,1.19K,-6.42%,10.58572452,1.0747,11.376478141643998
2023-12-12,34.705,36.43,36.535,34.535,0.85K,-3.92%,10.171029055,1.079,10.974540350345
2023-12-13,35.81,34.675,36.25,34.675,2.34K,3.18%,10.494872510000002,1.0793,11.327115900043001
2023-12-14,34.85,36.65,36.65,34.585,0.41K,-2.68%,10.213524350000002,1.0997,11.231812727695
2023-12-15,33.19,33.895,34.43,33.01,0.22K,-4.76%,9.72702649,1.0906,10.608295089994
2023-12-18,35.52,33.635,37.385,32.465,2.61K,7.02%,10.409881920000002,1.092,11.367591056640004
2023-12-19,32.57,34.33,34.33,32.18,0.58K,-8.31%,9.54532247,1.0977,10.477900475319
2023-12-20,33.52,34.56,34.56,32.905,0.69K,2.92%,9.823739920000001,1.0957,10.763871830344
2023-12-21,34.205,34.27,36.245,33.97,0.66K,2.04%,10.024493555000001,1.099,11.016918416945002
2023-12-22,34.174,34.56,34.665,33.48,0.70K,-0.09%,10.015408354000002,1.1008,11.024961516083202
2023-12-26,34.175,34.175,34.175,34.175,,0.00%,10.015701425,1.1035,11.0523265224875
2023-12-27,35.515,36.875,36.875,35.5,0.63K,3.92%,10.408416565000001,1.1114,11.567914170341002
2023-12-28,33.105,34.015,34.015,34.01,1.00K,-6.79%,9.702115455,1.1073,10.743152443321499
2023-12-29,32.35,33.55,34.065,31.635,0.21K,-2.28%,9.48084685,1.1062,10.487712785470002
2024-01-02,30.57,33.395,33.395,30.07,0.32K,-5.50%,8.959180470000002,1.0957,9.816574040979
2024-01-03,32.795,30.485,33.205,30.485,1.72K,7.28%,9.611263445,1.0909,10.4849272921505
2024-01-04,33.41,33.575,33.92,32.125,1.12K,1.88%,9.79150211,1.0957,10.728548861926999
2024-01-05,34.55,32.46,35.045,32.46,0.48K,3.41%,10.12560305,1.0957,11.094623261885
2024-01-08,31.58,33.75,33.95,31.315,1.34K,-8.60%,9.25518218,1.0976,10.158487960768
2024-01-09,30.64,30.405,31.8,30.23,0.50K,-2.98%,8.97969544,1.0935,9.81929696364
2024-01-10,30.94,31.145,31.45,30.325,0.49K,0.98%,9.067616740000002,1.096,9.938107947040002
2024-01-11,30.815,30.7,31.0,30.235,0.41K,-0.40%,9.030982865,1.0943,9.882604549169502
2024-01-12,31.99,31.46,32.2,30.93,1.42K,3.81%,9.37534129,1.0959,10.274436519711001
2024-01-16,29.655,31.31,31.535,29.32,0.90K,-7.30%,8.691020505000001,1.0882,9.457568513541002
2024-01-17,27.71,29.135,29.6,27.44,0.22K,-6.56%,8.120997410000001,1.0858,8.817778987778002
2024-01-18,27.895,27.675,28.705,27.55,0.38K,0.67%,8.175215545,1.0863,8.880736646533501
2024-01-19,28.429,28.6,29.13,28.175,0.29K,1.91%,8.331715459,1.0887,9.0707386202133
2024-01-22,27.265,27.105,27.8,26.755,0.35K,-4.09%,7.990580815000001,1.0895,8.7057377979425
2024-01-23,27.225,27.375,27.78,26.725,0.92K,-0.15%,7.978857975000001,1.0829,8.640305301127501
2024-01-24,28.93,27.455,29.13,27.445,0.63K,6.26%,8.47854403,1.0901,9.242460847103
2024-01-25,27.785,28.8,29.215,27.485,0.12K,-3.96%,8.142977735,1.0837,8.8245449714195
2024-01-26,28.079,27.14,27.975,26.84,0.06K,1.06%,8.229140609000002,1.0866,8.941784185739403
2024-01-29,28.175,28.54,28.95,28.155,0.21K,0.34%,8.257275425000001,1.0807,8.923637551797501
2024-01-30,29.391,28.05,28.55,28.05,0.09K,4.32%,8.613649761,1.0844,9.3406418008284
2024-01-31,30.235,29.49,31.05,29.18,0.20K,2.87%,8.861001685,1.0855,9.618617329067499
2024-02-01,28.99,30.14,30.715,28.8,1.04K,-4.12%,8.49612829,1.0865,9.231043387085
2024-02-02,29.305,28.63,29.54,28.63,1.46K,1.09%,8.588445655000001,1.0787,9.264356328048502
2024-02-05,28.34,29.85,29.85,28.08,0.48K,-3.29%,8.30563214,1.0736,8.916926665504
2024-02-06,28.605,28.42,29.2,27.8,0.33K,0.94%,8.383295955000001,1.0751,9.0128814812205
2024-02-07,28.185,28.225,28.845,28.005,0.28K,-1.47%,8.260206135,1.0769,8.8954159867815
2024-02-08,27.81,28.15,28.505,27.665,0.59K,-1.33%,8.15030451,1.0774,8.781138079074
2024-02-09,27.115,27.255,27.45,26.65,0.27K,-2.50%,7.946620165000001,1.0782,8.568045861903
2024-02-12,25.73,26.18,26.325,25.63,0.52K,-5.11%,7.540716830000001,1.0774,8.124368312642
2024-02-13,25.435,26.15,26.495,25.25,0.81K,-1.15%,7.454260885,1.072,7.990967668720001
2024-02-14,24.855,25.105,25.415,24.555,0.82K,-2.28%,7.284279705,1.0735,7.819674263317499
2024-02-15,24.965,24.85,25.7,24.805,0.43K,0.44%,7.316517515000001,1.0761,7.873304497891501
2024-02-16,24.82,25.2,25.2,24.415,0.45K,-0.58%,7.274022220000001,1.0769,7.833394528718001
2024-02-20,24.17,24.355,24.69,23.425,0.58K,-2.62%,7.083526070000001,1.0814,7.660125092098001
2024-02-21,23.975,24.1,24.25,23.655,0.48K,-0.81%,7.026377225000001,1.0818,7.6011348820050015
2024-02-22,23.195,23.975,23.975,22.75,0.35K,-3.25%,6.797781845,1.0815,7.3518010653675
2024-02-23,22.934,22.77,23.45,22.65,0.12K,-1.13%,6.721290314000001,1.0828,7.277813151999201
2024-02-26,24.01,23.2,24.2,23.075,0.12K,4.69%,7.036634710000001,1.0855,7.638266977705001
2024-02-27,24.39,23.25,24.75,23.25,0.11K,1.58%,7.148001690000001,1.0857,7.7605854348330015
2024-02-28,25.619,25.625,25.65,25.32,0.01K,5.04%,7.5081859490000005,1.0843,8.1411260245007
2024-02-29,24.865,25.55,25.55,24.795,0.17K,-2.94%,7.2872104150000006,1.0807,7.875288295490501
2024-03-01,25.809,25.275,25.9,25.125,0.58K,3.80%,7.563869439000001,1.0832,8.1931833763248
2024-03-04,26.885,25.2,27.28,24.87,0.38K,4.17%,7.879213835000001,1.0862,8.558402067577001
2024-03-05,27.47,26.66,28.685,26.66,0.47K,2.18%,8.050660370000001,1.0861,8.743822227857002
2024-03-06,26.57,27.065,28.56,26.15,0.29K,-3.28%,7.786896470000001,1.0913,8.497840117711
2024-03-07,25.99,26.015,26.925,25.76,0.18K,-2.18%,7.616915290000001,1.0941,8.333667018789
2024-03-08,26.39,26.335,26.79,25.975,0.36K,1.54%,7.734143690000001,1.0941,8.461926611229002
2024-03-11,24.93,25.97,26.465,24.76,0.45K,-5.53%,7.306260030000001,1.0928,7.984280960784001
2024-03-12,24.775,25.01,25.01,24.355,0.30K,-0.62%,7.260834025,1.0918,7.927378588495001
2024-03-13,24.905,25.1,25.425,24.555,0.24K,0.52%,7.298933255000001,1.0944,7.987952554272001
2024-03-14,26.05,24.675,26.6,24.675,0.51K,4.60%,7.634499550000001,1.0888,8.31244311004
2024-03-15,27.026,26.255,27.295,26.0,1.15K,3.75%,7.920536846000001,1.0888,8.623880517924801
2024-03-18,28.82,28.025,29.15,28.025,0.76K,6.64%,8.44630622,1.0886,9.194648951092
2024-03-19,28.865,28.9,29.675,27.8,0.37K,0.16%,8.459494415,1.0859,9.186164985248501
2024-03-20,27.74,28.385,28.745,27.415,0.62K,-3.90%,8.12978954,1.0856,8.825699524624
2024-03-21,26.4,27.045,27.39,26.35,0.29K,-4.83%,7.7370744,1.0861,8.40323650584
2024-03-22,27.776,26.525,27.875,26.525,0.40K,5.21%,8.140340096000001,1.0817,8.805405881843201
2024-03-25,28.49,28.825,29.07,28.07,0.13K,2.57%,8.34959279,1.0837,9.048453706523002
2024-03-26,27.13,27.61,28.105,27.15,0.56K,-4.77%,7.9510162300000005,1.0829,8.610155475467
2024-03-27,27.687,27.35,27.35,27.15,0.03K,2.05%,8.114256777000001,1.0821,8.780437258391702
2024-03-28,27.34,27.55,28.125,27.195,0.34K,-1.25%,8.01256114,1.0801,8.654367287314
2024-04-01,27.34,27.34,27.34,27.34,,0.00%,8.01256114,1.0733,8.599881871562
2024-04-02,26.205,27.35,27.5,26.045,0.71K,-4.15%,7.6799255550000005,1.0769,8.270511830179501
2024-04-03,25.565,25.7,25.955,25.185,1.77K,-2.44%,7.492360115000001,1.0827,8.111978296510502
2024-04-04,26.205,25.685,26.555,25.52,1.35K,2.50%,7.6799255550000005,1.0865,8.3442391155075
2024-04-05,26.605,26.56,27.025,26.07,0.46K,1.53%,7.797153955000001,1.0841,8.452894602615501
2024-04-08,27.91,26.495,28.205,26.46,0.90K,4.91%,8.17961161,1.0853,8.877332480333
2024-04-09,27.35,27.955,28.57,27.18,0.67K,-2.01%,8.015491850000002,1.0856,8.701617952360001
2024-04-10,27.1,27.53,27.87,26.825,1.46K,-0.91%,7.942224100000002,1.0737,8.527566016170002
2024-04-11,29.375,27.75,29.685,27.645,1.13K,8.39%,8.608960625,1.0722,9.230527582125001
2024-04-12,30.732,29.565,30.98,28.95,1.28K,4.62%,9.006657972000001,1.0647,9.589388742788401
2024-04-15,31.145,31.23,31.56,29.85,0.53K,1.34%,9.127696295000002,1.0644,9.715519936398001
2024-04-16,33.14,32.02,33.71,31.845,0.72K,6.41%,9.712372940000002,1.0628,10.322309960632001
2024-04-17,31.29,33.7,33.7,31.2,0.54K,-5.58%,9.17019159,1.0644,9.760751928396001
2024-04-18,32.31,30.98,32.615,30.39,0.70K,3.26%,9.469124010000002,1.066,10.094086194660003
2024-04-19,30.758,33.615,33.715,30.575,0.64K,-4.80%,9.014277818,1.0655,9.604713015079
2024-04-22,29.31,29.85,30.425,29.075,0.38K,-4.71%,8.58991101,1.0655,9.152550181154998
2024-04-23,28.415,28.965,29.905,28.4,0.17K,-3.05%,8.327612465,1.0695,8.906381531317498
2024-04-24,29.02,29.12,29.33,28.2,0.23K,2.13%,8.504920420000001,1.0687,9.089208452854
2024-04-25,29.77,29.645,30.65,29.36,0.09K,2.58%,8.724723670000001,1.0721,9.353776246607001
2024-04-26,28.885,29.865,30.265,29.265,0.07K,-2.97%,8.465355835,1.0686,9.046079245281
2024-04-29,27.994,27.994,27.994,27.994,0.00K,-3.08%,8.204229574000001,1.0717,8.792472834455802
2024-04-30,29.12,28.45,29.505,28.45,0.43K,4.02%,8.534227520000002,1.0684,9.117968682368002
2024-05-01,28.73,28.7,29.055,28.475,0.79K,-1.34%,8.419929830000001,1.068,8.992485058440002
2024-05-02,30.915,28.525,31.175,28.525,1.62K,7.61%,9.060289965,1.0706,9.699946436529
2024-05-03,30.53,30.71,31.78,30.045,1.09K,-1.25%,8.94745763,1.077,9.63641186751
2024-05-06,31.8,30.72,32.175,30.72,1.10K,4.16%,9.319657800000002,1.0779,10.045659142620002
2024-05-07,31.065,31.6,32.145,30.565,1.81K,-2.31%,9.104250615000002,1.0767,9.8025466371705
2024-05-08,30.61,30.585,31.05,30.045,1.37K,-1.46%,8.97090331,1.0755,9.648206509905
2024-05-09,30.865,30.835,31.5,30.44,1.09K,0.83%,9.045636415,1.0771,9.743054982596501
2024-05-10,30.03,30.74,31.565,29.655,1.25K,-2.71%,8.800922130000002,1.0773,9.481233410649
2024-05-13,29.58,29.595,29.875,29.165,1.21K,-1.50%,8.66904018,1.0796,9.359095778328
2024-05-14,29.67,29.765,30.2,29.33,1.49K,0.30%,8.69541657,1.0818,9.406701645426002
2024-05-15,29.735,29.585,30.55,29.5,1.35K,0.22%,8.714466185000001,1.086,9.463910276910001
2024-05-16,30.25,29.51,30.75,29.51,1.15K,1.73%,8.865397750000001,1.0875,9.641120053125
2024-05-17,30.769,30.88,31.02,30.25,0.81K,1.72%,9.017501599000001,1.0869,9.801122487953101
2024-05-20,31.77,31.32,32.17,31.245,0.84K,3.25%,9.31086567,1.0861,10.112531204187
2024-05-21,33.005,31.625,33.205,31.33,0.79K,3.89%,9.672808355,1.0855,10.4998334693525
2024-05-22,34.39,32.88,34.75,32.83,1.01K,4.20%,10.07871169,1.0836,10.921291987283999
2024-05-23,35.23,34.62,36.165,33.855,1.23K,2.44%,10.32489133,1.0827,11.178759842991
2024-05-24,34.115,35.6,35.6,33.5,0.76K,-3.16%,9.998117165000002,1.0852,10.849956747458002
2024-05-28,33.535,34.41,34.8,33.38,0.16K,-1.70%,9.828135985,1.0879,10.6920291380815
2024-05-29,33.88,34.135,34.3,33.4,0.17K,1.03%,9.929245480000002,1.0811,10.734507288428002
2024-05-30,35.192,33.875,34.545,33.6,0.06K,3.87%,10.313754632,1.0837,11.177015894698402
2024-05-31,34.223,35.28,35.7,34.13,0.37K,-2.75%,10.029768833,1.0846,10.8782872762718
2024-06-03,36.015,36.23,38.5,35.695,0.43K,5.24%,10.554952065000002,1.089,11.494342798785002
2024-06-04,33.795,36.075,36.48,33.69,0.93K,-6.16%,9.904334445000002,1.0878,10.773935009271003
2024-06-05,33.355,33.75,34.38,33.175,1.08K,-1.30%,9.775383205,1.0865,10.620953852232502
2024-06-06,33.685,33.225,34.15,32.96,0.43K,0.99%,9.872096635000002,1.0883,10.743802767870502
2024-06-07,33.109,32.885,33.405,32.815,0.36K,-1.71%,9.703287739000002,1.0807,10.486343059537303
2024-06-10,34.26,33.005,34.675,32.43,0.62K,3.48%,10.04061246,1.0751,10.794662455746
2024-06-11,34.285,33.675,35.335,33.58,0.26K,0.07%,10.047939235,1.0733,10.784453180925498
2024-06-12,35.295,34.055,36.025,33.93,0.43K,2.95%,10.343940945000002,1.0843,11.215935166663503
2024-06-13,35.725,35.665,36.75,35.56,0.40K,1.22%,10.469961475000002,1.0756,11.261490562510001
2024-06-14,35.36,35.375,36.045,34.85,0.41K,-1.02%,10.36299056,1.0699,11.087363600144
2024-06-17,34.21,35.4,35.4,34.2,0.41K,-3.25%,10.025958910000002,1.0723,10.750835739193002
2024-06-18,34.7,34.28,35.05,34.28,0.60K,1.43%,10.169563700000001,1.0739,10.921094457430002
2024-06-20,34.465,34.53,35.69,34.25,0.89K,-0.68%,10.100692015000002,1.0708,10.815821009662
2024-06-21,33.936,34.4,34.555,33.87,0.52K,-1.53%,9.945657456000001,1.0694,10.635886083446401
2024-06-24,34.08,33.8,34.55,33.8,0.21K,0.42%,9.98785968,1.0727,10.713977078735999
2024-06-25,34.855,34.325,34.875,34.325,0.17K,2.27%,10.214989705,1.0705,10.935146479202501
2024-06-26,33.825,35.15,35.15,34.85,0.08K,-2.96%,9.913126575000001,1.0682,10.589201807415002
2024-06-27,34.565,34.125,34.25,34.125,0.00K,2.19%,10.129999115,1.0708,10.847203052342
2024-06-28,34.48,34.675,34.745,34.05,0.46K,-0.25%,10.10508808,1.0711,10.823559842487999
2024-07-01,33.485,34.5,34.945,33.42,0.21K,-2.89%,9.813482435000001,1.0728,10.527903956268
2024-07-02,33.685,33.525,33.87,33.175,0.67K,0.60%,9.872096635000002,1.0737,10.599670156999503
2024-07-03,32.69,33.25,33.39,32.645,1.24K,-2.95%,9.58049099,1.0799,10.345972220101
2024-07-05,33.065,32.505,33.8,32.415,0.79K,1.15%,9.690392615,1.0828,10.492757123522
2024-07-08,32.285,33.195,33.7,32.05,1.01K,-2.36%,9.461797235,1.0835,10.251857304122499
2024-07-09,31.335,32.175,32.175,30.95,1.05K,-2.94%,9.183379785000001,1.0813,9.929988561520501
2024-07-10,30.785,31.25,31.695,30.635,1.40K,-1.76%,9.022190735,1.0823,9.7647170324905
2024-07-11,31.11,30.85,31.405,30.405,0.85K,1.06%,9.117438810000001,1.087,9.910655986470001
2024-07-12,31.72,31.27,32.285,30.92,0.90K,1.96%,9.29621212,1.0902,10.134730453224
2024-07-15,31.37,31.86,31.93,31.075,0.80K,-1.10%,9.193637270000002,1.0912,10.032096989024001
2024-07-16,32.795,31.495,33.02,31.495,0.39K,4.54%,9.611263445,1.0885,10.461860259882501
2024-07-17,31.895,32.905,33.25,31.6,0.75K,-2.74%,9.347499545000002,1.0933,10.219621252548501
2024-07-18,32.675,31.84,32.755,31.82,0.20K,2.45%,9.576094925,1.0913,10.4503923916525
2024-07-19,32.17,32.53,32.53,31.725,0.22K,-1.55%,9.428094070000002,1.0888,10.265308823416001
2024-07-22,31.84,31.8,31.95,31.195,0.35K,-1.03%,9.33138064,1.088,10.152542136320001
2024-07-23,31.62,31.62,31.83,31.335,1.12K,-0.69%,9.266905020000001,1.0855,10.05922539921
2024-07-24,32.62,31.525,32.945,31.52,0.66K,3.16%,9.55997602,1.0853,10.375441974506
2024-07-25,31.78,32.38,32.38,31.69,0.75K,-2.58%,9.313796380000001,1.0861,10.115714248318001
2024-07-26,32.475,32.135,32.78,32.135,0.07K,2.19%,9.517480725,1.0859,10.3350323192775
2024-07-29,33.875,33.475,33.93,33.35,0.08K,4.31%,9.927780125000002,1.0819,10.740865317237503
2024-07-30,34.361,33.74,34.3,33.74,0.01K,1.43%,10.070212631,1.0809,10.8848928328479
2024-07-31,35.87,35.735,35.95,35.105,0.29K,4.39%,10.51245677,1.0823,11.377631962171
2024-08-01,36.97,36.14,37.02,35.81,0.82K,3.07%,10.83483487,1.0789,11.689703341243
2024-08-02,36.65,36.67,37.09,36.07,0.95K,-0.87%,10.74105215,1.0914,11.72278431651
2024-08-05,35.5,36.77,36.77,34.825,0.71K,-3.14%,10.404020500000001,1.0957,11.399685261850001
2024-08-06,36.675,36.25,37.025,36.055,0.43K,3.31%,10.748378925,1.0926,11.743678813455
2024-08-07,38.45,36.755,38.76,35.935,1.00K,4.84%,11.268579950000001,1.0925,12.310923595375002
2024-08-08,40.095,38.62,40.3,38.195,1.07K,4.28%,11.750681745000001,1.0914,12.824694056493001
2024-08-09,40.395,40.035,40.715,39.575,0.84K,0.75%,11.838603045000003,1.0925,12.933673826662503
2024-08-12,39.66,39.625,42.86,39.265,1.29K,-1.82%,11.62319586,1.0928,12.701828435807998
2024-08-13,39.48,39.395,40.395,38.795,0.85K,-0.45%,11.57044308,1.0954,12.674263349832
2024-08-14,38.965,39.57,40.175,38.66,0.85K,-1.30%,11.419511515000002,1.1024,12.588869494136002
2024-08-15,39.6,39.095,39.905,38.84,0.68K,1.63%,11.605611600000001,1.0986,12.749924903760002
2024-08-16,39.645,39.69,40.06,39.19,0.63K,0.11%,11.618799795000003,1.0996,12.776032254582002
2024-08-19,39.845,39.265,40.4,39.105,0.74K,0.50%,11.677413995,1.107,12.926897292465
2024-08-20,37.955,39.295,40.075,37.62,0.78K,-4.74%,11.123509805000001,1.1106,12.353769989433001
2024-08-21,37.01,37.91,38.465,36.905,0.57K,-2.49%,10.84655771,1.1143,12.086319256253002
2024-08-22,36.585,37.225,37.565,36.2,0.54K,-1.15%,10.722002535000001,1.1114,11.916433617399
2024-08-23,36.865,36.975,37.32,36.15,0.53K,0.77%,10.804062415000002,1.1176,12.074620155004002
2024-08-26,37.655,36.775,37.855,36.175,0.11K,2.14%,11.035588505000002,1.1164,12.320131006982002
2024-08-27,38.69,37.475,38.9,37.405,0.19K,2.75%,11.33891699,1.116,12.65423136084
2024-08-28,38.52,39.3,39.3,38.7,0.01K,-0.44%,11.289094920000002,1.1127,12.561375917484002
2024-08-29,38.601,38.55,38.985,38.145,0.04K,0.21%,11.312833671,1.1086,12.5414074076706
2024-08-30,39.825,38.985,40.235,38.85,0.40K,3.17%,11.671552575000002,1.106,12.908737147950003
2024-09-03,37.195,39.845,39.845,36.99,0.47K,-6.60%,10.900775845000002,1.1043,12.037726765633503
2024-09-04,35.8,36.815,37.0,35.605,0.57K,-3.75%,10.4919418,1.1081,11.62612070858
2024-09-05,36.195,35.705,36.71,35.605,0.85K,1.10%,10.607704845,1.1096,11.770309296012
2024-09-06,36.48,37.05,37.535,36.35,0.55K,0.79%,10.69123008,1.1086,11.852297666688
2024-09-09,37.335,36.9,37.475,36.35,0.34K,2.34%,10.941805785000001,1.1042,12.081941947797002
2024-09-10,35.28,37.395,37.845,34.895,0.55K,-5.50%,10.339544880000002,1.1025,11.399348230200003
2024-09-11,36.14,35.45,36.295,34.885,0.42K,2.44%,10.591585940000002,1.1012,11.663454437128001
2024-09-12,35.19,35.83,35.85,34.845,0.44K,-2.63%,10.31316849,1.1041,11.386769329809002
2024-09-13,35.648,35.405,36.175,35.145,0.49K,1.30%,10.447395008000003,1.1085,11.580937366368003
2024-09-16,34.081,35.11,35.145,33.965,0.33K,-4.40%,9.988152751000001,1.1123,11.109822304937301
2024-09-17,35.547,34.15,35.75,34.125,0.27K,4.30%,10.417794837,1.1118,11.5825042997766
2024-09-18,35.245,35.185,35.745,34.705,0.23K,-0.85%,10.329287395,1.1116,11.482035868281999
2024-09-19,33.083,35.98,36.695,32.525,0.65K,-6.13%,9.695667893,1.1147,10.8077610003271
2024-09-20,34.444,34.485,35.08,33.865,0.21K,4.11%,10.094537524000001,1.1159,11.2644944230316
2024-09-23,36.211,34.9,36.295,34.57,0.25K,5.13%,10.612393981,1.113,11.811594500853
2024-09-24,35.413,35.413,35.413,35.413,0.21K,-2.20%,10.378523323,1.115,11.572053505145
2024-09-25,37.319,36.365,37.505,36.145,0.08K,5.38%,10.937116649000002,1.1143,12.187229081980703
2024-09-26,37.89,37.03,37.92,36.7,0.10K,1.53%,11.104460190000001,1.1184,12.419228276496002
2024-09-27,38.114,37.28,38.125,37.28,0.02K,0.59%,11.170108094,1.1159,12.4647236220946
2024-09-30,39.044,39.205,39.27,38.705,0.14K,2.44%,11.442664124,1.1145,12.752849166198
2024-10-01,39.273,38.395,39.6,37.445,0.21K,0.59%,11.509777383000001,1.1067,12.737870629766102
2024-10-02,38.617,39.9,39.9,38.425,0.23K,-1.67%,11.317522807,1.105,12.505862701735
2024-10-03,39.912,38.395,39.83,38.145,0.20K,3.35%,11.697049752000002,1.1015,12.884300301828
2024-10-04,40.98,39.625,41.17,39.375,0.13K,2.68%,12.01004958,1.0961,13.164215344638002
2024-10-07,40.244,40.205,40.945,39.505,0.21K,-1.80%,11.794349324,1.0976,12.9454778180224
2024-10-08,38.919,40.18,40.18,38.7,0.26K,-3.29%,11.406030249,1.097,12.512415183153001
2024-10-09,38.341,38.405,39.16,38.1,0.25K,-1.49%,11.236635211000001,1.0951,12.3052392195661
2024-10-10,40.293,38.405,40.35,38.405,0.27K,5.09%,11.808709803000001,1.0925,12.9010154597775
2024-10-11,39.879,39.865,40.575,39.52,0.22K,-1.03%,11.687378409,1.0942,12.788329455127801
2024-10-14,40.559,39.32,40.705,39.235,0.12K,1.71%,11.886666689,,
2024-10-15,39.973,39.85,40.09,38.975,0.12K,-1.44%,11.714927083000001,1.0899,12.768099027761702
2024-10-16,39.241,40.205,40.26,39.155,0.16K,-1.83%,11.500399111,1.0873,12.504383953390299
2024-10-17,39.65,39.45,40.03,39.31,0.14K,1.04%,11.62026515,1.0837,12.592881343055002
2024-10-18,39.204,39.74,39.74,39.105,0.21K,-1.12%,11.489555484000002,1.0854,12.470763522333602
2024-10-21,40.024,39.81,40.215,39.65,0.20K,2.09%,11.729873704000001,1.082,12.691723347728002
2024-10-22,40.704,39.93,41.005,39.79,0.22K,1.70%,11.929161984000002,1.0805,12.889459523712002
2024-10-23,41.38,40.8,41.75,40.65,0.39K,1.66%,12.127277980000002,1.0779,13.071992934642003
2024-10-24,42.154,41.85,42.63,41.75,0.32K,1.87%,12.354114934000002,1.0806,13.349856597680402
2024-10-25,43.513,42.2,43.57,42.2,0.27K,3.22%,12.752398423,1.0813,13.7891684147899
2024-10-28,42.519,42.5,42.725,41.88,0.13K,-2.28%,12.461085849,1.0819,13.481648780033101
2024-10-29,42.869,43.44,43.605,43.2,0.04K,0.82%,12.563660699000001,1.0798,13.566240822780204
2024-10-30,40.903,41.565,41.565,41.125,0.02K,-4.59%,11.987483113000001,1.0864,13.023201653963202
2024-10-31,40.588,41.225,41.49,38.07,0.42K,-0.77%,11.895165748000002,1.0855,12.912202419454001
2024-11-01,39.175,39.325,40.38,38.55,1.35K,-3.48%,11.481056425,1.0848,12.45465000984
2024-11-04,40.301,39.495,40.525,39.43,1.50K,2.87%,11.811054371,1.0884,12.855151577396402
2024-11-05,40.492,40.33,41.2,40.305,2.21K,0.47%,11.867030932,1.092,12.958797777744001
2024-11-06,40.388,40.1,40.75,39.04,2.80K,-0.26%,11.836551548000001,1.0732,12.7029871213136
2024-11-07,41.276,40.505,41.575,40.385,4.67K,2.20%,12.096798596000003,1.0792,13.054865044803202
2024-11-08,42.409,42.325,43.055,41.975,7.86K,2.74%,12.428848039,1.071,13.311296249768999
2024-11-11,43.728,41.675,44.11,41.675,8.19K,3.11%,12.815408688000002,,
2024-11-12,44.255,43.82,44.435,43.0,7.78K,1.21%,12.969857105000003,1.0598,13.745454559879004
2024-11-13,43.666,43.625,44.105,42.2,8.32K,-1.33%,12.797238286,1.0567,13.5228416968162
2024-11-14,46.224,45.505,46.51,44.995,9.38K,5.86%,13.546913904,1.0562,14.3082504654048
2024-11-15,46.551,46.0,47.41,45.45,20.42K,0.71%,13.642748121000002,1.0552,14.395827817279201
2024-11-18,46.9,45.48,47.125,45.385,9.48K,0.75%,13.7450299,1.0586,14.55048865214
2024-11-19,45.668,46.655,47.315,45.6,15.99K,-2.63%,13.383966428,1.0578,14.157559687538402
2024-11-20,46.796,45.36,47.23,45.275,24.27K,2.47%,13.714550516000001,1.0521,14.429078597883601
2024-11-21,48.303,47.12,48.725,47.12,11.92K,3.22%,14.156208513000001,1.0475,14.828628417367502
2024-11-22,47.018,49.05,49.24,46.775,10.60K,-2.66%,13.779612278000002,1.0399,14.329418807892203
2024-11-25,47.733,47.665,48.88,47.4,0.67K,1.52%,13.989158043,1.0478,14.6578397974554
2024-11-26,47.216,47.38,48.29,46.13,0.19K,-1.08%,13.837640336000002,1.0481,14.503230836161602
2024-11-27,46.762,46.535,46.8,46.0,0.09K,-0.96%,13.704586102000002,1.0575,14.492599802865003
2024-11-29,47.811,47.48,47.95,46.235,0.59K,2.24%,14.012017581000002,1.0547,14.778474942680702
2024-12-02,48.655,48.86,49.295,48.35,3.85K,1.77%,14.259369505000002,1.0484,14.949522989042002
2024-12-03,48.557,48.93,49.05,48.25,3.53K,-0.20%,14.230648547000001,1.0518,14.967796141734603
2024-12-04,47.046,48.1,48.15,46.71,6.88K,-3.11%,13.787818266,1.0527,14.5144362886182
2024-12-05,46.551,47.51,47.56,46.005,6.28K,-1.05%,13.642748121000002,1.0571,14.421749038709102
2024-12-06,46.48,46.25,46.7,45.95,4.41K,-0.15%,13.62194008,1.0563,14.388855306504
2024-12-09,44.855,46.2,46.305,44.74,12.53K,-3.50%,13.145699705,1.057,13.895004588185
2024-12-10,45.552,44.55,45.845,44.45,7.64K,1.55%,13.349970192,1.0512,14.033488665830399
2024-12-11,44.694,45.25,45.96,44.4,17.84K,-1.88%,13.098515274000002,1.0508,13.763919849919201
2024-12-12,42.804,44.4,44.45,42.495,17.35K,-4.23%,12.544611084000001,1.0514,13.1894040937176
2024-12-13,41.215,42.54,43.245,41.01,22.34K,-3.71%,12.078921265000002,1.0498,12.680451543997002
2024-12-16,40.277,40.185,40.585,38.955,11.20K,-2.28%,11.804020667000001,1.0512,12.4083865251504
2024-12-17,42.065,40.5,42.145,39.955,3.03K,4.44%,12.328031615,1.0506,12.951830014719
2024-12-18,41.007,42.355,42.4,40.63,3.55K,-2.52%,12.017962497000001,1.0469,12.581604938109301
2024-12-19,43.078,41.475,43.615,39.835,1.83K,5.05%,12.624912538000002,1.0357,13.075621915606602
2024-12-20,44.13,43.875,44.465,42.785,1.53K,2.44%,12.933223230000001,1.043,13.489351828890001
2024-12-23,45.545,44.335,45.835,43.8,1.15K,3.21%,13.347918695000002,1.0409,13.893848569625503
2024-12-24,45.731,45.75,46.55,45.3,0.16K,0.41%,13.402429901000001,1.0388,13.9224441811588
2024-12-26,45.731,45.731,45.731,45.731,,0.00%,13.402429901000001,1.0423,13.969352685812302
2024-12-27,47.731,47.18,47.93,46.8,0.26K,4.37%,13.988571901000002,1.0423,14.580288492412302
2024-12-30,47.633,48.3,48.3,47.235,0.03K,-0.21%,13.959850943000003,1.0386,14.498701189399803
2024-12-31,48.889,48.35,50.53,48.225,0.38K,2.64%,14.327948119000002,1.0351,14.830859097976901
2025-01-02,50.273,50.215,50.695,48.615,0.71K,2.83%,14.733558383000002,1.0261,15.118104256796302
2025-01-03,49.622,49.905,50.35,49.385,3.66K,-1.29%,14.542769162,1.0292,14.9674180215304
2025-01-06,47.326,49.1,49.25,46.94,3.21K,-4.63%,13.869878146000001,1.0397,14.420512308396203
2025-01-07,47.474,46.75,47.86,45.985,4.68K,0.31%,13.913252654,1.0369,14.4266516769326
2025-01-08,45.559,47.995,47.995,45.14,6.24K,-4.03%,13.352021689,1.0313,13.769939967865703
2025-01-09,44.987,45.095,45.48,43.895,10.51K,-1.26%,13.184385077000002,1.0298,13.577279752294602
2025-01-10,45.008,44.85,45.785,43.225,22.27K,0.05%,13.190539568000002,1.0238,13.504474409718403
2025-01-13,48.261,46.65,48.57,46.65,31.50K,7.23%,14.143899531000002,1.0209,14.439507031197902
2025-01-14,46.947,48.53,48.605,46.605,12.63K,-2.72%,13.758804237000001,1.0292,14.1605613207204
2025-01-15,47.006,47.45,47.75,46.45,8.69K,0.13%,13.776095426000001,1.0282,14.164581317013202
2025-01-16,46.241,46.205,46.41,45.7,4.97K,-1.63%,13.551896111000001,1.0303,13.962518563163302
2025-01-17,46.887,46.0,47.405,45.765,24.92K,1.40%,13.741219977000002,1.0287,14.135592990339902
2025-01-21,50.027,46.65,50.225,46.15,32.26K,6.70%,14.661462917000001,1.0423,15.281642798389102
2025-01-22,48.716,50.085,50.7,48.55,41.43K,-2.62%,14.277246836000002,1.042,14.876891203112002
2025-01-23,49.123,48.83,50.3,48.6,17.68K,0.84%,14.396526733,1.042,15.001180855786
2025-01-24,49.702,49.585,49.91,48.205,15.83K,1.18%,14.566214842,1.0515,15.316374906363002
2025-01-27,47.862,48.825,48.9,47.83,0.36K,-3.70%,14.026964202000002,1.0492,14.7170908407384
2025-01-28,48.224,48.2,48.615,48.05,0.15K,0.76%,14.133055904,1.0427,14.7365373911008
2025-01-29,51.156,49.74,51.33,49.74,0.02K,6.08%,14.992340076000001,1.0416,15.616021423161603
2025-01-30,51.726,52.02,52.54,51.53,0.01K,1.11%,15.159390546000001,1.042,15.796084948932002
2025-01-31,53.237,52.0,53.755,51.945,1.52K,2.92%,15.602220827000002,1.04,16.226309660080002
2025-02-03,53.794,54.2,54.62,52.85,0.54K,1.05%,15.765461374000001,1.0277,16.202164654059803
2025-02-04,52.048,52.905,53.395,51.39,1.70K,-3.25%,15.253759408000002,1.0379,15.831876889563203
2025-02-05,53.438,51.85,53.905,51.85,8.89K,2.67%,15.661128098000002,1.0419,16.317329365306204
2025-02-06,54.502,53.91,55.465,53.55,37.21K,1.99%,15.972955642000002,1.0368,16.5607604096256
2025-02-07,55.723,53.815,56.05,53.66,24.71K,2.24%,16.330795333,1.0329,16.8680784994557
2025-02-10,58.039,57.3,58.695,57.255,41.14K,4.16%,17.009547769,1.0312,17.5402456593928
2025-02-11,57.766,57.13,59.335,56.375,37.59K,-0.47%,16.929539386000002,1.0346,17.5153014487556
2025-02-12,55.661,56.2,57.0,54.23,47.19K,-3.64%,16.312624931000002,1.0392,16.9520798282952
2025-02-13,51.383,55.66,55.66,50.565,10.41K,-7.69%,15.058867193000003,1.0428,15.703386708860402
2025-02-14,50.685,50.05,51.6,48.39,1.02K,-1.36%,14.854303635000003,1.0498,15.594047956023005
2025-02-18,49.215,50.005,50.895,46.84,3.04K,-2.90%,14.423489265000002,1.0457,15.082642724410503
2025-02-19,48.264,50.0,50.395,47.12,1.92K,-1.93%,14.144778744000002,1.0406,14.719056761006401
2025-02-20,47.494,47.35,48.6,47.065,0.68K,-1.60%,13.919114074000001,1.0475,14.580271992515003
2025-02-21,47.195,47.65,48.225,46.105,0.33K,-0.63%,13.831485845000001,1.0455,14.460818450947503
2025-02-24,47.144,46.135,47.26,45.11,0.19K,-0.11%,13.816539224000001,1.0478,14.476969798907202
2025-02-25,44.291,45.435,45.835,43.75,0.10K,-6.05%,12.980407661000001,1.0498,13.626831962517802
2025-02-26,41.336,41.336,41.336,41.336,0.16K,-6.67%,12.114382856,1.0514,12.7370621347984
2025-02-27,44.93,44.375,44.56,44.375,0.01K,8.69%,13.167680030000001,1.0414,13.712821983242003
2025-02-28,44.32,46.5,46.545,44.11,0.25K,-1.36%,12.988906720000001,1.0402,13.511060770144
2025-03-03,45.213,46.95,47.23,44.53,0.34K,2.01%,13.250619123000002,1.0496,13.907849831500803
2025-03-04,43.464,45.315,45.315,42.51,0.98K,-3.87%,12.738037944,1.0534,13.418249170209599
2025-03-05,41.508,43.485,43.905,40.85,10.11K,-4.50%,12.164791068000001,1.0768,13.0990470220224
2025-03-06,38.24,41.875,42.0,37.705,3.48K,-7.87%,11.207035040000001,1.0818,12.123770506272002
2025-03-07,39.971,37.325,41.5,37.205,5.76K,4.53%,11.714340941,1.0859,12.7206028278319
2025-03-10,41.232,40.07,41.37,39.65,3.64K,3.15%,12.083903472000001,1.0837,13.095326192606402
2025-03-11,42.71,41.405,43.56,40.865,4.77K,3.58%,12.517062410000001,1.0927,13.677394095407001
2025-03-12,42.254,42.645,43.345,41.295,5.50K,-1.07%,12.383422034,1.0925,13.528888572145
2025-03-13,42.076,42.455,43.625,40.545,0.49K,-0.42%,12.331255396000001,1.0859,13.390510234516402
2025-03-14,42.29,41.3,42.895,41.145,12.03K,0.51%,12.39397259,1.0872,13.474726999848
2025-03-17,41.248,41.395,42.005,40.35,6.51K,-2.46%,12.088592608,1.0922,13.203160846457601
2025-03-18,40.755,41.45,41.625,39.85,7.89K,-1.20%,11.944108605000002,1.0927,13.051327472683502
2025-03-19,43.355,42.505,43.94,41.96,16.91K,6.38%,12.706093205,1.0877,13.820417579078498
2025-03-20,42.855,43.86,44.15,42.675,0.49K,-1.15%,12.559557705,1.0848,13.624608198384
2025-03-21,42.605,44.755,44.755,42.03,0.27K,-0.58%,12.486289955,1.0806,13.492684925373
2025-03-24,42.748,42.405,42.69,41.24,0.32K,0.34%,12.528199108,1.0794,13.5229381171752
2025-03-25,41.555,42.05,42.63,41.16,0.18K,-2.79%,12.178565405,1.0804,13.157722063562002
2025-03-26,40.87,40.555,41.255,40.555,0.26K,-1.65%,11.97781177,1.0781,12.913278869237
2025-03-27,41.202,41.1,41.425,41.1,0.02K,0.81%,12.075111342000001,1.08,13.041120249360002
2025-03-28,40.587,40.9,40.9,40.9,0.00K,-1.49%,11.894872677000002,1.0826,12.877389160120202
2025-03-31,40.667,40.825,41.385,39.885,0.23K,0.20%,11.918318357000002,1.0796,12.8670164982172
2025-04-01,42.45,40.875,42.7,40.45,2.02K,4.38%,12.440863950000002,1.08,13.436133066000004
2025-04-02,41.263,42.475,42.95,40.87,3.65K,-2.80%,12.092988673,1.0868,13.1426600898164
2025-04-03,39.203,39.75,40.46,38.455,6.65K,-4.99%,11.489262413000002,1.1052,12.697932818847603
2025-04-04,36.401,39.25,39.25,35.265,3.86K,-7.15%,10.668077471000002,1.1014,11.749820526559402
2025-04-07,37.0,34.645,38.56,33.595,0.82K,1.65%,10.843627000000001,1.0912,11.832565782400001
2025-04-08,36.231,36.335,36.96,35.58,7.61K,-2.08%,10.618255401,1.0912,11.5866402935712
2025-04-09,33.666,34.6,35.395,33.305,13.98K,-7.08%,9.866528286,1.104,10.892647227744
2025-04-10,33.293,34.65,35.14,33.15,8.93K,-1.11%,9.757212803,1.1192,10.9202725691176
2025-04-11,33.463,33.725,34.055,32.805,12.78K,0.51%,9.807034873000001,1.1325,11.106466993672502
2025-04-14,34.499,34.275,34.785,33.71,1.59K,3.10%,10.110656429000002,1.1358,11.483683572058203
2025-04-15,34.407,34.5,35.525,34.17,2.06K,-0.27%,10.083693897,1.129,11.384490409712999
2025-04-16,35.312,33.905,35.63,33.905,2.86K,2.63%,10.348923152,1.1382,11.7791443316064
2025-04-17,35.657,35.6,35.835,35.305,0.28K,0.98%,10.450032647,1.1364,11.875417100050802
2025-04-21,35.657,35.657,35.657,35.657,,0.00%,10.450032647,1.1508,12.0258975701676
2025-04-22,34.244,35.85,35.85,34.025,6.15K,-3.96%,10.035923324,1.1466,11.507189683298401
2025-04-23,34.16,34.675,34.975,33.925,11.56K,-0.25%,10.01130536,1.135,11.3628315836
2025-04-24,33.574,34.05,34.14,33.08,12.55K,-1.72%,9.839565754,1.1363,11.180698566270202
2025-04-25,32.432,33.445,33.445,31.95,7.19K,-3.40%,9.504878672000002,1.1381,10.817502416603201
2025-04-28,32.398,32.7,32.7,32.275,0.07K,-0.10%,9.494914258000001,1.1387,10.811858865584602
2025-04-29,31.856,30.9,31.5,30.9,0.00K,-1.67%,9.336069776,1.1396,10.6393851167296
2025-04-30,32.317,31.875,32.755,31.655,0.23K,1.45%,9.471175507000002,1.1349,10.748837082894303
2025-05-01,32.149,32.03,32.28,31.65,3.62K,-0.52%,9.421939579000002,1.1279,10.627005651154102
2025-05-02,33.078,32.095,33.63,32.085,4.78K,2.89%,9.694202538000003,1.133,10.983531475554003
2025-05-05,32.93,32.79,33.065,32.6,3.08K,-0.45%,9.650828030000001,1.1315,10.919911915945
2025-05-06,34.743,33.34,35.085,33.235,26.23K,5.51%,10.182165753000001,1.1345,11.551667046778503
2025-05-07,34.531,34.615,35.515,34.115,16.62K,-0.61%,10.120034701,1.1348,11.4842153786948
2025-05-08,35.341,34.22,35.745,34.22,8.95K,2.35%,10.357422211000001,1.1249,11.6510642451539
2025-05-09,34.618,35.7,35.99,34.32,7.11K,-2.05%,10.145531878000002,1.127,11.434014426506002
2025-05-12,35.39,34.555,36.305,34.545,13.45K,2.23%,10.371782690000002,1.1106,11.518901855514002
2025-05-13,35.744,35.015,36.15,35.01,7.76K,1.00%,10.475529824,1.1176,11.7074521313024
2025-05-14,35.048,35.65,35.68,34.425,5.20K,-1.95%,10.271552408000002,1.1206,11.510301628404802
2025-05-15,35.294,35.345,35.495,34.45,8.95K,0.70%,10.343647874,1.1189,11.5735076062186
2025-05-16,35.156,35.35,35.935,34.785,3.81K,-0.39%,10.303204076,1.1141,11.478799661071601
2025-05-19,35.225,35.0,35.46,34.9,3.82K,0.20%,10.323425975000001,1.1236,11.59940142551
2025-05-20,36.979,35.26,37.14,35.235,5.47K,4.98%,10.837472509000001,1.1254,12.196491561628601
2025-05-21,36.621,37.25,37.775,36.43,6.86K,-0.97%,10.732553091000002,1.1343,12.173934971121303
2025-05-22,36.356,36.54,37.04,36.11,6.32K,-0.72%,10.654889276000002,1.1281,12.019780592255604
2025-05-23,36.45,36.4,36.77,35.88,0.47K,0.26%,10.682437950000002,1.135,12.124567073250002
2025-05-27,37.006,36.975,36.975,36.685,0.38K,1.53%,10.845385426000002,1.1326,12.283483533487603
2025-05-28,36.687,36.8,36.99,36.8,0.08K,-0.86%,10.751895777,1.1286,12.1345895739222
2025-05-29,35.158,35.158,35.158,35.158,,-4.17%,10.303790218000001,1.137,11.715409477866002
2025-05-30,34.228,34.955,35.355,33.855,0.78K,-2.65%,10.031234188,1.1347,11.382441433123601
2025-06-02,35.015,34.1,35.485,34.1,4.19K,2.30%,10.261881065,1.1432,11.731382433508001
2025-06-03,35.848,35.265,36.0,34.97,3.62K,2.38%,10.506009208,1.1373,11.9484842722584
2025-06-04,35.65,36.005,36.365,35.415,6.57K,-0.55%,10.44798115,1.1424,11.935773665760001
2025-06-05,36.393,35.705,36.59,35.705,3.86K,2.08%,10.665732903,1.144,12.201598441031999
2025-06-06,36.251,36.55,36.72,35.955,4.61K,-0.39%,10.624116821,1.1397,12.108305940893699
2025-06-09,35.605,36.145,36.245,35.45,4.95K,-1.78%,10.434792955,1.1425,11.921750951087501
2025-06-10,34.638,35.555,35.555,34.55,4.63K,-2.72%,10.151393298,1.1423,11.5959365643054
2025-06-11,35.913,35.165,35.9,35.06,4.91K,3.68%,10.525058823,1.149,12.093292587627001
2025-06-12,36.177,36.405,36.5,35.765,8.37K,0.74%,10.602429567000001,1.1578,12.275492952672602
2025-06-13,37.894,37.595,38.46,37.105,9.59K,4.75%,11.105632474,1.1557,12.834779450201799
2025-06-16,37.906,38.67,39.485,37.395,9.55K,0.03%,11.109149326,1.1581,12.865505834440599
2025-06-17,39.309,38.18,39.7,38.175,11.95K,3.70%,11.520327939,1.1535,13.288698277636499
2025-06-18,38.693,39.55,40.365,38.655,3.56K,-1.57%,11.339796203,1.1521,13.0645792054763
2025-06-19,41.485,41.485,41.795,39.88,0.98K,7.22%,12.158050435000002,,
2025-06-20,40.929,39.955,41.795,39.88,8.71K,-1.34%,11.995102959000002,1.152,13.818358608768001
2025-06-23,40.522,41.6,41.9,40.29,4.11K,-0.99%,11.875823062,1.1538,13.7023246489356
2025-06-24,35.615,36.485,36.55,35.085,0.81K,-12.11%,10.437723665000002,1.1608,12.116109630332003
2025-06-25,35.401,35.45,35.945,35.12,0.79K,-0.60%,10.375006471000003,1.162,12.055757519302002
2025-06-26,34.024,35.305,35.31,34.05,0.13K,-3.89%,9.971447704000001,1.1717,11.683545274776801
2025-06-27,33.087,33.087,33.087,33.087,,-2.75%,9.696840177000002,1.1724,11.368575423514804
2025-06-30,32.898,33.35,33.45,32.7,2.42K,-0.57%,9.641449758000002,1.177,11.347986365166003
2025-07-01,33.693,33.1,33.845,32.885,9.59K,2.42%,9.874441203,1.1776,11.6281419606528
2025-07-02,33.591,33.98,34.425,33.21,17.11K,-0.30%,9.844547961000002,1.179,11.606722046019003
2025-07-03,33.621,33.65,34.21,33.435,16.35K,0.09%,9.853340091000002,1.1758,11.5855572789978
2025-07-04,33.43,33.95,33.95,33.275,0.08K,-0.57%,9.79736353,,
2025-07-07,33.621,33.21,34.045,32.985,7.42K,0.57%,9.853340091000002,1.1733,11.560923928770302
2025-07-08,34.219,34.005,34.59,33.895,15.26K,1.78%,10.028596549000001,1.1707,11.740477979914303
2025-07-09,34.304,34.32,34.9,34.275,8.65K,0.25%,10.053507584000002,1.1707,11.769641328588802
2025-07-10,35.17,34.655,35.35,34.655,12.66K,2.52%,10.307307070000002,1.1688,12.047180503416003
2025-07-11,35.561,34.93,35.615,34.755,10.93K,1.11%,10.421897831,1.1696,12.189451703137602
2025-07-14,35.454,35.54,36.32,35.09,12.25K,-0.30%,10.390539234,1.1672,12.1278373939248
2025-07-15,34.445,35.105,35.145,34.205,19.50K,-2.85%,10.094830595000001,1.1619,11.729183668330501
2025-07-16,34.809,34.655,35.115,34.45,14.48K,1.06%,10.201508439,1.1629,11.8633341637131
2025-07-17,34.407,35.14,35.25,34.325,6.84K,-1.15%,10.083693897,1.1597,11.694059812350899
2025-07-18,33.595,34.6,34.6,33.43,6.46K,-2.36%,9.845720245,1.1645,11.465341225302502
2025-07-21,33.159,33.83,33.915,33.125,2.22K,-1.30%,9.717941289,1.1705,11.3748502787745
2025-07-22,33.111,33.215,33.405,32.95,4.21K,-0.14%,9.703873881,1.1749,11.4010814227869
2025-07-23,32.69,33.505,33.695,32.605,4.15K,-1.27%,9.58049099,1.1748,11.255160815052
2025-07-24,32.358,32.385,32.435,32.175,5.14K,-1.02%,9.483191418,1.1765,11.156974703277001
2025-07-25,32.499,32.1,32.65,32.1,0.41K,0.44%,9.524514429000002,1.173,11.172255425217003
2025-07-28,32.899,32.295,33.03,32.13,0.25K,1.23%,9.641742829000002,1.1609,11.193099250186103
2025-07-29,34.103,34.103,34.103,34.103,0.08K,3.66%,9.994600313000001,1.1534,11.5277720010142
2025-07-30,34.537,33.65,33.65,33.65,0.01K,1.27%,10.121793127,1.147,11.609696716669001
2025-07-31,35.279,34.685,35.425,34.645,4.92K,2.15%,10.339251809000002,1.1431,11.818798742867902
2025-08-01,33.972,35.15,35.16,33.77,2.90K,-3.70%,9.956208012000001,1.1555,11.504398357866002
2025-08-04,34.283,34.065,34.37,33.66,6.74K,0.92%,10.047353093000002,1.1568,11.622778057982403
2025-08-05,34.406,34.19,34.44,33.79,7.53K,0.36%,10.083400826,1.158,11.676578156507999
2025-08-06,33.257,33.995,34.105,33.08,1.60K,-3.34%,9.746662247,1.1647,11.3519375190809
2025-08-07,32.951,32.95,33.15,32.845,2.79K,-0.92%,9.656982521000002,1.1641,11.241693352696101
2025-08-08,32.446,32.78,33.41,32.155,3.78K,-1.53%,9.508981666,1.166,11.087472622556
2025-08-11,32.999,32.49,33.125,32.4,2.69K,1.70%,9.671049929000002,1.1607,11.225187652590304
2025-08-12,32.409,33.065,33.065,32.215,2.08K,-1.79%,9.498138039,1.1673,11.087176532924701
2025-08-13,32.6,32.615,32.8,32.485,2.31K,0.59%,9.554114600000002,1.1715,11.192645253900002
2025-08-14,32.141,32.86,32.86,31.95,1.95K,-1.41%,9.419595011,1.1644,10.968176430808402
2025-08-15,31.031,31.975,31.975,30.795,2.52K,-3.45%,9.094286201000001,1.1708,10.647590284130802
2025-08-18,31.272,30.65,31.485,30.65,2.64K,0.78%,9.164916312,1.1667,10.692707861210401
2025-08-19,31.227,30.725,31.375,30.725,3.63K,-0.14%,9.151728117000001,1.166,10.670914984422001
2025-08-20,31.906,31.375,32.275,31.225,2.63K,2.17%,9.350723326,1.1649,10.892657602457401
2025-08-21,33.175,32.245,33.395,32.015,1.96K,3.98%,9.722630425,1.1605,11.283112608212502
2025-08-22,33.573,33.4,33.6,33.065,0.41K,1.20%,9.839272683,1.1713,11.5247400935979
2025-08-25,33.774,33.275,33.82,33.25,0.06K,0.60%,9.898179954000002,1.167,11.551176006318002
2025-08-26,33.46,33.6,33.69,33.3,0.26K,-0.93%,9.806155660000002,1.1657,11.431035652862002
2025-08-27,32.551,32.7,32.815,32.59,1.27K,-2.72%,9.539754121000001,1.1611,11.076608509893102
2025-08-28,31.559,31.275,31.275,31.275,0.00K,-3.05%,9.249027689000002,1.1672,10.795465118600802
2025-08-29,31.622,31.75,31.87,31.6,3.28K,0.20%,9.267491162,1.1695,10.838330913959
2025-09-01,32.275,32.275,32.285,31.88,0.08K,2.07%,9.458866525000001,,
2025-09-02,31.772,32.2,32.625,31.665,4.13K,-1.56%,9.311451812,1.1653,10.8506347965236
2025-09-03,32.112,31.525,32.36,31.42,3.59K,1.07%,9.411095952000002,1.1676,10.988395633555202
2025-09-04,32.412,31.84,32.605,31.84,6.65K,0.93%,9.499017252,1.1648,11.0644552951296
2025-09-05,31.969,32.52,32.705,31.91,6.17K,-1.37%,9.369186799000001,1.1759,11.017226756944101
2025-09-08,33.064,32.2,33.12,32.2,3.50K,3.43%,9.690099544,1.1751,11.386835974154401
2025-09-09,32.931,33.085,33.11,32.225,3.51K,-0.40%,9.651121101,1.1723,11.314009266702298
2025-09-10,33.122,33.24,33.42,33.005,3.91K,0.58%,9.707097662,1.1714,11.3708942012668
2025-09-11,32.323,32.51,32.59,32.31,3.10K,-2.41%,9.472933933,1.1732,11.1136460901956
2025-09-12,32.662,32.395,32.8,32.065,2.76K,1.05%,9.572285002000001,1.1714,11.212974651342801
2025-09-15,32.154,32.2,32.4,32.0,2.55K,-1.56%,9.423404934000002,1.1772,11.093232288304803
2025-09-16,32.329,31.91,32.45,31.91,5.07K,0.54%,9.474692359,1.1848,11.225615506943202
2025-09-17,32.401,32.605,32.76,32.335,1.86K,0.22%,9.495793471000002,1.1845,11.247767366399504
2025-09-18,32.952,32.555,33.035,32.545,2.38K,1.70%,9.657275592,1.178,11.376270647375998
2025-09-19,32.308,32.66,32.965,32.17,2.11K,-1.95%,9.468537868,1.1753,11.1283725562604
2025-09-22,31.844,32.1,32.2,31.765,0.19K,-1.44%,9.332552924000002,1.1773,10.987214557425203
2025-09-23,32.265,32.03,32.7,31.99,0.33K,1.32%,9.455935815,1.18,11.1580042617
2025-09-24,31.903,32.16,32.39,32.0,0.08K,-1.12%,9.349844113,1.1742,10.978586957484598
2025-09-25,32.456,32.405,32.565,32.35,0.08K,1.73%,9.511912376000002,1.1673,11.103255316504802
2025-09-26,32.697,32.655,32.71,32.525,0.38K,0.74%,9.582542487000001,1.1692,11.203908675800403
2025-09-29,32.06,32.28,32.28,32.1,0.06K,-1.95%,9.395856260000002,1.173,11.021339392980003
2025-09-30,31.411,32.255,32.255,31.43,3.97K,-2.02%,9.205653181,1.1735,10.8028340079035
2025-10-01,31.335,31.275,31.385,30.79,2.93K,-0.24%,9.183379785000001,1.1723,10.7656761219555
2025-10-02,31.455,31.445,31.475,31.055,4.05K,0.38%,9.218548305,1.1696,10.782014097528
2025-10-03,31.438,31.105,31.625,30.97,3.86K,-0.05%,9.213566098000001,1.1747,10.823176095320601
2025-10-06,33.116,32.45,33.215,32.425,3.24K,5.34%,9.705339236,1.1707,11.362040643585201
2025-10-07,33.246,33.5,33.625,33.04,4.23K,0.39%,9.743438466,1.1674,11.3744900652084
2025-10-08,32.7,33.57,33.57,32.645,3.17K,-1.64%,9.583421700000002,1.1606,11.122519225020003
2025-10-09,32.363,32.195,32.52,32.065,2.78K,-1.03%,9.484656773000001,1.1559,10.9633147639107
2025-10-10,32.17,32.08,32.185,31.88,3.17K,-0.60%,9.428094070000002,1.1613,10.948845643491003
2025-10-13,31.475,31.825,31.845,31.345,,-2.16%,9.224409725000001,,
2025-10-14,31.801,31.46,31.86,31.46,2.53K,1.04%,9.319950871,1.1608,10.818598971056801
2025-10-15,31.826,31.75,31.85,31.44,1.44K,0.08%,9.327277646,1.1638,10.855085724414801
2025-10-16,32.378,32.265,32.65,32.165,3.79K,1.73%,9.489052838000001,1.1665,11.068980135527003
2025-10-17,31.816,32.195,32.315,31.84,2.18K,-1.74%,9.324346936000001,1.1674,10.885242613086401
2025-10-20,31.739,31.775,31.775,31.59,1.69K,-0.24%,9.301780469,1.1656,10.8421553146664
2025-10-21,32.2,31.435,32.27,31.435,4.45K,1.45%,9.436886200000002,1.1616,10.961887009920002
2025-10-22,31.768,32.05,32.185,31.67,6.08K,-1.34%,9.310279528,1.1612,10.811096587913601
2025-10-23,32.454,32.25,32.795,32.25,4.11K,2.16%,9.511326234,1.1612,11.0445520229208
2025-10-24,32.016,32.2,32.2,31.855,1.64K,-1.35%,9.382961136,1.1626,10.908630616713602
2025-10-27,31.4,31.38,31.44,31.285,0.79K,-1.92%,9.2024294,1.1636,10.707946849839999
2025-10-28,31.494,31.315,31.71,31.315,0.02K,0.30%,9.229978074,1.1659,10.7612314364766
2025-10-29,31.869,31.869,31.869,31.869,0.02K,1.19%,9.339879699,1.1664,10.894035680913602
2025-10-30,31.048,36.0,36.0,36.0,0.00K,-2.58%,9.099268408,1.1564,10.5223939870112
2025-10-31,31.122,31.185,31.335,31.095,1.26K,0.24%,9.120955662,1.1541,10.526494929514199
2025-11-03,31.741,31.555,31.88,31.535,,1.99%,9.302366611,1.1531,10.7265589391441
2025-11-04,32.551,31.94,32.495,31.93,8.19K,2.55%,9.539754121000001,1.1491,10.962131460441102
2025-11-05,31.819,32.1,32.12,31.695,2.28K,-2.25%,9.325226149,1.1485,10.710022232126502
2025-11-06,31.548,31.445,31.725,31.445,3.55K,-0.85%,9.245803908000001,1.1539,10.6687331294412
2025-11-07,31.201,31.49,31.505,31.145,5.59K,-1.10%,9.144108271,1.1578,10.5870485561638
2025-11-10,31.071,31.3,31.465,30.84,9.39K,-0.42%,9.106009041000002,1.1545,10.512887437834502
2025-11-11,31.102,31.04,31.18,30.885,1.33K,0.10%,9.115094242000001,,
2025-11-12,30.933,31.365,31.365,30.8,7.75K,-0.54%,9.065565243,1.1592,10.5088032296856
2025-11-13,30.458,31.01,31.01,30.375,5.16K,-1.54%,8.926356518,1.1649,10.398312707818201
2025-11-14,31.25,30.745,31.08,30.59,1.11K,2.60%,9.15846875,1.1617,10.639393146875001
2025-11-17,31.418,31.475,31.6,31.23,2.88K,0.54%,9.207704678,1.1598,10.6790958855444
2025-11-18,31.694,31.74,31.95,31.49,2.16K,0.88%,9.288592274,1.1579,10.755260994064601
2025-11-19,30.94,31.155,31.185,30.675,1.96K,-2.38%,9.067616740000002,1.154,10.46402971796
2025-11-20,31.159,31.035,31.195,30.89,2.59K,0.71%,9.131799289,1.1534,10.5326172999326
2025-11-21,30.198,30.62,30.7,30.485,2.21K,-3.08%,8.850158058000002,1.1506,10.182991861534802
2025-11-24,29.747,30.025,30.025,29.3,0.09K,-1.49%,8.717983037000002,1.1518,10.041372862016601
2025-11-25,29.386,29.65,29.65,29.245,0.06K,-1.21%,8.612184406,1.1553,9.949656644251801
2025-11-26,29.368,29.37,29.5,29.26,0.05K,-0.06%,8.606909128,1.1591,9.9762683702648
2025-11-28,28.817,29.07,29.16,28.655,0.17K,-1.88%,8.445427007000001,1.16,9.79669532812
2025-12-01,28.227,28.275,28.43,27.88,0.69K,-2.05%,8.272515117000001,1.1623,9.615144320489103
2025-12-02,28.05,27.715,28.105,27.56,1.13K,-0.63%,8.220641550000002,1.1596,9.532655941380002
2025-12-03,28.206,27.995,28.27,27.995,1.11K,0.56%,8.266360626,1.166,9.638576489916
2025-12-04,27.088,27.575,27.58,27.055,1.11K,-3.96%,7.938707248000001,1.1659,9.2557387804432
2025-12-05,27.266,27.36,27.36,27.105,1.08K,0.66%,7.990873886,1.1635,9.297381766361
2025-12-08,26.871,27.55,27.67,26.805,0.76K,-1.45%,7.875110841000001,1.1626,9.1556038637466
2025-12-09,27.489,27.4,27.53,27.34,0.42K,2.30%,8.056228719000002,1.1639,9.3766446060441
2025-12-10,26.602,27.015,27.09,26.55,1.41K,-3.23%,7.7962747420000005,1.165,9.08266007443
2025-12-11,26.805,26.715,26.92,26.635,0.91K,0.76%,7.855768155000001,1.1756,9.235241043018
2025-12-12,27.684,27.355,27.56,27.245,0.49K,3.28%,8.113377564,1.1731,9.5178032203284
2025-12-15,27.425,27.73,27.745,27.28,0.56K,-0.94%,8.037472175000001,1.1756,9.448852288930002
2025-12-16,26.764,26.97,27.0,26.68,1.05K,-2.41%,7.843752244000001,1.177,9.232096391188001
2025-12-17,27.357,27.085,27.475,27.075,1.13K,2.22%,8.017543347,1.1748,9.419009924055601
2025-12-18,27.652,27.55,27.835,27.3,0.53K,1.08%,8.103999292000001,1.1729,9.505180769586802
2025-12-19,28.161,27.95,28.475,27.755,0.92K,1.84%,8.253172431000001,1.1721,9.673543406375101
2025-12-22,27.687,27.687,27.687,27.687,0.00K,-1.68%,8.114256777000001,1.175,9.534251712975003
2025-12-23,27.732,27.79,27.79,27.79,0.01K,0.16%,8.127444972000001,1.1776,9.570879199027202
2025-12-24,28.095,28.22,28.22,28.17,0.02K,1.31%,8.233829745,1.178,9.69945143961
2025-12-26,28.095,28.095,28.095,28.095,,0.00%,8.233829745,1.1766,9.687924077967
2025-12-29,28.534,28.45,29.0,28.42,0.01K,1.56%,8.362487914,1.1756,9.830940791698401
2025-12-30,27.766,27.766,27.766,27.766,,-2.69%,8.137409386,1.1765,9.573662142629
2025-12-31,28.161,27.755,28.43,27.755,0.03K,1.42%,8.253172431000001,1.1736,9.6859231650216
2026-01-02,29.004,28.48,29.05,28.405,1.26K,2.99%,8.500231284000002,1.1738,9.9775714811592
2026-01-05,27.399,27.975,27.98,27.15,1.24K,-5.53%,8.029852329,1.1715,9.406972003423501
2026-01-06,28.072,27.62,28.195,27.575,1.37K,2.46%,8.227089112,1.1689,9.6166444630168
2026-01-07,28.777,28.5,29.14,28.345,0.88K,2.51%,8.433704167000002,1.169,9.859000171223002
2026-01-08,27.699,27.745,27.845,27.495,0.81K,-3.75%,8.117773629000002,1.1655,9.461265164599503
2026-01-09,28.374,27.62,28.565,27.62,1.90K,2.44%,8.315596554,1.1634,9.674365030923601
2026-01-12,30.246,28.95,30.58,28.905,0.81K,6.60%,8.864225466,1.1672,10.3463239639152
2026-01-13,31.473,32.12,32.3,30.67,1.52K,4.06%,9.223823583,1.1646,10.7420649447618
2026-01-14,31.813,30.725,32.925,30.42,1.85K,1.08%,9.323467723,1.1655,10.8665016311565
2026-01-15,33.158,32.27,33.64,31.975,1.42K,4.23%,9.717648218,1.1605,11.277330756989002
2026-01-16,36.879,33.95,37.99,33.95,0.67K,11.22%,10.808165409,1.1599,12.5363910578991
2026-01-19,35.115,35.115,35.455,33.215,0.33K,-4.78%,10.291188165000001,,
2026-01-20,35.887,34.7,37.095,33.215,1.12K,2.20%,10.517438977000001,1.1739,12.3464216151003
2026-01-21,39.208,34.55,39.925,34.4,0.40K,9.25%,11.490727768000001,1.1705,13.449896852444002
2026-01-22,38.079,39.225,41.8,37.45,0.42K,-2.88%,11.159850609000001,1.1738,13.099432644844201
2026-01-23,40.039,37.2,40.005,37.2,0.29K,5.15%,11.734269769,1.1771,13.812408945089901
2026-01-26,39.112,40.8,40.8,40.13,0.12K,-2.32%,11.462592952000001,1.1886,13.624437982747203
2026-01-27,38.761,39.055,39.48,38.21,0.17K,-0.90%,11.359725031000002,1.198,13.608950587138002
2026-01-28,38.861,39.205,39.205,37.275,0.58K,0.26%,11.389032131,1.1941,13.5996432676271
2026-01-29,40.113,40.113,40.113,40.113,,3.22%,11.755957023,1.1943,14.0401394725689
2026-01-30,39.285,39.18,39.64,37.525,0.15K,-2.06%,11.513294235,1.1885,13.6835501982975
2026-02-02,33.945,34.65,35.15,33.08,0.24K,-13.59%,9.948295095,1.1807,11.745952018666502
2026-02-03,32.86,31.955,32.89,31.355,0.27K,-3.20%,9.63031306,1.1819,11.382067005614001
2026-02-04,33.501,33.365,33.82,32.85,0.17K,1.95%,9.818171571,1.1803,11.5883879052513
2026-02-05,33.735,34.175,35.05,33.845,0.15K,0.70%,9.886750185,1.1802,11.668342568337
2026-02-06,35.694,34.23,35.55,34.135,0.21K,5.81%,10.460876274000002,1.1812,12.356387054848803
2026-02-09,33.496,32.505,33.535,32.485,0.13K,-6.16%,9.816706216000002,1.1898,11.679917055796802
2026-02-10,31.846,33.6,33.6,31.81,0.02K,-4.93%,9.333139066000001,1.1898,11.1045688607268
2026-02-11,32.167,32.495,32.85,32.185,0.03K,1.01%,9.427214857000001,1.1884,11.2033021360588
2026-02-12,32.994,32.9,33.265,32.375,0.13K,2.57%,9.669584574,1.187,11.477796889338
2026-02-13,32.5,32.495,32.495,32.075,0.07K,-1.50%,9.524807500000001,1.187,11.305946502500003
2026-02-16,30.755,30.755,31.2,30.755,0.05K,-5.37%,9.013398605,,
2026-02-17,29.822,31.02,31.2,29.895,0.14K,-3.03%,8.739963362000001,1.1831,10.340250653582201
2026-02-18,31.481,30.01,31.875,29.38,0.04K,5.56%,9.226168151000001,1.181,10.896104586331003
2026-02-19,33.523,32.8,34.27,32.8,0.06K,6.49%,9.824619133000002,1.1762,11.555717024234601
2026-02-20,32.029,32.59,32.85,31.88,0.13K,-4.46%,9.386771059000003,1.1781,11.058554984607902
2026-02-23,31.834,31.65,32.1,31.55,0.08K,-0.61%,9.329622214,1.1804,11.0126860614056
2026-02-24,30.891,31.65,31.65,31.4,0.03K,-2.96%,9.053256261,1.1789,10.6728838060929
2026-02-25,31.05,31.42,31.5,31.42,0.04K,0.51%,9.099854550000002,1.1804,10.74146831082
2026-02-26,32.224,30.4,30.425,30.4,0.01K,3.78%,9.443919904,1.1792,11.1362703507968
2026-02-27,31.959,31.695,32.835,31.65,0.78K,-0.82%,9.366256089,1.1822,11.0727879484158
2026-03-02,44.506,38.59,48.59,38.32,0.41K,39.26%,13.043417926000002,1.169,15.247755555494003
2026-03-03,54.29,52.25,63.75,50.9,0.71K,21.98%,15.91082459,1.1604,18.462920854236003
2026-03-04,48.767,56.8,57.145,45.895,0.47K,-10.17%,14.292193457000002,1.1638,16.6332547452566
2026-03-05,50.731,52.85,53.92,47.895,0.56K,4.03%,14.867784901000002,1.1585,17.224328807808504
2026-03-06,53.385,48.805,53.67,48.145,0.25K,5.23%,15.645595335000001,1.1606,18.158277945801004
2026-03-09,56.453,62.66,62.9,55.8,0.24K,5.75%,16.544737163,1.1592,19.178659319349602
2026-03-10,47.393,47.805,49.58,46.4,0.10K,-16.05%,13.889513903000001,1.1648,16.178505794214402
2026-03-11,49.989,47.0,51.345,46.8,0.21K,5.48%,14.650326219,1.1566,16.9445673048954
2026-03-12,50.87,52.03,52.295,50.0,0.10K,1.76%,14.90852177,1.1522,17.177598783394
2026-03-13,50.115,50.995,52.1,48.9,0.08K,-1.48%,14.687253165000001,1.1444,16.808092522026
2026-03-16,50.887,51.585,52.15,50.75,0.14K,1.54%,14.913503977000001,1.1487,17.1311420183799
2026-03-17,51.559,51.975,52.4,51.19,0.14K,1.32%,15.110447689,1.1525,17.414790961572503
2026-03-18,54.662,51.05,56.26,49.765,0.22K,6.02%,16.019847002000002,1.1513,18.4436498534026
2026-03-19,61.852,67.965,69.35,61.405,0.19K,13.15%,18.127027492,1.1515,20.873272157038
2026-03-20,59.255,61.5,61.9,58.56,0.09K,-4.20%,17.365922105000003,1.1543,20.045483885801506
2026-03-23,56.683,61.5,61.5,61.5,0.05K,-4.34%,16.612143493,1.1587,19.2484906653391
2026-03-24,54.041,55.0,55.0,55.0,0.01K,-4.66%,15.837849911000001,1.1578,18.3370626269558
2026-03-25,52.816,50.95,53.0,50.95,0.11K,-2.27%,15.478837936000001,1.157,17.909015491952
2026-03-26,55.218,54.0,55.365,54.0,0.19K,4.55%,16.182794478,1.1542,18.6781813865076
2026-03-27,54.177,56.45,56.5,54.2,0.09K,-1.89%,15.877707567000002,1.152,18.291119117184
2026-03-30,54.814,54.9,54.9,54.9,0.05K,1.18%,16.064393794,1.1454,18.4001566516476
2026-03-31,50.757,54.245,54.4,49.7,0.02K,-7.40%,14.875404747000001,1.1518,17.1334911875946
2026-04-01,47.51,48.605,49.4,46.915,0.11K,-6.40%,13.92380321,1.1614,16.171105048094002
2026-04-02,50.044,50.285,51.74,48.905,0.15K,5.33%,14.666445124,1.1546,16.933877540170403
2026-04-03,50.044,50.285,51.74,48.74,,0.00%,14.666445124,1.1523,16.900144716385203
2026-04-06,50.044,50.044,50.044,50.044,,0.00%,14.666445124,1.1545,16.932410895658002
2026-04-07,53.247,50.305,53.1,49.0,0.10K,6.40%,15.605151537000001,1.1571,18.056720843462703
2026-04-08,45.301,44.095,45.835,43.535,0.06K,-14.92%,13.276409371000002,1.1686,15.514811990950603
2026-04-09,46.175,45.645,46.53,44.2,0.05K,1.93%,13.532553425,1.1706,15.841207039305
2026-04-10,43.638,45.2,45.2,44.15,0.05K,-5.49%,12.789032298,1.1723,14.9925825629454
2026-04-13,46.413,46.15,46.5,46.0,0.05K,6.36%,13.602304323,1.171,15.928298362233
2026-04-14,43.365,44.215,44.5,42.525,0.06K,-6.57%,12.709023915000001,1.1791,14.985210098176502
2026-04-15,41.399,43.3,43.3,43.3,0.00K,-4.53%,12.132846329000001,1.1799,14.3155453835871
2026-04-16,42.422,42.195,42.865,41.605,0.38K,2.47%,12.432657962,1.1783,14.649400876624599
2026-04-17,38.769,41.675,41.7,38.39,0.05K,-8.61%,11.362069599,1.1801,13.408378333779899
2026-04-20,40.292,40.24,40.545,39.65,0.19K,3.93%,11.808416732000001,1.1785,13.916219118662003
2026-04-21,41.931,41.16,42.0,41.15,0.04K,4.07%,12.288760101000001,1.1752,14.441750870695202
2026-04-22,43.552,43.552,43.552,43.552,0.06K,3.87%,12.763828192000002,1.1714,14.951548344108803
2026-04-23,44.496,44.6,44.9,44.025,0.02K,2.17%,13.040487216000002,1.1704,15.262586237606405
2026-04-24,44.861,44.861,44.861,44.861,0.19K,0.82%,13.147458131,1.1718,15.4061914379058
2026-04-27,44.646,45.0,45.2,43.7,0.07K,-0.48%,13.084447866000001,1.1731,15.349365791604603
2026-04-28,43.594,44.945,45.165,44.945,0.09K,-2.36%,12.776137174000002,1.1715,14.967244699341002
2026-04-29,46.853,44.59,44.59,44.59,0.01K,7.48%,13.731255563000001,1.1695,16.058703380928502
2026-04-30,45.987,47.105,47.105,45.685,0.01K,-1.85%,13.477456077000001,1.1729,15.807708232713303
2026-05-01,45.766,46.475,46.6,45.0,0.34K,-0.48%,13.412687386,1.1755,15.766614022243
2026-05-04,48.143,47.0,49.015,46.55,0.09K,5.19%,14.109317153000001,1.1698,16.5050792055794
2026-05-05,46.926,48.375,48.565,46.99,0.03K,-2.53%,13.752649746000001,1.1707,16.100227057642204
2026-05-06,43.902,43.125,43.86,42.525,0.02K,-6.44%,12.866403042000002,1.1753,15.121883495262603
2026-05-07,43.561,44.2,44.495,42.6,0.03K,-0.78%,12.766465831000001,1.1764,15.0184704035884
2026-05-08,44.143,44.1,44.4,43.7,0.04K,1.34%,12.937033153000002,1.1773,15.230769131026902
2026-05-11,46.233,46.0,46.38,46.0,0.03K,4.73%,13.549551543,1.178,15.961371717653998
2026-05-12,46.684,47.3,47.3,46.325,0.00K,0.98%,13.681726564,1.1733,16.0527697775412
2026-05-13,46.92,46.2,46.835,46.2,0.02K,0.51%,13.750891320000001,1.1711,16.103668824852
2026-05-14,47.655,46.6,47.955,46.6,0.03K,1.57%,13.966298505000001,1.1678,16.309843394139
2026-05-15,50.167,50.45,50.45,50.45,0.00K,5.27%,14.702492857000001,1.1627,17.094588444833903
2026-05-18,50.25,51.285,51.285,49.1,0.25K,0.17%,14.726817750000002,1.1649,17.155269996975004
2026-05-19,51.816,50.45,51.83,50.45,0.03K,3.12%,15.185766936000002,1.1602,17.6185267991472
2026-05-20,49.425,51.535,51.75,48.07,0.11K,-4.61%,14.485034175000001,1.162,16.83160971135
2026-05-21,49.408,49.3,50.025,48.755,0.09K,-0.03%,14.480051968000001,1.1589,16.7809322257152
2026-05-22,48.683,48.625,48.955,47.39,0.05K,-1.47%,14.267575493,1.1603,16.554667844527902
2026-05-26,47.472,47.215,47.84,46.99,0.09K,-2.49%,13.912666512000001,1.162,16.166518486944
2026-05-27,46.413,45.985,46.25,45.3,0.14K,-2.23%,13.602304323,1.1631,15.820840158081301
2026-05-28,46.921,46.921,46.921,46.921,0.05K,1.09%,13.751184391,1.1649,16.018754697075902
2026-05-29,46.001,47.145,47.275,47.145,0.00K,-1.96%,13.481559071000001,1.1679,15.745112839020901
2026-06-01,49.09,47.85,49.165,47.825,0.02K,6.72%,14.386855390000003,1.1624,16.723280705336006
2026-06-02,47.607,47.905,48.09,47.55,0.03K,-3.02%,13.952231097,1.1642,16.2431874431274
2026-06-03,48.864,49.3,49.505,48.85,0.15K,2.64%,14.320621344000001,1.1605,16.619081069712003
2026-06-04,48.752,49.05,49.05,49.05,0.01K,-0.23%,14.287797392000002,1.1629,16.615279587156802
2026-06-05,48.496,48.496,48.496,48.496,,-0.53%,14.212771216000002,1.1533,16.391589043412804
2026-06-08,49.826,49.826,49.826,49.826,,2.74%,14.602555646,1.1545,16.858650493307003
2026-06-09,48.744,50.05,50.075,48.62,0.10K,-2.17%,14.285452824000002,1.1556,16.5082692834144
2026-06-10,49.989,48.895,50.7,48.59,0.04K,2.55%,14.650326219,1.155,16.921126782945
2026-06-11,49.69,50.21,50.61,49.54,0.06K,-0.60%,14.56269799,1.1515,16.768946735485
2026-06-12,46.773,47.0,48.505,46.5,0.71K,-5.87%,13.707809883000003,1.1573,15.864048377595903
2026-06-15,42.507,44.39,44.45,41.98,0.15K,-9.12%,12.457568997000001,1.1599,14.4495342796203
2026-06-16,41.769,42.0,42.5,41.5,0.22K,-1.74%,12.241282599,1.1615,14.2182497387385
2026-06-17,41.915,41.72,42.175,40.75,0.13K,0.35%,12.284070965000002,1.1593,14.240923469724502
2026-06-18,40.523,40.11,41.19,40.11,0.09K,-3.32%,11.876116133000002,1.147,13.621905204551002
2026-06-19,42.07,40.523,42.5,41.655,0.13K,3.82%,12.329496970000001,,
2026-06-22,41.887,40.84,42.7,40.84,0.34K,-0.43%,12.275864977000001,1.1432,14.0337688417064
2026-06-23,42.014,41.71,42.05,41.47,0.09K,0.30%,12.313084994000002,1.1383,14.015984648670203
2026-06-24,40.876,41.535,41.535,40.995,0.02K,-2.71%,11.979570196000001,1.1348,13.594416258420802
2026-06-25,40.405,40.405,40.405,40.405,0.06K,-1.15%,11.841533755000002,1.1385,13.481586180067504
2026-06-26,40.782,40.4,40.905,40.28,0.19K,0.93%,11.952021522,1.1403,13.628890141536601
2026-06-29,42.565,42.05,42.05,42.05,0.12K,4.37%,12.474567115000001,1.1425,14.252192928887503
2026-06-30,43.444,43.475,43.845,43.475,0.08K,2.07%,12.732176524000002,1.1417,14.536325937450801
2026-07-01,42.779,43.62,43.655,43.15,0.03K,-1.53%,12.537284309000002,1.1384,14.272444457365603
2026-07-02,44.015,43.7,44.4,43.7,0.06K,2.89%,12.899520065,1.1448,14.767370570412002
2026-07-03,44.25,44.225,44.25,44.1,0.05K,0.53%,12.96839175,,
2026-07-06,44.131,44.225,44.74,44.1,0.06K,-0.27%,12.933516301000001,1.1426,14.777835725522602
2026-07-07,46.576,46.576,46.576,46.576,0.01K,5.54%,13.650074896000001,1.1423,15.592480553700803
2026-07-08,49.022,48.165,49.28,47.905,0.14K,5.25%,14.366926562000002,1.1396,16.3725495100552
2026-07-09,50.102,48.825,50.045,48.4,0.06K,2.20%,14.683443242000001,1.1439,16.7963907245238
2026-07-10,48.655,48.58,48.58,48.265,0.05K,-2.89%,14.259369505000002,1.1438,16.309866839819
2026-07-13,51.275,51.1,51.65,51.1,0.03K,5.38%,15.027215525,1.1402,17.134031141605004
2026-07-14,52.959,52.9,53.445,52.9,0.03K,3.28%,15.520747089000002,1.1428,17.737109773309204
2026-07-15,54.353,54.995,54.995,54.995,0.01K,2.63%,15.929288063000001,1.1436,18.216733828846802
2026-07-16,54.785,55.56,55.56,55.3,0.02K,0.79%,16.055894735,1.1447,18.3791827031545
2026-07-17,57.395,56.305,56.305,56.305,0.06K,4.76%,16.820810045,1.144,19.24300669148
2026-07-20,58.742,59.955,59.955,58.38,0.03K,2.35%,17.215576682000002,1.1411,19.644694551830202
2026-07-21,59.663,59.663,59.663,59.663,0.03K,1.57%,17.485495073,1.1408,19.9474527792784
2026-07-22,62.537,62.395,62.395,62.395,0.01K,4.82%,18.327781127,1.1414,20.9193293783578
2026-07-23,61.898,61.86,61.86,61.86,0.01K,-1.02%,18.140508758000003,1.1373,20.631200610473403
2026-07-24,63.575,63.27,64.4,63.27,0.20K,2.71%,18.631988825000004,1.1385,21.212519277262505
2026-07-27,58.253,59.5,59.5,58.525,0.13K,-8.37%,17.072264963000002,1.1376,19.421408621908803
2026-07-28,57.737,56.75,57.075,56.565,0.15K,-0.89%,16.921040327000004,1.1401,19.2916780768127
2026-07-29,60.42,58.91,61.495,58.91,0.09K,4.65%,17.70734982,1.1384,20.158047035088003
2026-07-30,58.181,58.181,58.181,58.181,,-3.71%,17.051163851000002,1.1522,19.6463509891222
2026-07-31,59.071,59.785,60.1,58.95,0.07K,1.53%,17.311997041,1.1519,19.941689391527902
2026-08-03,57.505,56.925,58.305,56.925,0.33K,-2.65%,16.853047855000003,1.1509,19.396172776319503
2026-08-04,55.921,59.0,60.33,54.225,1.24K,-2.75%,16.388823391000003,1.1527,18.891396722805705
2026-08-05,52.404,55.26,55.26,51.915,0.36K,-6.29%,15.358092684000002,1.1547,17.733989622214803
2026-08-06,55.769,54.275,55.77,54.275,0.35K,6.42%,16.344276599,1.1521,18.8302410697079
2026-08-07,55.544,57.23,57.23,54.54,0.60K,-0.40%,16.278335624,1.1559,18.816128147781598
2026-08-10,60.798,56.84,61.64,56.84,0.81K,9.46%,17.818130658,1.1552,20.583504536121602
2026-08-11,58.735,60.885,60.885,58.595,0.47K,-3.39%,17.213525185,1.1543,19.869572121045504
2026-08-12,61.021,60.66,61.07,59.355,0.67K,3.89%,17.883485491000002,1.154,20.637542256614
2026-08-13,60.4,60.785,60.91,60.59,0.53K,-1.02%,17.701488400000002,1.1531,20.411586274040005
2026-08-14,61.424,60.935,61.51,60.73,0.40K,1.70%,18.001593104,1.1581,20.8476449737424
2026-08-17,61.757,61.85,62.35,61.265,0.69K,0.54%,18.099185747,1.1591,20.9787661993477
2026-08-18,63.646,62.58,63.915,62.58,0.74K,3.06%,18.652796866000003,1.158,21.599938770828
2026-08-19,63.381,63.4,63.46,62.74,0.24K,-0.42%,18.575133051,1.1664,21.666035190686404
2026-08-20,65.295,64.455,65.69,64.455,0.35K,3.02%,19.136070945000004,1.1679,22.349017256665505
2026-08-21,65.865,66.265,66.79,65.7,0.45K,0.87%,19.303121415,1.1684,22.553767061286003
2026-08-24,68.32,67.53,68.565,67.5,0.24K,3.73%,20.02261072,1.1665,23.35637540488
2026-08-25,66.588,66.725,66.825,65.835,0.10K,-2.54%,19.515011748,1.1673,22.7798732134404
2026-08-26,65.626,64.275,64.36,63.8,0.08K,-1.44%,19.233077446000003,1.1651,22.408458532334603
2026-08-27,68.095,67.85,67.85,67.85,0.02K,3.76%,19.956669745000003,1.1654,23.257502920823004
2026-08-28,66.979,68.93,69.01,66.555,0.93K,-1.64%,19.629602509,1.1598,22.7664129899382
2026-08-31,69.809,69.98,70.505,69.98,0.12K,4.23%,20.458993439,1.1598,23.7283405905522
2026-09-01,72.218,71.33,72.175,70.91,0.57K,3.45%,21.165001478000004,1.1598,24.547168714184405
2026-09-02,73.634,74.255,74.255,72.21,0.27K,1.96%,21.579990014000003,1.1598,25.028472418237204
2026-09-03,71.15,72.9,72.9,71.15,0.51K,-3.37%,20.852001650000002,1.1598,24.184151513670002
