"Status";"Gas Day Start (status at 6AM  CEST)";"Gas Day End";"LNG Inventory (10³ ㎥ LNG)";"LNG Inventory (~GWh)";"Technical Capacity / DTMI (10³ ㎥ LNG)";"Technical Capacity / DTMI (~GWh)";"Send-Out (GWh/d)";"DTRS (GWh/d)";"Contracted Capacity (GWh/d)";"Available Capacity (GWh/d)"
"E";"2026-09-01";"2026-09-02";"4886.58";"32911.61";"9321.97";"62784.41";"3601.7";"7935.8";"4730.9736";"727.7533"
"E";"2026-08-31";"2026-09-01";"4990.58";"33656.74";"9321.97";"62867.87";"3373.6";"7935.8";"4417.9108";"864.9392"
"E";"2026-08-30";"2026-08-31";"4561.99";"30764.09";"9321.97";"62863.34";"3224";"7935.8";"4330.2379";"952.5823"
"E";"2026-08-29";"2026-08-30";"4500.91";"30228.6";"9321.97";"62607.36";"3283.6";"7935.7";"4282.2481";"1000.5166"
"E";"2026-08-28";"2026-08-29";"4530.21";"30458.9";"9321.97";"62676.33";"3398.1";"7935.7";"4378.446";"904.3145"
"E";"2026-08-27";"2026-08-28";"4727.93";"31786.62";"9321.97";"62673.08";"3558.6";"7935.9";"4437.1804";"845.7066"
"E";"2026-08-26";"2026-08-27";"4307.36";"29005.18";"9321.97";"62772.89";"3474.3";"7935.9";"4433.0275";"849.8646"
"E";"2026-08-25";"2026-08-26";"4374.15";"29467.48";"9321.97";"62799.62";"3374.4";"7935.8";"4454.5054";"828.3292"
"E";"2026-08-24";"2026-08-25";"4432.41";"29848.77";"9321.97";"62776.08";"3258.7";"7935.8";"4471.1176";"811.68"
"C";"2026-08-23";"2026-08-24";"4362.68";"29348.06";"9321.97";"62709.56";"2845.1";"7935.8";"4494.9195";"1016.8825"
"E";"2026-08-22";"2026-08-23";"4093.14";"27958.26";"9321.97";"63673.87";"2881.6";"7935.7";"4504.8638";"1006.9094"
"E";"2026-08-21";"2026-08-22";"4277.99";"28544.63";"9321.97";"62200.28";"3300.2";"7935.7";"4499.3382";"1012.4155"
"C";"2026-08-20";"2026-08-21";"4645.14";"30828.45";"9321.97";"61867.22";"3307.5";"7935.7";"4504.3421";"1007.4085"
"C";"2026-08-19";"2026-08-20";"4755.98";"31618.44";"9321.97";"61973.8";"3202";"7936.8";"4457.4744";"1055.4154"
"C";"2026-08-18";"2026-08-19";"4598.53";"30607.74";"9321.97";"62046.88";"3118.7";"7942.2";"4369.8344";"1148.4594"
"C";"2026-08-17";"2026-08-18";"4188.86";"27930.31";"9321.97";"62156.65";"3099.3";"7942";"4373.079";"1145.0215"
"E";"2026-08-16";"2026-08-17";"3764.7";"25130.61";"9321.97";"62227.21";"3131.5";"7942";"4404.074";"1113.9453"
"E";"2026-08-15";"2026-08-16";"4034.18";"26894.69";"9321.97";"62146.83";"2730.9";"7941.9";"4319.1627";"1198.8308"
"E";"2026-08-14";"2026-08-15";"4157.17";"27739.26";"9321.97";"62202.06";"3145.3";"7939";"4391.4247";"1123.6653"
"C";"2026-08-13";"2026-08-14";"4073.49";"27046.89";"9321.97";"61895.4";"3395.8";"7935.9";"4441.6099";"1070.3021"
"E";"2026-08-12";"2026-08-13";"3986.75";"26403.52";"9321.97";"61737.71";"3118.2";"7937.3";"4314.7691";"1198.5834"
"E";"2026-08-11";"2026-08-12";"4147.81";"27603.69";"9321.97";"62037.74";"3058.9";"7937.4";"4367.8942";"1145.597"
"C";"2026-08-10";"2026-08-11";"3872.45";"25827.03";"9321.97";"62172.22";"2940.5";"7937.4";"4304.4139";"1208.9972"
"E";"2026-08-09";"2026-08-10";"3778.17";"25172.13";"9321.97";"62107.8";"2494.9";"7937.2";"4368.8579";"1144.4102"
"C";"2026-08-08";"2026-08-09";"3810.57";"25381.61";"9321.97";"62092.18";"2565.1";"7937.2";"4369.3039";"1143.8995"
"C";"2026-08-07";"2026-08-08";"3915.87";"26057.81";"9321.97";"62032.22";"2834.2";"7937.1";"4347.8036";"1165.3607"
"C";"2026-08-06";"2026-08-07";"4223.84";"28158.73";"9321.97";"62146.02";"2705.6";"7937.1";"4373.6884";"1139.4266"
"C";"2026-08-05";"2026-08-06";"3999.9";"26501.85";"9321.97";"61763.91";"2718.8";"7937";"4342.3591";"1170.7137"
"C";"2026-08-04";"2026-08-05";"3898.97";"26051.37";"9321.97";"62285.7";"2756.5";"7937";"4381.7979";"1131.2605"
"C";"2026-08-03";"2026-08-04";"3953.08";"26411.09";"9321.97";"62281.41";"2735.2";"7940.3";"4404.6951";"1111.6063"
"C";"2026-08-02";"2026-08-03";"3647.26";"24316.89";"9321.97";"62151.13";"2728.3";"7942.5";"4413.1159";"1105.4549"
"E";"2026-08-01";"2026-08-02";"3833.98";"25604.17";"9321.97";"62254.19";"2783.4";"7942.5";"4533.9856";"984.615"
"E";"2026-07-31";"2026-08-01";"4096.08";"27308.47";"9321.97";"62149.36";"3033.4";"7942.6";"4308.8996";"900.1151"
"E";"2026-07-30";"2026-07-31";"3931.52";"26244.61";"9321.97";"62228.21";"3028.1";"7942.6";"4358.0085";"850.9733"
"E";"2026-07-29";"2026-07-30";"3878.18";"25862.97";"9321.97";"62166.75";"2991";"7942.6";"4321.3655";"887.5752"
"C";"2026-07-28";"2026-07-29";"4029.4";"26855.85";"9321.97";"62130.7";"2898.1";"7942.5";"4332.0195";"876.8913"
"E";"2026-07-27";"2026-07-28";"3878.74";"25901.32";"9321.97";"62249.94";"2685.9";"7937.5";"4266.7809";"937.0878"
"E";"2026-07-26";"2026-07-27";"3780.11";"25228.84";"9321.97";"62215.78";"2157";"7968.2";"4167.7031";"1066.9017"
"C";"2026-07-25";"2026-07-26";"3753.95";"25130.06";"9321.97";"62404.05";"2265";"7969.1";"4279.1359";"956.349"
"C";"2026-07-24";"2026-07-25";"3826.93";"25554.86";"9321.97";"62248.76";"2591.1";"7970.2";"4331.3237";"905.2449"
"E";"2026-07-23";"2026-07-24";"3938.86";"26254.29";"9321.97";"62135.16";"2892.3";"7970.1";"4264.0851";"972.4039"
"E";"2026-07-22";"2026-07-23";"4041.32";"26944.1";"9321.97";"62151";"2820.8";"7970.1";"4251.1092";"1124.0524"
"C";"2026-07-21";"2026-07-22";"4187.13";"27934.92";"9321.97";"62192.6";"2592.8";"7969.9";"4206.7227";"1168.3053"
"C";"2026-07-20";"2026-07-21";"4231.67";"28217.05";"9321.97";"62159.5";"2419.5";"7969.9";"4146.0177";"1228.9199"
"C";"2026-07-19";"2026-07-20";"4251.07";"28374.4";"9321.97";"62220.88";"2332.9";"7969.8";"4186.7028";"1188.2069"
"C";"2026-07-18";"2026-07-19";"4202.31";"28036.52";"9321.97";"62193.32";"2335.1";"7969.8";"4254.2861";"1120.638"
"C";"2026-07-17";"2026-07-18";"4330.67";"28893.6";"9321.97";"62194.83";"2816.9";"7912.3";"4349.7841";"967.6169"
"C";"2026-07-16";"2026-07-17";"4114.6";"27429.94";"9321.97";"62144.82";"2935.7";"7909.3";"4300.951";"1013.4591"
"C";"2026-07-15";"2026-07-16";"4221.85";"28202.33";"9321.97";"62271.58";"3095.5";"7912.6";"4368.1635";"949.4887"
"C";"2026-07-14";"2026-07-15";"4502.64";"30054.73";"9321.97";"62223.34";"3463.9";"7912.5";"4658.8342";"900.7114"
"C";"2026-07-13";"2026-07-14";"4656.84";"31060.14";"9321.97";"62175.57";"3267.1";"7912.7";"4627.4392";"932.2976"
"C";"2026-07-12";"2026-07-13";"4710.07";"31463.69";"9321.97";"62271.6";"2983.3";"7912.7";"4582.8865";"976.8699"
"C";"2026-07-11";"2026-07-12";"4665.77";"31129.06";"9321.97";"62194.27";"3060.1";"7912.7";"4611.4265";"948.2949"
"C";"2026-07-10";"2026-07-11";"4949.54";"33003.53";"9321.97";"62158.89";"3079";"7912.7";"4724.7871";"834.9086"
"C";"2026-07-09";"2026-07-10";"4606.99";"30721.41";"9321.97";"62162.94";"3222";"7912.6";"4781.4098";"778.253"
"C";"2026-07-08";"2026-07-09";"4797.41";"32029.82";"9321.97";"62237.96";"3014.7";"7916.3";"4755.3157";"808.0392"
"C";"2026-07-07";"2026-07-08";"4436.85";"29601.97";"9321.97";"62194.73";"3045.6";"7918.5";"4709.0017";"856.54"
"C";"2026-07-06";"2026-07-07";"4469.38";"29812.14";"9321.97";"62180.41";"2915.8";"7973.4";"4710.6051";"909.7783"
"C";"2026-07-05";"2026-07-06";"4522.89";"30152.52";"9321.97";"62146.3";"2543.8";"7970";"4568.1491";"1048.8504"
"C";"2026-07-04";"2026-07-05";"4770.18";"31830.49";"9321.97";"62203.71";"2427";"7969.9";"4501.5765";"1115.3305"
"C";"2026-07-03";"2026-07-04";"4761.68";"31800.07";"9321.97";"62255.19";"2680";"7969.8";"4573.3302";"1043.5295"
"E";"2026-07-02";"2026-07-03";"5032.04";"33679.07";"9321.97";"62391.25";"2696.8";"7969.8";"4578.8402";"1037.9475"
"C";"2026-07-01";"2026-07-02";"4492.14";"29968.67";"9321.97";"62190.19";"3008.9";"7914.7";"4622.7386";"938.9824"
"C";"2026-06-30";"2026-07-01";"4686.15";"31278.01";"9321.97";"62220.09";"3650.1";"7969.8";"4593.7146";"712.305"
"C";"2026-06-29";"2026-06-30";"4914.04";"32746.08";"9321.97";"62119.55";"3513.3";"7969.4";"4622.5302";"683.1028"
"E";"2026-06-28";"2026-06-29";"4519.91";"30130.56";"9321.97";"62141.98";"3032.6";"7969.8";"4386.6445";"919.4604"
"C";"2026-06-27";"2026-06-28";"4527.09";"30225.26";"9321.97";"62238.43";"3156.5";"7970.3";"4396.0255";"910.5514"
"C";"2026-06-26";"2026-06-27";"4801.42";"32072.41";"9321.97";"62268.67";"3655.3";"7970.2";"4525.8524";"780.6176"
"C";"2026-06-25";"2026-06-26";"5052.15";"33728.58";"9321.97";"62234.26";"3650.9";"7970.1";"4557.4305";"748.948"
"C";"2026-06-24";"2026-06-25";"4697.15";"31381.97";"9321.97";"62280.7";"3515.9";"7970";"4597.1192";"775.8478"
"C";"2026-06-23";"2026-06-24";"4648.05";"31049";"9321.97";"62270.81";"3609.6";"7969.9";"4525.2336";"847.6336"
"C";"2026-06-22";"2026-06-23";"5024.73";"33559.06";"9321.97";"62259.38";"3534.6";"7969.9";"4535.5273";"837.2947"
"C";"2026-06-21";"2026-06-22";"5289.65";"35322.51";"9321.97";"62248.99";"2843.6";"7970";"4456.2391";"916.7197"
"E";"2026-06-20";"2026-06-21";"5146.46";"34377";"9321.97";"62268.31";"2996.6";"7939.1";"4447.0391";"895.0425"
"E";"2026-06-19";"2026-06-20";"5239.12";"34980.9";"9321.97";"62241.54";"3561.6";"7935.8";"4516.4281";"822.2699"
"E";"2026-06-18";"2026-06-19";"5455.29";"36436.91";"9321.97";"62263.19";"3670.3";"7935.8";"4512.3481";"826.3396"
"E";"2026-06-17";"2026-06-18";"5435.79";"36337.57";"9321.97";"62316.19";"3960.8";"7935.7";"4511.6983";"826.9533"
"E";"2026-06-16";"2026-06-17";"5424.9";"36794.04";"9321.97";"63225.67";"3967.8";"7935.7";"4485.6359";"852.9941"
"C";"2026-06-15";"2026-06-16";"5293.17";"35373.84";"9321.97";"62297.99";"3924.4";"7935.7";"4577.0966";"851.5417"
"C";"2026-06-14";"2026-06-15";"5438.12";"36308.79";"9321.97";"62240.16";"3514.6";"7935.7";"4508.5196";"920.1075"
"C";"2026-06-13";"2026-06-14";"5702.82";"38104.11";"9321.97";"62285.92";"3502.8";"7935.7";"4521.5356";"907.0729"
"C";"2026-06-12";"2026-06-13";"5773.94";"38745.58";"9321.97";"62554.36";"3535.8";"7935.7";"4561.7178";"866.8743"
"C";"2026-06-11";"2026-06-12";"5669.7";"37885.96";"9321.97";"62291.09";"3567.8";"7935.6";"4411.8898";"1016.691"
"C";"2026-06-10";"2026-06-11";"5833.46";"38952.01";"9321.97";"62245.99";"3537.2";"7934.5";"4444.6031";"982.8756"
"C";"2026-06-09";"2026-06-10";"5704.86";"38033.45";"9321.97";"62148.18";"3542.2";"7934.7";"4511.0781";"916.5589"
"C";"2026-06-08";"2026-06-09";"5767.06";"38466.58";"9321.97";"62178.01";"3869.2";"7934.7";"4503.2799";"924.316"
"C";"2026-06-07";"2026-06-08";"5248.12";"35187.06";"9321.97";"62500.99";"3449.6";"7934.6";"4469.2732";"958.3052"
"C";"2026-06-06";"2026-06-07";"5360.19";"35787.82";"9321.97";"62239.02";"3476.9";"7934.6";"4577.9303";"849.6327"
"C";"2026-06-05";"2026-06-06";"5093.22";"34137.98";"9321.97";"62481.74";"3519.5";"7934.6";"4663.4149";"764.1656"
"C";"2026-06-04";"2026-06-05";"5088.24";"33905.92";"9321.97";"62117.74";"3385";"7934.6";"4663.8799";"763.6811"
"C";"2026-06-03";"2026-06-04";"4938.7";"32868.34";"9321.97";"62040.15";"3065";"7909.6";"4664.0272";"738.5173"
"C";"2026-06-02";"2026-06-03";"4903.27";"32679.1";"9321.97";"62128.66";"3368.8";"7934.7";"4663.8353";"763.8223"
"C";"2026-06-01";"2026-06-02";"4827.16";"31488.82";"9321.97";"60809.63";"3372.8";"7940.7";"4579.7576";"853.8828"
"C";"2026-05-31";"2026-06-01";"4890.03";"32601.14";"9321.97";"62148.26";"3406.7";"7940.7";"4385.1318";"909.0206"
"E";"2026-05-30";"2026-05-31";"4972.67";"33093.77";"9321.97";"62038.93";"3386.8";"7940.5";"4438.0614";"855.9564"
"C";"2026-05-29";"2026-05-30";"5260.32";"35004.56";"9321.97";"62032.63";"3645";"7940.6";"4436.4595";"857.622"
"E";"2026-05-28";"2026-05-29";"5406.26";"36031.16";"9321.97";"62128.24";"3623";"7940.5";"4441.2688";"852.7089"
"C";"2026-05-27";"2026-05-28";"5475.48";"36529.29";"9321.97";"62190.88";"3876.1";"7940.4";"4538.5119";"755.3681"
"C";"2026-05-26";"2026-05-27";"5271.99";"35218.56";"9321.97";"62273.71";"3819.2";"7940.4";"4525.5974";"768.2312"
"C";"2026-05-25";"2026-05-26";"5383.83";"35919.95";"9321.97";"62194.52";"3616.2";"7940.3";"4449.2749";"844.5135"
"C";"2026-05-24";"2026-05-25";"5370.17";"35747.19";"9321.97";"62052.83";"3494.8";"7940.3";"4362.441";"931.3022"
"E";"2026-05-23";"2026-05-24";"5331.93";"35441.32";"9321.97";"61963.1";"3580.5";"7940.2";"4391.3769";"902.3252"
"C";"2026-05-22";"2026-05-23";"4803.09";"31979.11";"9321.97";"62065.94";"3709.9";"7940.2";"4446.8642";"846.7598"
"C";"2026-05-21";"2026-05-22";"5286.59";"34200.05";"9321.97";"60305.76";"3667.2";"7940";"4456.7801";"836.6897"
"C";"2026-05-20";"2026-05-21";"5412.1";"36072.7";"9321.97";"62132.74";"3885";"7969.9";"4501.0685";"822.3478"
"C";"2026-05-19";"2026-05-20";"5414.83";"36112.44";"9321.97";"62169.83";"3608.6";"7915";"4436.7171";"831.7208"
"C";"2026-05-18";"2026-05-19";"5186.78";"34053.68";"9321.97";"61203.17";"3987.5";"7939.9";"4461.5285";"831.821"
"C";"2026-05-17";"2026-05-18";"5670.08";"37780.19";"9321.97";"62113.02";"3770.7";"7939.8";"4408.4885";"884.8137"
"C";"2026-05-16";"2026-05-17";"5615.92";"37446.98";"9321.97";"62158.94";"3749.3";"7939.7";"4392.8774";"900.3312"
"C";"2026-05-15";"2026-05-16";"5773.2";"38512.89";"9321.97";"62186.66";"3940.1";"7969.7";"4511.3405";"811.8248"
"E";"2026-05-14";"2026-05-15";"5433.16";"36167.69";"9321.97";"62054.89";"4065.3";"7970";"4576.3144";"747.1718"
"C";"2026-05-13";"2026-05-14";"5697.99";"38022.2";"9321.97";"62204.71";"4090.6";"7970.3";"4583.3644";"740.3922"
"C";"2026-05-12";"2026-05-13";"5082.46";"33925.94";"9321.97";"62225.1";"3999.6";"7970.2";"4559.7997";"763.9013"
"C";"2026-05-11";"2026-05-12";"5332.18";"35594.55";"9321.97";"62228.08";"4025.3";"7970.2";"4482.6099";"818.4848"
"C";"2026-05-10";"2026-05-11";"5493.33";"36659.98";"9321.97";"62210.58";"3767";"7970.1";"4550.7517";"750.2063"
"E";"2026-05-09";"2026-05-10";"5450.35";"36636.09";"9321.97";"62660.29";"3893.6";"7970";"4586.4677";"714.4122"
"E";"2026-05-08";"2026-05-09";"5649.89";"37647.89";"9321.97";"62116.7";"4181.8";"7969.9";"4538.7683";"762.0211"
"C";"2026-05-07";"2026-05-08";"5701.54";"38050.05";"9321.97";"62211.51";"4057.3";"7914.9";"4576.274";"669.4711"
"C";"2026-05-06";"2026-05-07";"5588.6";"37248.67";"9321.97";"62132.02";"4081.3";"7915";"4569.5742";"676.3139"
"C";"2026-05-05";"2026-05-06";"5110.28";"34155.41";"9321.97";"62304.94";"4315.9";"7915.1";"4605.994";"639.9568"
"C";"2026-05-04";"2026-05-05";"5387.76";"35937.28";"9321.97";"62179.13";"4499.5";"7915";"4595.3438";"650.5905"
"C";"2026-05-03";"2026-05-04";"5467.75";"36460.8";"9321.97";"62162.04";"4341.5";"7915.1";"4542.0487";"703.9699"
"E";"2026-05-02";"2026-05-03";"5550.37";"36964.73";"9321.97";"62083.09";"4250.1";"7915";"4495.928";"749.9714"
"C";"2026-05-01";"2026-05-02";"4975.13";"33206.95";"9321.97";"62220.32";"4218.6";"7914.9";"4513.8926";"731.9224"
"E";"2026-04-30";"2026-05-01";"4819.36";"32128.99";"9321.97";"62146.32";"4411.5";"7917";"4726.6472";"776.6392"
"C";"2026-04-29";"2026-04-30";"4896.68";"32627.2";"9321.97";"62113.47";"4406.6";"7917";"4680.8576";"822.4288"
"C";"2026-04-28";"2026-04-29";"5189.14";"34549.28";"9321.97";"62065.65";"4458.4";"7917.2";"4805.3885";"698.0954"
"C";"2026-04-27";"2026-04-28";"5350.18";"35647.14";"9321.97";"62110.35";"4543.6";"7915.3";"4757.4827";"790.7259"
"C";"2026-04-26";"2026-04-27";"5604.42";"37327.8";"9321.97";"62088.25";"4154.3";"7915.1";"4513.8787";"1034.1859"
"C";"2026-04-25";"2026-04-26";"5412.71";"35840.94";"9321.97";"61726.6";"4116.6";"7915";"4529.244";"1018.681"
"C";"2026-04-24";"2026-04-25";"4998.97";"33101.02";"9321.97";"61726.06";"4389.4";"7914.9";"4634.795";"913.0446"
"C";"2026-04-23";"2026-04-24";"4751.95";"31335.56";"9321.97";"61471.43";"3772.4";"7857.3";"4603.7135";"886.4943"
"C";"2026-04-22";"2026-04-23";"5123.08";"33949.68";"9321.97";"61774.93";"4243";"7914.7";"4698.8418";"848.8303"
"E";"2026-04-21";"2026-04-22";"5051.63";"33432.32";"9321.97";"61693.96";"4171";"7914";"4682.1075";"864.8417"
"C";"2026-04-20";"2026-04-21";"5079.69";"33780.19";"9321.97";"61991.56";"4414.1";"7912.5";"4646.5223";"898.8908"
"C";"2026-04-19";"2026-04-20";"5146.67";"34237.26";"9321.97";"62012.66";"3990.7";"7912.5";"4521.5228";"1023.8882"
"C";"2026-04-18";"2026-04-19";"5718.66";"38470.03";"9321.97";"62709.88";"4150.1";"7912.4";"4574.3748";"970.986"
"C";"2026-04-17";"2026-04-18";"5807.8";"38699.72";"9321.97";"62116.06";"4554";"7912.4";"4759.562";"785.7977"
"E";"2026-04-16";"2026-04-17";"5872.96";"38985.09";"9321.97";"61879.84";"4561.5";"7912.4";"4696.6893";"848.6323"
"C";"2026-04-15";"2026-04-16";"5768.83";"38434.65";"9321.97";"62107.33";"4382.5";"7912.4";"4695.3093";"849.9763"
"C";"2026-04-14";"2026-04-15";"6163.36";"41029.97";"9321.97";"62057.08";"4452.8";"7912.3";"4648.3011";"896.928"
"C";"2026-04-13";"2026-04-14";"5747.02";"38260.2";"9321.97";"62060.07";"4432.8";"7912.3";"4701.1212";"844.0997"
"C";"2026-04-12";"2026-04-13";"5734.48";"37578.41";"9321.97";"61087.46";"4118.1";"7970";"4646.9503";"955.9416"
"E";"2026-04-11";"2026-04-12";"5689.98";"37877.2";"9321.97";"62054.72";"4379.2";"7970.4";"4781.1063";"822.1886"
"C";"2026-04-10";"2026-04-11";"5928.95";"39476.29";"9321.97";"62067.78";"4507.9";"7970.2";"4906.7072";"696.4614"
"C";"2026-04-09";"2026-04-10";"5932";"38615.16";"9321.97";"60682.63";"4588.9";"7970.2";"4902.0002";"701.1571"
"C";"2026-04-08";"2026-04-09";"5873.51";"39264.23";"9321.97";"62317.08";"4638.5";"7970.3";"4739.375";"863.8111"
"C";"2026-04-07";"2026-04-08";"5877.11";"39399.93";"9321.97";"62494.15";"4570.6";"7970.1";"4746.7901";"856.2355"
"C";"2026-04-06";"2026-04-07";"5278.7";"35327.31";"9321.97";"62386.6";"4258.4";"7970";"4698.5811";"904.3705"
"C";"2026-04-05";"2026-04-06";"5721.94";"38241.31";"9321.97";"62301.31";"4292";"7970";"4682.6048";"920.3047"
"C";"2026-04-04";"2026-04-05";"5473.5";"36601.38";"9321.97";"62336.16";"4324.3";"7970.3";"4681.6528";"921.5765"
"C";"2026-04-03";"2026-04-04";"5342.5";"35702.8";"9321.97";"62296.76";"4362.8";"7970.4";"4540.3499";"1062.9688"
"C";"2026-04-02";"2026-04-03";"5601.15";"37405.38";"9321.97";"62253.61";"4446.7";"7970.5";"4539.9817";"1063.4068"
"C";"2026-04-01";"2026-04-02";"5446.78";"36466.2";"9321.97";"62410.6";"4412.4";"7970.5";"4547.4033";"1055.9996"
"E";"2026-03-31";"2026-04-01";"5624.59";"37646.11";"9321.97";"62393.15";"4741.8";"7959";"4687.0688";"912.4851"
"C";"2026-03-30";"2026-03-31";"5525.7";"36964.49";"9321.97";"62359.86";"4950.3";"7958.9";"4756.1783";"843.241"
"E";"2026-03-29";"2026-03-30";"5649.07";"37825.62";"9321.97";"62419";"4598.6";"7958.7";"4614.1142";"985.1159"
"E";"2026-03-28";"2026-03-29";"5298.72";"35454.61";"9321.97";"62374.84";"4416.1";"7896.1";"4544.5063";"992.1507"
"E";"2026-03-27";"2026-03-28";"5006.97";"33527.66";"9321.97";"62421.75";"4366.8";"7958.5";"4655.073";"943.9731"
"C";"2026-03-26";"2026-03-27";"4503.79";"30204.44";"9321.97";"62517.32";"4305.8";"7958.5";"4581.2742";"1017.8325"
"C";"2026-03-25";"2026-03-26";"4520.21";"30295.35";"9321.97";"62477.7";"4384.2";"7958.7";"4626.8142";"972.4138"
"C";"2026-03-24";"2026-03-25";"4870.9";"32668.49";"9321.97";"62521.24";"4470.4";"7958.8";"4812.1352";"771.0831"
"E";"2026-03-23";"2026-03-24";"5036.79";"33764.89";"9321.97";"62491.25";"4156.6";"7958.8";"4639.4105";"943.7821"
"E";"2026-03-22";"2026-03-23";"5130.08";"34375.43";"9321.97";"62464.27";"3976.8";"7958.7";"4605.0423";"978.0609"
"E";"2026-03-21";"2026-03-22";"5268.44";"35292.19";"9321.97";"62445.95";"3990.1";"7958.3";"4584.0823";"998.6312"
"C";"2026-03-20";"2026-03-21";"5030.1";"33720.99";"9321.97";"62493";"4200.5";"7953.9";"4704.3111";"873.9772"
"E";"2026-03-19";"2026-03-20";"5327.82";"35683.84";"9321.97";"62435.23";"4040.4";"7953.9";"4704.6081";"873.759"
"C";"2026-03-18";"2026-03-19";"5364.19";"35941.86";"9321.97";"62460.3";"4227";"7954.2";"4715.0722";"863.5449"
"C";"2026-03-17";"2026-03-18";"5262.94";"35431.8";"9321.97";"62758.49";"4490.5";"7953.8";"4723.2605";"893.6871"
"C";"2026-03-16";"2026-03-17";"5217.58";"34948.08";"9321.97";"62439.86";"4613.9";"7953.9";"4705.9775";"911.0668"
"C";"2026-03-15";"2026-03-16";"4638.83";"31118.99";"9321.97";"62535.23";"4417.5";"7953.9";"4681.7526";"935.2917"
"E";"2026-03-14";"2026-03-15";"4826.5";"32312.98";"9321.97";"62409.74";"4305.4";"7953.9";"4700.7823";"916.2825"
"C";"2026-03-13";"2026-03-14";"4963.03";"33212.93";"9321.97";"62383.25";"4478.2";"7953.9";"4717.9666";"899.0643"
"C";"2026-03-12";"2026-03-13";"4996.82";"33523.14";"9321.97";"62540.12";"4447.1";"7956.1";"4626.1975";"993.0995"
"C";"2026-03-11";"2026-03-12";"5235.21";"35139.98";"9321.97";"62571.29";"4596.3";"7959";"4718.8362";"903.3572"
"C";"2026-03-10";"2026-03-11";"4693.3";"31538.34";"9321.97";"62642.38";"4708.8";"7959";"4744.065";"894.2306"
"E";"2026-03-09";"2026-03-10";"5107.87";"34278.7";"9321.97";"62559.35";"4888";"7958.8";"4733.535";"904.5622"
"C";"2026-03-08";"2026-03-09";"5174.96";"34670.02";"9321.97";"62453.21";"4590.7";"7958.7";"4713.4417";"924.5825"
"C";"2026-03-07";"2026-03-08";"5033.88";"33717.03";"9321.97";"62438.74";"4571";"7958.7";"4699.9988";"937.9596"
"C";"2026-03-06";"2026-03-07";"4879.45";"32600.82";"9321.97";"62282.4";"4703.9";"7958.6";"4778.7782";"859.1185"
"C";"2026-03-05";"2026-03-06";"5071.64";"33881.53";"9321.97";"62276.23";"4764.7";"7959";"4767.375";"875.7584"
"E";"2026-03-04";"2026-03-05";"5131.73";"34325.99";"9321.97";"62354.38";"4983.8";"7959.7";"4990.0164";"653.8344"
"C";"2026-03-03";"2026-03-04";"5495.48";"36796.34";"9321.97";"62417.55";"5165.7";"7959.6";"4978.2522";"665.5009"
"C";"2026-03-02";"2026-03-03";"5288.82";"35352.13";"9321.97";"62310.97";"5086.4";"7959.5";"4975.9399";"666.0565"
"E";"2026-03-01";"2026-03-02";"5148.81";"34440.8";"9321.97";"62355.4";"4816.4";"7959.5";"4826.0414";"815.9149"
"C";"2026-02-28";"2026-03-01";"5089.27";"34056.08";"9321.97";"62380.21";"4558.1";"7959.5";"4758.472";"738.4445"
"C";"2026-02-27";"2026-02-28";"4959.02";"33201.47";"9321.97";"62412.15";"5100.8";"7959.4";"4839.6498";"657.1813"
"C";"2026-02-26";"2026-02-27";"4780.66";"32211.52";"9321.97";"62810.33";"5001.2";"7959.3";"4841.722";"655.0443"
"C";"2026-02-25";"2026-02-26";"4817.38";"32329.49";"9321.97";"62559.84";"5180.7";"7959.2";"4891.5352";"605.1633"
"C";"2026-02-24";"2026-02-25";"4997.23";"33422.9";"9321.97";"62348";"4903.4";"7959.5";"4950.6874";"689.0811"
"C";"2026-02-23";"2026-02-24";"4507.93";"29588.73";"9321.97";"61186.68";"4793.5";"7959.6";"4859.6457";"780.2533"
"C";"2026-02-22";"2026-02-23";"3947.87";"26398.86";"9321.97";"62334.72";"4651";"7959.5";"4850.8956";"788.887"
"C";"2026-02-21";"2026-02-22";"3985.75";"26578.92";"9321.97";"62163.43";"4540.1";"7959.5";"4776.2326";"863.5582"
"C";"2026-02-20";"2026-02-21";"3909.65";"26085.63";"9321.97";"62197.25";"4679.9";"7997.7";"4703.5919";"974.4018"
"C";"2026-02-19";"2026-02-20";"4139.34";"27638.65";"9321.97";"62243.42";"4699";"7997.6";"4694.1685";"983.7657"
"C";"2026-02-18";"2026-02-19";"4426.07";"29550.31";"9321.97";"62237.4";"4559.8";"7959.3";"4685.2799";"954.3187"
"C";"2026-02-17";"2026-02-18";"4172.13";"27825.71";"9321.97";"62172.18";"4539.6";"7959.3";"4715.3447";"924.2642"
"C";"2026-02-16";"2026-02-17";"4114.3";"27473.28";"9321.97";"62247.55";"4347.4";"7959.1";"4616.9031";"1022.5258"
"E";"2026-02-15";"2026-02-16";"4293.99";"28610.11";"9321.97";"62110.67";"4041.3";"7959";"4565.8235";"1073.4606"
"C";"2026-02-14";"2026-02-15";"4067.6";"27099.05";"9321.97";"62104.57";"3892.9";"7958.9";"4558.0816";"1081.1654"
"C";"2026-02-13";"2026-02-14";"4053.87";"26937.76";"9321.97";"61944.02";"4192.8";"7958.8";"4716.3123";"922.8258"
"E";"2026-02-12";"2026-02-13";"4222.1";"28102.05";"9321.97";"62046.49";"4066.9";"7958.8";"4808.3572";"830.7367"
"E";"2026-02-11";"2026-02-12";"4231.68";"28242.58";"9321.97";"62215.59";"4029.9";"7958.7";"4786.9015";"852.1357"
"E";"2026-02-10";"2026-02-11";"4501.68";"30003.14";"9321.97";"62129.78";"4320.2";"7958.7";"4809.1392";"829.9033"
"C";"2026-02-09";"2026-02-10";"4586.27";"30543.17";"9321.97";"62081.5";"4427.1";"7958.6";"4806.1066";"832.8515"
"E";"2026-02-08";"2026-02-09";"4767";"31714.85";"9321.97";"62019.06";"3992.3";"7958.5";"4731.026";"907.7912"
"C";"2026-02-07";"2026-02-08";"4931.22";"32823.19";"9321.97";"62048.9";"3996.1";"7958.5";"4798.2234";"840.6062"
"C";"2026-02-06";"2026-02-07";"4789.41";"31857.91";"9321.97";"62007.32";"4185.6";"7958.5";"4768.3234";"870.4569"
"C";"2026-02-05";"2026-02-06";"4402.65";"29339.37";"9321.97";"62121.84";"4128.8";"7957.7";"4771.2542";"866.7519"
"C";"2026-02-04";"2026-02-05";"3943.65";"26255.8";"9321.97";"62063.26";"3889.4";"7956.1";"4752.5283";"883.8451"
"C";"2026-02-03";"2026-02-04";"3944.81";"26278.12";"9321.97";"62097.76";"3836.4";"7956";"4640.0776";"996.2341"
"C";"2026-02-02";"2026-02-03";"4295.53";"28960.51";"9321.97";"62848.82";"4367";"7955.9";"4839.5656";"796.6597"
"C";"2026-02-01";"2026-02-02";"4105.03";"27364.18";"9321.97";"62140.37";"4006.1";"7900.6";"4688.3886";"892.5276"
"C";"2026-01-31";"2026-02-01";"4045.96";"26969.72";"9321.97";"62138.76";"3873.6";"7903.9";"4681.6665";"727.3446"
"C";"2026-01-30";"2026-01-31";"4461.16";"29726.68";"9321.97";"62116.4";"4053.5";"7903.9";"4735.66";"673.2792"
"C";"2026-01-29";"2026-01-30";"4048.98";"26552.57";"9321.97";"61132";"4188.1";"7900.5";"4703.4817";"702.1066"
"C";"2026-01-28";"2026-01-29";"4144.73";"28164.36";"9321.97";"63344.85";"4404.9";"7900.5";"4642.656";"762.888"
"C";"2026-01-27";"2026-01-28";"4203.66";"27992.36";"9321.97";"62075.42";"4294.7";"7900.5";"4633.2019";"772.3936"
"C";"2026-01-26";"2026-01-27";"4077.64";"27142.47";"9321.97";"62050.91";"4316.7";"7907.6";"4798.5195";"614.146"
"C";"2026-01-25";"2026-01-26";"4224.86";"28185.87";"9321.97";"62190.9";"3836.2";"7903.2";"4758.136";"650.1068"
"C";"2026-01-24";"2026-01-25";"4340.14";"28170.56";"9321.97";"60506.14";"3875.7";"7903.6";"4703.0886";"705.5931"
"C";"2026-01-23";"2026-01-24";"4132.5";"27519.82";"9321.97";"62078.39";"3940.2";"7903.5";"4756.5057";"652.0784"
"C";"2026-01-22";"2026-01-23";"4437.22";"29566.46";"9321.97";"62114.94";"4463.7";"7903.5";"4902.0015";"661.4041"
"C";"2026-01-21";"2026-01-22";"4525.13";"29971.25";"9467.12";"62703.48";"4262.9";"8026.7";"4771.7306";"791.6246"
"C";"2026-01-20";"2026-01-21";"4469.96";"29838.89";"9467.12";"63197.06";"4068";"8026.6";"4589.0358";"974.2433"
"C";"2026-01-19";"2026-01-20";"4310.18";"28740.87";"9467.12";"63128.05";"4635.9";"8026.6";"4580.7577";"982.4454"
"C";"2026-01-18";"2026-01-19";"4045.64";"26970.33";"9467.12";"63112.72";"4271.6";"8049.9";"4557.8841";"1028.6274"
"C";"2026-01-17";"2026-01-18";"3822";"25393.97";"9467.12";"62901.04";"4488.9";"8050";"4670.2953";"916.3303"
"C";"2026-01-16";"2026-01-17";"4317.77";"28721.24";"9467.12";"62974.04";"4985.2";"8053.6";"4905.0459";"685.1517"
"C";"2026-01-15";"2026-01-16";"4161.96";"27789.11";"9467.12";"63211.28";"4929.2";"8050.1";"4944.5806";"642.1571"
"C";"2026-01-14";"2026-01-15";"4525.9";"30220.91";"9467.12";"63215.05";"5097.9";"8050.1";"4960.6261";"626.0952"
"C";"2026-01-13";"2026-01-14";"4750.28";"31648.45";"9467.12";"63074.11";"4706.2";"8026.6";"4872.852";"690.4044"
"E";"2026-01-12";"2026-01-13";"4424.64";"29457.46";"9467.12";"63028.25";"4464.5";"8026.5";"4815.2972";"747.88"
"E";"2026-01-11";"2026-01-12";"3770.98";"25167.54";"9467.12";"63183.61";"4010.2";"8026.5";"4575.7782";"987.3518"
"C";"2026-01-10";"2026-01-11";"3729.93";"24914.34";"9467.12";"63236.32";"3831.8";"8025.3";"4616.6606";"1012.9776"
"C";"2026-01-09";"2026-01-10";"4204.91";"28085.04";"9467.12";"63231.9";"3909.2";"8027";"4778.5521";"852.8352"
"C";"2026-01-08";"2026-01-09";"4095.69";"27391.71";"9467.12";"63315.49";"4312.8";"8023.7";"4814.359";"813.7421"
"C";"2026-01-07";"2026-01-08";"4391.49";"29375.65";"9467.12";"63327.66";"4437.5";"8023.7";"4800.4746";"827.5822"
"C";"2026-01-06";"2026-01-07";"5031.03";"33675.99";"9467.12";"63369.66";"4179.1";"8023.6";"4714.0069";"914.0108"
"C";"2026-01-05";"2026-01-06";"5250.81";"35199.69";"9467.12";"63464.43";"4457.4";"8023.6";"4837.5441";"790.4376"
"E";"2026-01-04";"2026-01-05";"4765.44";"31922.72";"9467.12";"63418.32";"4028.1";"8023.6";"4764.5766";"902.0808"
"E";"2026-01-03";"2026-01-04";"4871";"32647.77";"9467.12";"63453.16";"3903.3";"8023.5";"4790.4548";"876.1585"
"E";"2026-01-02";"2026-01-03";"4570.11";"30658.14";"9467.12";"63509.26";"3920.6";"8024.7";"4833.0427";"834.7684"
"E";"2026-01-01";"2026-01-02";"4932.54";"33085.42";"9467.12";"63501.49";"3959.3";"8026.4";"4833.8171";"835.6421"
"E";"2025-12-31";"2026-01-01";"4859.1";"32557.21";"9467.12";"63432.12";"4563.4";"8034.4";"4970.1984";"777.2791"
"E";"2025-12-30";"2025-12-31";"4663.79";"31259.96";"9467.12";"63455.21";"4208.9";"8012.6";"4928.9535";"796.6862"
"C";"2025-12-29";"2025-12-30";"4702.8";"31505.83";"9467.12";"63423.81";"4081.7";"8015.5";"4925.2823";"803.3276"
"C";"2025-12-28";"2025-12-29";"4439.99";"29664.72";"9467.12";"63252.27";"4145";"8015.5";"4868.1499";"860.4158"
"E";"2025-12-27";"2025-12-28";"4068.45";"27169.23";"9467.12";"63221.71";"4126.3";"8007.8";"4794.8379";"926.0497"
"E";"2025-12-26";"2025-12-27";"4176.63";"27905.02";"9467.12";"63251.99";"4067.5";"8007.8";"4700.3007";"1020.5633"
"E";"2025-12-25";"2025-12-26";"4174.21";"27762.12";"9467.12";"62964.57";"3775.6";"8007.7";"4734.5992";"986.2196"
"E";"2025-12-24";"2025-12-25";"4438.02";"29008.52";"9467.12";"61880.55";"3786.9";"8007.7";"4699.6717";"1021.1358"
"C";"2025-12-23";"2025-12-24";"4327.03";"28827.97";"9467.12";"63072.79";"4267";"8004.9";"4693.6781";"1024.3173"
"E";"2025-12-22";"2025-12-23";"4254.01";"28357.89";"9467.12";"63109.29";"4286.2";"8002.9";"4846.2335";"869.794"
"E";"2025-12-21";"2025-12-22";"4647.93";"30949.81";"9467.12";"63040.01";"4067.6";"8002.9";"4811.8339";"904.1494"
"E";"2025-12-20";"2025-12-21";"4862.4";"32440.4";"9467.12";"63161.64";"4112.4";"8002.9";"4813.7933";"902.1684"
"E";"2025-12-19";"2025-12-20";"5065.03";"33842.81";"9467.12";"63256.08";"4869.4";"8002.9";"4839.1568";"876.8573"
"C";"2025-12-18";"2025-12-19";"5137.4";"34291.95";"9467.12";"63192.67";"4718.6";"8003.3";"4895.6758";"820.6601"
"C";"2025-12-17";"2025-12-18";"5101.94";"34095.04";"9467.12";"63266.49";"4835.9";"8003.5";"4879.0359";"837.5971"
"E";"2025-12-16";"2025-12-17";"5174.27";"34669.74";"9467.12";"63433.6";"4819.3";"8019.5";"4918.7737";"813.8176"
"E";"2025-12-15";"2025-12-16";"5386.09";"36000.73";"9467.12";"63278.41";"4470.6";"8019.5";"4870.0538";"862.5385"
"E";"2025-12-14";"2025-12-15";"5344.04";"35797.93";"9467.12";"63417.06";"4048.6";"8023.2";"4902.8324";"833.4779"
"E";"2025-12-13";"2025-12-14";"5711.88";"38297.93";"9467.12";"63476.67";"4182.2";"8024.7";"4890.9367";"846.8017"
"E";"2025-12-12";"2025-12-13";"5761.58";"38685.84";"9467.12";"63566.5";"4602.2";"8024.5";"4972.4486";"765.1529"
"E";"2025-12-11";"2025-12-12";"5618.94";"37734.39";"9467.12";"63577.12";"4663.2";"8008.2";"4950.1893";"771.0469"
"C";"2025-12-10";"2025-12-11";"5421.38";"36386.83";"9467.12";"63540.74";"4666.4";"8008.1";"4936.372";"784.8415"
"C";"2025-12-09";"2025-12-10";"5280.33";"35372.99";"9467.12";"63420.34";"4129.5";"8008";"4863.1654";"857.9638"
"C";"2025-12-08";"2025-12-09";"5306.09";"35581.72";"9467.12";"63484.87";"3858.6";"8008";"4817.5725";"903.4921"
"C";"2025-12-07";"2025-12-08";"4778.35";"31994.63";"9467.12";"63389.45";"3604.8";"8008.3";"4733.1855";"988.1968"
"E";"2025-12-06";"2025-12-07";"4740.85";"31779.76";"9467.12";"63461.78";"3608.6";"8008.7";"4733.8823";"987.8814"
"E";"2025-12-05";"2025-12-06";"4948.2";"33114.38";"9467.12";"63355.93";"4079.5";"8008.5";"4748.6514";"972.9601"
"C";"2025-12-04";"2025-12-05";"4781.1";"32053.3";"9467.12";"63469.17";"4041.3";"8008.4";"4806.1667";"915.3379"
"C";"2025-12-03";"2025-12-04";"5054.82";"33949.35";"9467.12";"63583.39";"4175.3";"8008.4";"4795.1344";"926.3506"
"E";"2025-12-02";"2025-12-03";"5070.99";"34017.72";"9467.12";"63508.28";"4325.6";"8016.1";"4916.6836";"812.4908"
"C";"2025-12-01";"2025-12-02";"5314.73";"35617.87";"9467.12";"63446.05";"4360.2";"8016";"4956.9202";"772.175"
"E";"2025-11-30";"2025-12-01";"5486.41";"36735.54";"9467.12";"63389.31";"3913";"8006.2";"4506.9127";"1000.566"
"E";"2025-11-29";"2025-11-30";"5094.95";"34149.04";"9467.12";"63453.63";"3870.3";"8007.1";"4437.1531";"1071.2755"
"E";"2025-11-28";"2025-11-29";"4822.69";"32327.02";"9467.12";"63459.14";"4357.2";"8006.2";"4511.4335";"996.0452"
"C";"2025-11-27";"2025-11-28";"4617.96";"30962.75";"9467.12";"63475.66";"4269";"8006.1";"4472.7115";"1034.687"
"C";"2025-11-26";"2025-11-27";"4813.75";"32235.61";"9467.12";"63397.22";"4255.9";"8006";"4532.8721";"974.4667"
"E";"2025-11-25";"2025-11-26";"5101.25";"33277.73";"9467.12";"61758.25";"4282.3";"8013.8";"4602.4039";"983.7229"
"C";"2025-11-24";"2025-11-25";"5184.16";"34766.88";"9467.12";"63489.98";"4403.2";"8013.9";"4657.3003";"928.9479"
"C";"2025-11-23";"2025-11-24";"5361.73";"36052.7";"9467.12";"63657.67";"3962.4";"8006.1";"4528.0452";"1050.4139"
"C";"2025-11-22";"2025-11-23";"5478.9";"36846.87";"9467.12";"63668.57";"4199.9";"8006.1";"4337.589";"1240.8259"
"C";"2025-11-21";"2025-11-22";"5247.33";"35226.1";"9467.12";"63554.17";"4418.1";"8006.1";"4403.4671";"1174.9283"
"C";"2025-11-20";"2025-11-21";"5574.71";"37454.2";"9467.12";"63605.71";"4663.7";"8006";"4476.9681";"1101.382"
"C";"2025-11-19";"2025-11-20";"5855.46";"39351.36";"9467.12";"63623.36";"4599.2";"8006";"4487.834";"1090.472"
"E";"2025-11-18";"2025-11-19";"5582.7";"37556.86";"9467.12";"63688.77";"4553.5";"8007";"4445.1641";"1134.1176"
"C";"2025-11-17";"2025-11-18";"5899.1";"39593.62";"9467.12";"63541.48";"4581";"8008.1";"4475.5859";"1104.871"
"C";"2025-11-16";"2025-11-17";"6039.32";"40420.05";"9467.12";"63361.68";"4056.2";"8008";"4473.2563";"1107.0854"
"C";"2025-11-15";"2025-11-16";"5428.63";"36328.52";"9467.12";"63354.19";"3957.7";"8007.9";"4636.4089";"943.8187"
"E";"2025-11-14";"2025-11-15";"5573.62";"37623.7";"9262.26";"62523.19";"4216.3";"7783.5";"4715.8225";"864.3723"
"C";"2025-11-13";"2025-11-14";"5510.97";"37476.99";"9262.26";"62987.39";"4210.3";"7783.5";"4719.2084";"860.9606"
"E";"2025-11-12";"2025-11-13";"5701.72";"38909.77";"9262.26";"63207.66";"4429.1";"7783.4";"4729.539";"850.5427"
"E";"2025-11-11";"2025-11-12";"5871.43";"39254.93";"9487.06";"63428.14";"4582.4";"8007.7";"4746.4878";"833.526"
"E";"2025-11-10";"2025-11-11";"5799.41";"38465.01";"9487.06";"62923.62";"4615.5";"8007.9";"4712.2274";"867.957"
"E";"2025-11-09";"2025-11-10";"5709.45";"37748.05";"9487.06";"62723.73";"4213.6";"8008.1";"4582.946";"997.5036"
"E";"2025-11-08";"2025-11-09";"5780.67";"38702.5";"9487.06";"63517.37";"4262.7";"8008.1";"4625.5772";"954.8622"
"E";"2025-11-07";"2025-11-08";"5680.52";"38066.92";"9487.06";"63575.72";"4615.5";"8008";"4764.5753";"815.719"
"E";"2025-11-06";"2025-11-07";"5728.17";"38351.27";"9487.06";"63517.81";"4406.1";"7991";"4689.3005";"873.9838"
"E";"2025-11-05";"2025-11-06";"5596.6";"37211.24";"9487.06";"63078.52";"4309.2";"7990.9";"4563.8095";"999.3937"
"E";"2025-11-04";"2025-11-05";"5753.99";"38272.3";"9487.06";"63102.58";"4326.6";"7990.8";"4908.7012";"976.0936"
"E";"2025-11-03";"2025-11-04";"5643.46";"37699.9";"9487.06";"63376.23";"4437.8";"7990";"4870.919";"1013.0913"
"E";"2025-11-02";"2025-11-03";"5589.97";"37452.71";"9487.06";"63563.15";"4251.5";"7989";"4833.3418";"1049.6178"
"E";"2025-11-01";"2025-11-02";"5328.72";"35648.09";"9487.06";"63466.57";"4146.2";"7988.9";"4827.4412";"1055.4239"
"E";"2025-10-31";"2025-11-01";"5263.17";"35157.37";"9487.06";"63372.47";"4634.2";"8022.8";"4592.2613";"900.0317"
"E";"2025-10-30";"2025-10-31";"5310.52";"35381.16";"9487.06";"63207.22";"4711.2";"8022.8";"4579.7953";"912.4936"
"C";"2025-10-29";"2025-10-30";"5298.61";"35332.15";"9487.06";"63261.54";"4661.8";"8022.7";"4611.2263";"880.9978"
"C";"2025-10-28";"2025-10-29";"5206.62";"34696.88";"9487.06";"63221.7";"4382.2";"8022.6";"4627.6352";"864.5292"
"C";"2025-10-27";"2025-10-28";"5227.92";"34835.47";"9487.06";"63215.62";"4272.2";"8022.5";"4611.9156";"880.1676"
"C";"2025-10-26";"2025-10-27";"5264.79";"35092.91";"9487.06";"63236.81";"3586.4";"8022.5";"4530.6239";"961.4295"
"C";"2025-10-25";"2025-10-26";"4870.68";"31904.19";"9487.06";"62142.65";"3824.2";"8085.1";"4596.2123";"958.4001"
"C";"2025-10-24";"2025-10-25";"5004.04";"33327.93";"9487.06";"63185.76";"4260.4";"8022.8";"4599.6355";"892.6555"
"E";"2025-10-23";"2025-10-24";"4892.3";"32534.16";"9487.06";"63089.66";"4113.9";"8028.7";"4612.4505";"885.7715"
"C";"2025-10-22";"2025-10-23";"4806.23";"31874.1";"9487.06";"62916.57";"4196.8";"8028.6";"4590.7205";"907.4614"
"C";"2025-10-21";"2025-10-22";"5133.05";"34232.3";"9487.06";"63269.18";"4105.7";"8028.6";"4508.2568";"989.8635"
"C";"2025-10-20";"2025-10-21";"4866.09";"32502.56";"9487.06";"63367.87";"4171.9";"8028.6";"4519.8085";"978.2819"
"C";"2025-10-19";"2025-10-20";"4954.23";"33117.92";"9487.06";"63418.88";"3970.9";"8043.9";"4631.8129";"881.6425"
"E";"2025-10-18";"2025-10-19";"5067.51";"33919.71";"9487.06";"63502.26";"4187.2";"8043.9";"4717.6923";"795.6985"
"E";"2025-10-17";"2025-10-18";"4920.6";"32987.52";"9487.06";"63600.9";"4613.1";"8043.9";"4740.5463";"772.8495"
"C";"2025-10-16";"2025-10-17";"4826.27";"32342.4";"9487.06";"63575.86";"4456";"8048.9";"4719.0559";"799.3508"
"C";"2025-10-15";"2025-10-16";"4735.97";"31732.66";"9487.06";"63566.63";"4358.1";"8047.9";"4670.3421";"847.127"
"C";"2025-10-14";"2025-10-15";"4808.63";"32178";"9487.06";"63484.74";"4512.4";"8089.2";"4848.1654";"710.5508"
"C";"2025-10-13";"2025-10-14";"4967.9";"33195.72";"9487.06";"63392.94";"4176.4";"8089.2";"4793.0499";"765.6662"
"C";"2025-10-12";"2025-10-13";"4478.89";"29251.22";"9487.06";"61959.12";"4100.1";"8089.2";"4743.0105";"815.7056"
"E";"2025-10-11";"2025-10-12";"4710.04";"29895.76";"9487.06";"60216.66";"4223";"8089.1";"4761.1665";"797.4961"
"C";"2025-10-10";"2025-10-11";"4678.56";"31132.13";"9487.06";"63128.91";"4363.1";"8089.1";"4722.1041";"836.5626"
"C";"2025-10-09";"2025-10-10";"4628.01";"30984.16";"9487.06";"63515.11";"4243.7";"8089.2";"4728.4719";"830.2916"
"C";"2025-10-08";"2025-10-09";"4613.75";"30784.15";"9487.06";"63300.15";"4238.1";"8089.1";"4800.5521";"758.0643"
"C";"2025-10-07";"2025-10-08";"4664.21";"31163.23";"9487.06";"63386.39";"4422.4";"8089";"4846.9816";"711.5967"
"C";"2025-10-06";"2025-10-07";"4744.4";"30781.91";"9487.06";"61552.53";"4408.6";"8047.7";"4779.2037";"738.0402"
"C";"2025-10-05";"2025-10-06";"4910.94";"32792.73";"9487.06";"63349.7";"3798.4";"8047.7";"4542.4838";"974.7262"
"C";"2025-10-04";"2025-10-05";"4983.34";"33267.2";"9487.06";"63332.61";"3896.8";"8048.5";"4454.3643";"1063.6477"
"C";"2025-10-03";"2025-10-04";"5134.95";"34265.48";"9487.06";"63307.07";"4261.8";"8052";"4456.9363";"1064.6022"
"C";"2025-10-02";"2025-10-03";"4640.86";"31082.05";"9487.06";"63539.36";"3773.2";"8052.6";"4489.5286";"1032.5949"
"C";"2025-10-01";"2025-10-02";"4777.23";"31642.79";"9487.06";"62839.14";"3801.9";"8052.5";"4485.8596";"1036.156"
"E";"2025-09-30";"2025-10-01";"4888.96";"32067.1";"9487.06";"62226.42";"4262.4";"8128.5";"4290.0891";"1078.6554"
"C";"2025-09-29";"2025-09-30";"4601.47";"30816.38";"9487.06";"63535.53";"4052";"8128.3";"4441.7624";"926.8699"
"C";"2025-09-28";"2025-09-29";"4638.92";"31046.87";"9487.06";"63493.99";"3566";"8128.2";"4333.5356";"1034.9919"
"C";"2025-09-27";"2025-09-28";"4564.31";"30633.31";"9487.06";"63672.29";"3694.9";"8128.2";"4458.5098";"909.9508"
"C";"2025-09-26";"2025-09-27";"4225.33";"28351.25";"9487.06";"63656.57";"4204.5";"8124.6";"4545.8172";"819.1128"
"C";"2025-09-25";"2025-09-26";"3979.25";"26689.95";"9487.06";"63632.38";"3906.6";"8122.9";"4516.6132";"846.5298"
"C";"2025-09-24";"2025-09-25";"4255.68";"28525.19";"9487.06";"63590.35";"4041.4";"8122.8";"4736.0462";"813.7131"
"C";"2025-09-23";"2025-09-24";"4579.61";"30695.69";"9487.06";"63588.79";"4104.5";"8122.8";"4758.4226";"791.315"
"C";"2025-09-22";"2025-09-23";"4551.92";"29352.61";"9487.06";"61176.38";"4027.4";"8122.8";"4749.4011";"800.39"
"C";"2025-09-21";"2025-09-22";"4623.2";"29328.86";"9487.06";"60184.43";"3657.5";"8122.9";"4650.2133";"899.6045"
"C";"2025-09-20";"2025-09-21";"4732.44";"31608.87";"9487.06";"63365.88";"3723.5";"8122.8";"4547.5708";"1002.2254"
"C";"2025-09-19";"2025-09-20";"4714.15";"31548.48";"9487.06";"63490.2";"4154.6";"8122.8";"4624.2145";"925.5644"
"C";"2025-09-18";"2025-09-19";"4848.17";"32421.91";"9487.06";"63444.27";"4359.6";"8122.8";"4731.8229";"817.9476"
"C";"2025-09-17";"2025-09-18";"4614.52";"30963.11";"9487.06";"63657.52";"4356.5";"8123.8";"4676.4628";"920.9315"
"C";"2025-09-16";"2025-09-17";"4333.1";"29243.65";"9487.06";"64027.2";"3973.7";"8124.4";"4679.2863";"918.6952"
"C";"2025-09-15";"2025-09-16";"4428.08";"29788.16";"9487.06";"63820.45";"4068.4";"8124.4";"4673.3181";"924.687"
"C";"2025-09-14";"2025-09-15";"4848.87";"32589.4";"9487.06";"63762.81";"3684.3";"8124.3";"4544.9624";"1052.9996"
"C";"2025-09-13";"2025-09-14";"4852.77";"32518.64";"9487.06";"63573.24";"3748.4";"8124.3";"4585.2144";"1012.7167"
"C";"2025-09-12";"2025-09-13";"5009.62";"33583.49";"9487.06";"63599.35";"3845.3";"8124.3";"4640.4294";"957.4687"
"C";"2025-09-11";"2025-09-12";"4941.21";"33217.24";"9487.06";"63776.68";"3801.4";"8124.3";"4791.0224";"943.5641"
"C";"2025-09-10";"2025-09-11";"4865.66";"32783.47";"9487.06";"63921.18";"3821.6";"8124.4";"4747.8139";"986.8199"
"C";"2025-09-09";"2025-09-10";"4743.3";"31925.62";"9487.06";"63854.34";"3990";"8124.3";"4801.9915";"932.6239"
"C";"2025-09-08";"2025-09-09";"5131.16";"34267.56";"9487.06";"63357.68";"3859.9";"8124.3";"4799.7655";"934.8262"
"C";"2025-09-07";"2025-09-08";"5159.69";"33822.68";"9487.06";"62189.36";"3537.8";"8125";"4629.8058";"1139.4893"
"C";"2025-09-06";"2025-09-07";"5072.67";"34064.6";"9487.06";"63708.64";"3546.6";"8125.7";"4570.5755";"1199.4135"
"C";"2025-09-05";"2025-09-06";"5264.94";"35332.63";"9487.06";"63666.97";"3925.3";"8125.7";"4765.5151";"1004.4399"
"C";"2025-09-04";"2025-09-05";"5231.46";"35147.94";"9487.06";"63739.49";"3887.8";"8125.6";"4784.0108";"985.9042"
"C";"2025-09-03";"2025-09-04";"4890.09";"32835.51";"9487.06";"63702.81";"3830.3";"8125.6";"4783.89";"985.9962"
"C";"2025-09-02";"2025-09-03";"4872.48";"32749.66";"9487.06";"63765.88";"3689.8";"8125.6";"4780.7653";"989.0921"
"C";"2025-09-01";"2025-09-02";"4717.74";"31764.55";"9487.06";"63876.39";"3887.5";"8125.5";"4816.5334";"953.2901"
"C";"2025-08-31";"2025-09-01";"4605.13";"31037.75";"9487.06";"63941.08";"3490.5";"8125.5";"4318.2288";"974.1547"
"C";"2025-08-30";"2025-08-31";"4708.22";"31709.04";"9487.06";"63893.69";"3402.6";"8124.2";"4334.1622";"956.8724"
"C";"2025-08-29";"2025-08-30";"5017.35";"33778.24";"9487.06";"63869.61";"3444.4";"8123.5";"4286.9703";"1003.4197"
"C";"2025-08-28";"2025-08-29";"4662.69";"31415.38";"9351.07";"63003.85";"3079.3";"7978.2";"4170.9691";"974.1259"
"C";"2025-08-27";"2025-08-28";"4682.1";"31517.72";"9351.07";"62947.05";"3310.8";"7978.2";"4271.7252";"873.3677"
"C";"2025-08-26";"2025-08-27";"4930.16";"33155.1";"9351.07";"62885.52";"3443.1";"7978.3";"4262.0569";"883.0597"
"C";"2025-08-25";"2025-08-26";"4904.92";"32966.51";"9351.07";"62849.58";"3375.4";"7978.5";"4233.645";"911.742"
"C";"2025-08-24";"2025-08-25";"4710.29";"31661.66";"9351.07";"62856.09";"3094.1";"7978.5";"4407.8807";"1118.0832"
"E";"2025-08-23";"2025-08-24";"4333.66";"28864.48";"9351.07";"62283.1";"3145.1";"7978.5";"4360.2724";"1165.6679"
"C";"2025-08-22";"2025-08-23";"4296.72";"28232.99";"9351.07";"61444.23";"3263.6";"7978.4";"4339.0495";"1186.8733"
"C";"2025-08-21";"2025-08-22";"4479.01";"30205.76";"9351.07";"63062.19";"3249.8";"7978.4";"4280.7092";"1245.1899"
"C";"2025-08-20";"2025-08-21";"4486.5";"30226.08";"9351.07";"62999.26";"3265.3";"7978.4";"4276.8247";"1249.0384"
"C";"2025-08-19";"2025-08-20";"4675.9";"31541.93";"9351.07";"63078.94";"3347.7";"7979.8";"4261.4094";"1265.8551"
"C";"2025-08-18";"2025-08-19";"4672.51";"31497.95";"9351.07";"63036.68";"3550.5";"7981.1";"4266.5002";"1262.0598"
"C";"2025-08-17";"2025-08-18";"4416.68";"29735";"9351.07";"62955.45";"2965.7";"7981";"4282.3016";"1246.1874"
"C";"2025-08-16";"2025-08-17";"4597.7";"30973.76";"9351.07";"62996.24";"2893.5";"7981";"4281.4695";"1246.9969"
"C";"2025-08-15";"2025-08-16";"4446.89";"30006.06";"9351.07";"63097.75";"2878.7";"7981";"4274.2272";"1254.2043"
"C";"2025-08-14";"2025-08-15";"4295.15";"28993.2";"9351.07";"63121.76";"3186.6";"7925.9";"4320.4669";"1152.9297"
"C";"2025-08-13";"2025-08-14";"4416.61";"29554.15";"9351.07";"62573.54";"3257.1";"7980.9";"4365.2804";"1163.0853"
"E";"2025-08-12";"2025-08-13";"4640.79";"30497.03";"9351.07";"61450.71";"3278.4";"7980.9";"4367.3649";"1160.9628"
"C";"2025-08-11";"2025-08-12";"4613.31";"31120.18";"9351.07";"63079.87";"3408.5";"7980.8";"4337.0749";"1191.2158"
"C";"2025-08-10";"2025-08-11";"4656.32";"31409.96";"9351.07";"63079.16";"3229.2";"7980.8";"4454.7259";"1202.556"
"C";"2025-08-09";"2025-08-10";"4523.53";"30517.97";"9351.07";"63086.94";"3120.9";"7980.7";"4414.9197";"1242.3272"
"C";"2025-08-08";"2025-08-09";"4580.22";"30941.44";"9351.07";"63170.67";"3019.8";"7980.4";"4362.8966";"1294.0563"
"C";"2025-08-07";"2025-08-08";"4653.75";"31373.51";"9351.07";"63040.75";"3144.6";"7980";"4451.3908";"1205.1004"
"C";"2025-08-06";"2025-08-07";"4744.41";"31989.16";"9351.07";"63049.54";"3180.7";"7979.9";"4523.384";"1132.9972"
"C";"2025-08-05";"2025-08-06";"4683.62";"31570.53";"9351.07";"63032.06";"3133.2";"7979.8";"4516.515";"1139.787"
"C";"2025-08-04";"2025-08-05";"5067.81";"34147.08";"9351.07";"63007.83";"3102.3";"7979.8";"4463.1376";"1193.1459"
"C";"2025-08-03";"2025-08-04";"4881.99";"32892.17";"9351.07";"63002.38";"3057.6";"7979.7";"4377.4416";"1278.8161"
"C";"2025-08-02";"2025-08-03";"5211.09";"35074.83";"9351.07";"62940.23";"3183.8";"7979.8";"4466.6501";"1189.6365"
"C";"2025-08-01";"2025-08-02";"4781.25";"31732.62";"9351.07";"62062";"3326";"7979.8";"4523.666";"1132.6628"
"C";"2025-07-31";"2025-08-01";"4934.77";"33152.24";"9351.07";"62821.35";"3258.6";"7979.8";"4557.6859";"946.76"
"C";"2025-07-30";"2025-07-31";"5391.21";"35787.53";"9351.07";"62073.58";"3599.3";"7924.7";"4537.391";"912.0219"
"C";"2025-07-29";"2025-07-30";"4946.67";"32579.23";"9351.07";"61587.02";"3731.8";"7979.7";"4569.6656";"934.7133"
"E";"2025-07-28";"2025-07-29";"5026.16";"33768.13";"9351.07";"62824.93";"3667.7";"7979.7";"4574.0435";"930.3088"
"E";"2025-07-27";"2025-07-28";"4967.07";"33335.84";"9351.07";"62758.48";"3312.7";"7979.7";"4515.4996";"988.8383"
"C";"2025-07-26";"2025-07-27";"4995.74";"33541.91";"9351.07";"62784.04";"3422.6";"7979.6";"4571.0044";"933.2821"
"C";"2025-07-25";"2025-07-26";"5394.82";"36260.02";"9351.07";"62851.03";"3681.2";"7979.6";"4610.5229";"893.7399"
"C";"2025-07-24";"2025-07-25";"5017.19";"33713.88";"9351.07";"62836.14";"3829";"7979.6";"4523.9648";"980.2734"
"E";"2025-07-23";"2025-07-24";"4997.08";"33682.49";"9351.07";"63030.27";"3841.6";"7979.5";"4531.5703";"972.6483"
"E";"2025-07-22";"2025-07-23";"4847.51";"32700.77";"9351.07";"63081.29";"3873.1";"7979.5";"4541.3467";"978.966"
"C";"2025-07-21";"2025-07-22";"4874.69";"32836.53";"9351.07";"62989.99";"3703.6";"7981.5";"4540.9732";"981.369"
"C";"2025-07-20";"2025-07-21";"5352.94";"35996.64";"9351.07";"62882.66";"3369.2";"7983.4";"4431.4365";"1092.7193"
"E";"2025-07-19";"2025-07-20";"5192.85";"34967.43";"9351.07";"62967.91";"3383.8";"7983.1";"4510.8578";"1013.0575"
"C";"2025-07-18";"2025-07-19";"5087.89";"34378.77";"9351.07";"63184.99";"3902.9";"7983.2";"4594.201";"929.7884"
"C";"2025-07-17";"2025-07-18";"5034.81";"33994.23";"9351.07";"63136.93";"3979.3";"7928.3";"4572.849";"896.2637"
"C";"2025-07-16";"2025-07-17";"5136.3";"34596.76";"9351.07";"62986.34";"4055.5";"7983.2";"4569.9068";"954.0569"
"C";"2025-07-15";"2025-07-16";"4826.93";"32229.34";"9351.07";"62436.96";"4006.4";"7983";"4662.1054";"861.7287"
"C";"2025-07-14";"2025-07-15";"4658.81";"30700.88";"9351.07";"61622.19";"3749.3";"7982.9";"4495.2042";"1031.7292"
"C";"2025-07-13";"2025-07-14";"4637.43";"31945.66";"9351.07";"64416.3";"3472.7";"7982.7";"4527.2146";"999.5121"
"C";"2025-07-12";"2025-07-13";"4890.75";"33527.58";"9351.07";"64104.43";"3632.8";"7982.7";"4647.8171";"878.9116"
"C";"2025-07-11";"2025-07-12";"4892.67";"33041.66";"9351.07";"63150.57";"3946.7";"7982.6";"4742.3983";"784.2442"
"C";"2025-07-10";"2025-07-11";"4924.33";"33206.57";"9351.07";"63057.71";"4306.2";"7982.6";"4758.6145";"858.3217"
"C";"2025-07-09";"2025-07-10";"5065.71";"34129.95";"9351.07";"63002.33";"4227.7";"7982.7";"4716.1822";"900.8506"
"E";"2025-07-08";"2025-07-09";"5246.89";"35369.95";"9351.07";"63036.75";"4111.5";"7982.7";"4723.1792";"893.8218"
"C";"2025-07-07";"2025-07-08";"5249.02";"35358.14";"9351.07";"62990.13";"3925.7";"7982.5";"4698.9729";"917.88"
"C";"2025-07-06";"2025-07-07";"4963.72";"33379.74";"9351.07";"62883.54";"3602.8";"7982.3";"4675.1542";"941.5311"
"C";"2025-07-05";"2025-07-06";"4975.37";"33515.46";"9351.07";"62991.38";"3621.6";"7982.3";"4681.5885";"935.0433"
"C";"2025-07-04";"2025-07-05";"5091.32";"34292.74";"9351.07";"62984.42";"3943.1";"7982.3";"4719.7754";"896.8256"
"C";"2025-07-03";"2025-07-04";"5284.8";"35423.02";"9351.07";"62678.46";"4041.2";"7990.5";"4713.3823";"911.515"
"C";"2025-07-02";"2025-07-03";"5440.3";"35776.34";"9351.07";"61494.23";"4111.7";"7990.7";"4716.6916";"908.3107"
"E";"2025-07-01";"2025-07-02";"5212.42";"34975.42";"9351.07";"62745.83";"4095.7";"7988.9";"4693.5763";"929.6607"
"E";"2025-06-30";"2025-07-01";"4969.61";"33492.18";"9351.07";"63020.58";"4220.6";"7979.1";"4013.4871";"906.0371"
"E";"2025-06-29";"2025-06-30";"4725.01";"31844.56";"9351.07";"63022.24";"3792.9";"7979.1";"3952.8406";"966.5932"
"E";"2025-06-28";"2025-06-29";"4767.86";"32165.45";"9351.07";"63085.19";"3790.9";"7979";"3932.7705";"986.6325"
"E";"2025-06-27";"2025-06-28";"5090.8";"34330.89";"9351.07";"63060.92";"4144.7";"7979.1";"4027.6795";"891.7584"
"C";"2025-06-26";"2025-06-27";"5540.77";"37331.73";"9351.07";"63004.17";"3968.9";"7924";"4060.3923";"803.9941"
"C";"2025-06-25";"2025-06-26";"5229.54";"35179.92";"9351.07";"62906.09";"3970.2";"7979";"4504.8341";"937.7476"
"C";"2025-06-24";"2025-06-25";"5294.96";"35634.66";"9351.07";"62931.96";"4051.3";"7978.9";"4583.9629";"858.5993"
"E";"2025-06-23";"2025-06-24";"5544.27";"37273.19";"9351.07";"62865.66";"4246.9";"7978.9";"4630.9078";"811.6277"
"C";"2025-06-22";"2025-06-23";"5493.29";"36715.64";"9351.07";"62499.98";"3677.2";"7978.9";"4501.7692";"940.7479"
"C";"2025-06-21";"2025-06-22";"4961.3";"32495.99";"9351.07";"61248.52";"3769.8";"7978.9";"4513.5712";"928.9407"
"C";"2025-06-20";"2025-06-21";"4771.34";"32040.8";"9351.07";"62794.89";"4074.8";"7898.9";"4428.6766";"933.8783"
"C";"2025-06-19";"2025-06-20";"4568.53";"30755.4";"9351.07";"62951.52";"4240.9";"7898.9";"4461.8906";"900.6478"
"E";"2025-06-18";"2025-06-19";"5038.79";"33871.95";"9351.07";"62860.13";"4430.3";"7898.8";"4453.362";"909.1003"
"C";"2025-06-17";"2025-06-18";"5088.09";"34216.1";"9351.07";"62883.55";"4319.6";"7843.8";"4395.1141";"912.3482"
"C";"2025-06-16";"2025-06-17";"5113.98";"34496.1";"9351.07";"63077.18";"4337.9";"7898.9";"4511.7883";"850.6832"
"C";"2025-06-15";"2025-06-16";"5412.87";"36468.36";"9351.07";"63001.36";"4121.5";"7978.8";"4491.0591";"951.3386"
"C";"2025-06-14";"2025-06-15";"5440.16";"36439.18";"9351.07";"62635.17";"4204.4";"7978.6";"4496.7716";"945.4009"
"C";"2025-06-13";"2025-06-14";"5479.02";"36916.86";"9351.07";"63006.18";"4454.1";"7978.3";"4508.4936";"933.462"
"E";"2025-06-12";"2025-06-13";"5634.35";"37978.49";"9351.07";"63031.14";"4638.9";"7978.3";"4703.7586";"738.1529"
"C";"2025-06-11";"2025-06-12";"5286.63";"35400.01";"9351.07";"62616.07";"4916.6";"7978.3";"4684.8361";"757.0322"
"C";"2025-06-10";"2025-06-11";"5324.88";"35635.15";"9351.07";"62579.21";"4731.7";"7978.3";"4609.3161";"832.5748"
"C";"2025-06-09";"2025-06-10";"5171.38";"34666.06";"9351.07";"62684.38";"4735.6";"7978.3";"4541.2025";"900.6699"
"C";"2025-06-08";"2025-06-09";"5394.78";"36823.41";"9351.07";"63828.05";"4472.4";"7978.2";"4452.0694";"989.767"
"C";"2025-06-07";"2025-06-08";"5518.76";"37009.28";"9351.07";"62709.08";"4507.5";"7978.2";"4510.2249";"931.5919"
"C";"2025-06-06";"2025-06-07";"5389.52";"35914.11";"9351.07";"62312.67";"4612.9";"7850.8";"4469.7355";"844.6387"
"C";"2025-06-05";"2025-06-06";"5559.55";"36464.39";"9351.07";"61332.49";"4298.2";"7850.7";"4326.1167";"988.242"
"C";"2025-06-04";"2025-06-05";"5425.94";"36327.51";"9351.07";"62606.86";"4190";"7850.7";"4308.5559";"1005.7927"
"C";"2025-06-03";"2025-06-04";"5225.93";"35084.17";"9351.07";"62778.21";"4222.8";"7850.8";"4312.9832";"1001.4517"
"C";"2025-06-02";"2025-06-03";"5385.49";"32858.97";"9351.07";"57054.52";"4085.9";"7850.8";"4194.9188";"1119.5408"
"C";"2025-06-01";"2025-06-02";"5125.85";"34338.82";"9351.07";"62644.19";"4175.6";"7905.8";"4328.3847";"1041.0193"
"C";"2025-05-31";"2025-06-01";"5186.23";"34721.81";"9196.64";"61571.51";"4456.7";"7759.1";"4348.2361";"777.8733"
"C";"2025-05-30";"2025-05-31";"5266.08";"35234.29";"9196.64";"61532.88";"4330.2";"7759";"4340.7716";"785.3184"
"C";"2025-05-29";"2025-05-30";"5533.63";"37068.66";"9196.64";"61606.42";"4360.2";"7759";"4363.9915";"866.081"
"C";"2025-05-28";"2025-05-29";"5449.86";"36493.1";"9196.64";"61582.11";"4472.4";"7759";"4394.4888";"835.5713"
"C";"2025-05-27";"2025-05-28";"4991.56";"32757.67";"9196.64";"60353.98";"4509.4";"7759";"4435.9288";"794.1251"
"C";"2025-05-26";"2025-05-27";"5299.74";"35153.64";"9196.64";"61002.12";"4444.8";"7759";"4429.5788";"800.4638"
"C";"2025-05-25";"2025-05-26";"5232.4";"34997.38";"9196.64";"61512.56";"4154.2";"7761.3";"4372.6902";"859.6525"
"C";"2025-05-24";"2025-05-25";"5469.71";"36571.86";"9196.64";"61491.05";"4098.7";"7712.5";"4323.6538";"859.9247"
"C";"2025-05-23";"2025-05-24";"5293.35";"35427.35";"9196.64";"61551.3";"4228.5";"7712.5";"4421.0673";"762.4422"
"C";"2025-05-22";"2025-05-23";"5365.55";"35830.31";"9196.64";"61413.73";"4201.8";"7710.2";"4421.7131";"766.0282"
"C";"2025-05-21";"2025-05-22";"5042.71";"33669.53";"9196.64";"61404.79";"4141.2";"7710.2";"4440.6622";"747.0935"
"C";"2025-05-20";"2025-05-21";"5047.56";"33536.04";"9196.64";"61102.57";"4015.7";"7711.2";"4441.6622";"747.0188"
"C";"2025-05-19";"2025-05-20";"4950.28";"33073.87";"9196.64";"61444.7";"3882.2";"7711.9";"4475.1995";"714.2321"
"E";"2025-05-18";"2025-05-19";"5300.24";"35328.09";"9196.64";"61299.06";"3722.7";"7711.9";"4454.43";"734.944"
"C";"2025-05-17";"2025-05-18";"5419.81";"36141.72";"9196.64";"61327.31";"3746.2";"7711.8";"4437.1675";"752.1767"
"C";"2025-05-16";"2025-05-17";"5372.57";"35921.65";"9196.64";"61489.84";"3980.7";"7711.8";"4471.4611";"717.8862"
"C";"2025-05-15";"2025-05-16";"5451.97";"36446.81";"9196.64";"61480.2";"3899.5";"7656.8";"4470.1278";"664.1794"
"C";"2025-05-14";"2025-05-15";"5607.7";"37486";"9196.64";"61477.12";"4224.8";"7711.8";"4468.6367";"720.6305"
"C";"2025-05-13";"2025-05-14";"5831.71";"38731.05";"9196.64";"61079.09";"4290.9";"7711.7";"4444.0246";"745.2127"
"C";"2025-05-12";"2025-05-13";"5340.46";"34983.86";"9196.64";"60244.62";"4175.8";"7711.7";"4348.8076";"840.404"
"C";"2025-05-11";"2025-05-12";"5141.69";"34314.75";"9196.64";"61376.79";"4112.2";"7714.9";"4329.1011";"863.3327"
"C";"2025-05-10";"2025-05-11";"5181.75";"34590.8";"9196.64";"61392.22";"4146.7";"7715";"4315.6526";"876.8326"
"C";"2025-05-09";"2025-05-10";"5189.19";"34655.56";"9196.64";"61418.97";"4520.8";"7714.8";"4309.1826";"883.1351"
"C";"2025-05-08";"2025-05-09";"5262.6";"35191.12";"9196.64";"61498.13";"4642";"7714.7";"4271.8271";"920.3928"
"E";"2025-05-07";"2025-05-08";"5662.21";"37790.24";"9196.64";"61379.43";"4726.8";"7714.7";"4204.6771";"987.5377"
"E";"2025-05-06";"2025-05-07";"5589.01";"37288.27";"9196.64";"61357.34";"4705";"7714.6";"4200.7332";"991.3912"
"C";"2025-05-05";"2025-05-06";"5645.36";"37733";"9196.64";"61469.39";"4654";"7714.5";"4305.8267";"886.2135"
"C";"2025-05-04";"2025-05-05";"5189.6";"34667.71";"9196.64";"61435.65";"4618.5";"7788.1";"4469.6466";"795.9856"
"C";"2025-05-03";"2025-05-04";"5162.28";"34434.89";"9196.64";"61346.01";"4641.4";"7787.5";"4472.306";"792.734"
"C";"2025-05-02";"2025-05-03";"4999.28";"33221.96";"9196.64";"61114.88";"4511.5";"7786.4";"4392.8692";"871.0768"
"C";"2025-05-01";"2025-05-02";"4991.51";"33302.65";"9196.64";"61358.68";"4374.8";"7786.4";"4356.5612";"907.3159"
"C";"2025-04-30";"2025-05-01";"5098.5";"34031.34";"9196.64";"61385.5";"4363.5";"7786.3";"4519.3886";"830.5416"
"C";"2025-04-29";"2025-04-30";"5220.26";"34903.45";"9196.64";"61490.13";"4513.9";"7786.3";"4542.4521";"807.4503"
"C";"2025-04-28";"2025-04-29";"5621.44";"37459.95";"9196.64";"61284.24";"4113.2";"7786.4";"4532.8631";"817.1597"
"C";"2025-04-27";"2025-04-28";"5597.82";"37417.82";"9196.64";"61473.61";"4149.1";"7785.1";"4508.7482";"839.9328"
"C";"2025-04-26";"2025-04-27";"5319.08";"35500.59";"9196.64";"61380.19";"4202.2";"7785";"4568.8988";"779.7391"
"C";"2025-04-25";"2025-04-26";"4928.14";"32958.78";"9196.64";"61505.97";"4405.1";"7785";"4641.5182";"707.0826"
"C";"2025-04-24";"2025-04-25";"5177.79";"34588.95";"9196.64";"61435.89";"4391.4";"7784.9";"4637.4541";"711.1026"
"C";"2025-04-23";"2025-04-24";"5186.37";"34621.67";"9196.64";"61392.27";"4551";"7784.9";"4668.0584";"713.7627"
"C";"2025-04-22";"2025-04-23";"5051.9";"33791.57";"9196.64";"61515.25";"4584.4";"7784.8";"4624.1764";"757.5872"
"C";"2025-04-21";"2025-04-22";"5105.19";"34152.11";"9196.64";"61522.62";"4572.7";"7784.8";"4619.0104";"762.7665"
"C";"2025-04-20";"2025-04-21";"5237.66";"35084.04";"9196.64";"61602.95";"4509";"7786.9";"4584.3104";"799.5568"
"C";"2025-04-19";"2025-04-20";"4731.39";"31681.94";"9196.64";"61581.78";"4346.8";"7786.9";"4516.2701";"867.6217"
"C";"2025-04-18";"2025-04-19";"4713.98";"31530.24";"9196.64";"61513.26";"4248.5";"7787.1";"4444.0764";"939.9429"
"C";"2025-04-17";"2025-04-18";"4828.11";"32268.14";"9196.64";"61464.73";"4313.6";"7787.1";"4411.1764";"972.8717"
"C";"2025-04-16";"2025-04-17";"4921.54";"32900.89";"9196.64";"61480.28";"4080.4";"7787.2";"4396.8607";"987.2737"
"C";"2025-04-15";"2025-04-16";"5216.18";"34805.71";"9196.64";"61365.9";"4014.6";"7787.3";"4402.5388";"981.6995"
"C";"2025-04-14";"2025-04-15";"5123.53";"34134.07";"9196.64";"61270.01";"4367.7";"7787";"4402.8357";"981.0736"
"C";"2025-04-13";"2025-04-14";"5289.08";"35215.13";"9196.64";"61231.99";"4170.3";"7786.9";"4409.0712";"974.8186"
"C";"2025-04-12";"2025-04-13";"4937.92";"32918.86";"9196.64";"61309.8";"4307.9";"7786.8";"4410.3796";"973.4094"
"C";"2025-04-11";"2025-04-12";"4855.87";"32104.88";"9196.64";"60804.15";"4443.7";"7786.7";"4365.4076";"1018.2159"
"C";"2025-04-10";"2025-04-11";"4975.43";"32614.25";"9196.64";"60284.54";"4410.3";"7786.7";"4396.1451";"987.4917"
"C";"2025-04-09";"2025-04-10";"4952.23";"32150.68";"9196.64";"59706.08";"4092.2";"7786.7";"4346.7395";"1036.8623"
"E";"2025-04-08";"2025-04-09";"4925.11";"31806.75";"9196.64";"59392.63";"4206.1";"7786.7";"4191.5741";"1192.038"
"C";"2025-04-07";"2025-04-08";"4831.83";"32182.16";"9196.64";"61253.76";"4490.4";"7786.6";"4392.6916";"990.8989"
"C";"2025-04-06";"2025-04-07";"4806.72";"31974.06";"9196.64";"61175.59";"4271.2";"7786.5";"4370.5736";"1012.874"
"C";"2025-04-05";"2025-04-06";"5197.51";"34379.11";"9196.64";"60831.49";"4278.2";"7786.3";"4378.7726";"1004.4848"
"E";"2025-04-04";"2025-04-05";"4463.04";"29488.02";"9196.64";"60763.67";"4405.3";"7786.5";"4460.3125";"923.1187"
"C";"2025-04-03";"2025-04-04";"4495.23";"30209.28";"9196.64";"61804.15";"4354.7";"7785";"4560.4125";"821.5361"
"C";"2025-04-02";"2025-04-03";"4522.21";"30368.18";"9196.64";"61758.57";"4795.9";"7783.1";"4656.5058";"723.4995"
"C";"2025-04-01";"2025-04-02";"4491.22";"29965.13";"9196.64";"61359.39";"4611.2";"7783";"4597.2813";"782.6695"
"E";"2025-03-31";"2025-04-01";"4487.67";"29772.86";"9196.64";"61013.91";"4627.5";"7783";"4643.4831";"864.6077"
"C";"2025-03-30";"2025-03-31";"4682.07";"31177.86";"9196.64";"61240.34";"4226.3";"7839.9";"4675.5235";"832.6066"
"C";"2025-03-29";"2025-03-30";"4863.8";"32386.61";"9196.64";"61237.71";"4027.9";"7777.5";"4473.7617";"790.3166"
"C";"2025-03-28";"2025-03-29";"4936.57";"32351.01";"9196.64";"60268.69";"4564.2";"7839.9";"4600.447";"726.0625"
"C";"2025-03-27";"2025-03-28";"4495.01";"30097.98";"9196.64";"61579.46";"4597.6";"7839.9";"4587.4948";"738.9828"
"C";"2025-03-26";"2025-03-27";"4182.14";"28084.57";"9196.64";"61758.74";"4556.5";"7839.8";"4590.6077";"735.8493"
"C";"2025-03-25";"2025-03-26";"4102.41";"27528.85";"9196.64";"61713.22";"4566.9";"7839.8";"4543.3966";"783.0533"
"E";"2025-03-24";"2025-03-25";"3741.36";"25148.2";"9196.64";"61816.81";"4371.9";"7840.4";"4475.6966";"851.3301"
"C";"2025-03-23";"2025-03-24";"3543.97";"23823.54";"9196.64";"61822.34";"4058.1";"7840.8";"4437.7429";"889.6796"
"C";"2025-03-22";"2025-03-23";"3603.97";"24212.79";"9196.64";"61786.39";"4135";"7840.8";"4528.5207";"798.8987"
"C";"2025-03-21";"2025-03-22";"3738.97";"25102.69";"9196.64";"61744.38";"4443.2";"7840.8";"4632.0006";"695.465"
"C";"2025-03-20";"2025-03-21";"3916.26";"25857.21";"9196.64";"60721.06";"4437.1";"7840.8";"4643.8141";"683.5775"
"C";"2025-03-19";"2025-03-20";"3950.45";"26593.14";"9196.64";"61908.78";"4519.1";"7840.8";"4628.6399";"698.7991"
"C";"2025-03-18";"2025-03-19";"4092.4";"27526.43";"9196.64";"61858.73";"4674.5";"7840.8";"4601.0351";"726.4048"
"C";"2025-03-17";"2025-03-18";"3898.69";"26170.48";"9196.64";"61733.68";"4642.1";"7840.8";"4532.1449";"795.2652"
"C";"2025-03-16";"2025-03-17";"3740.3";"25125.04";"9196.64";"61777.38";"3989";"7840.8";"4454.3667";"873.0115"
"C";"2025-03-15";"2025-03-16";"3644.7";"24508.81";"9196.64";"61842.87";"3871.8";"7844.2";"4458.2169";"872.5945"
"C";"2025-03-14";"2025-03-15";"4032.21";"26846.81";"9196.64";"61232.04";"4181";"7845.3";"4553.5102";"778.4104"
"C";"2025-03-13";"2025-03-14";"3933.84";"26269.32";"9196.64";"61413.14";"4236.5";"7845.1";"4522.2691";"809.4048"
"E";"2025-03-12";"2025-03-13";"3836.41";"25713.25";"9196.64";"61639.79";"4260.1";"7844.9";"4533.881";"797.6355"
"C";"2025-03-11";"2025-03-12";"3462.98";"23145.37";"9196.64";"61467.19";"4268.3";"7844.9";"4488.0251";"843.5377"
"E";"2025-03-10";"2025-03-11";"3844.93";"25374.34";"9196.64";"60692.57";"4096.9";"7845.1";"4475.728";"856.0179"
"C";"2025-03-09";"2025-03-10";"3822.22";"25535.79";"9196.64";"61441.64";"3757.9";"7845.2";"4463.9264";"854.9882"
"E";"2025-03-08";"2025-03-09";"3750.94";"25107.79";"9196.64";"61559.85";"3725.5";"7845.1";"4448.4264";"870.3463"
"C";"2025-03-07";"2025-03-08";"3816.38";"25319.72";"9196.64";"61014.98";"3988.2";"7845";"4489.5858";"829.0995"
"C";"2025-03-06";"2025-03-07";"4211.58";"28333.36";"9196.64";"61870.3";"4052.1";"7844.9";"4509.7161";"808.8675"
"C";"2025-03-05";"2025-03-06";"4368.43";"28869.09";"9196.64";"60776.67";"4149.9";"7844.8";"4514.2961";"804.2206"
"C";"2025-03-04";"2025-03-05";"4348.09";"29270.52";"9196.64";"61910.04";"4138.2";"7844.8";"4554.9037";"763.5903"
"C";"2025-03-03";"2025-03-04";"3989.81";"26816.75";"9196.64";"61813.47";"4311.7";"7844.7";"4556.3471";"762.1048"
"C";"2025-03-02";"2025-03-03";"4281.15";"27966.14";"9196.64";"60076.04";"3932";"7844.9";"4509.5381";"809.103"
"C";"2025-03-01";"2025-03-02";"3639.15";"24546.54";"9196.64";"62032.53";"3812.9";"7845.2";"4487.914";"830.9769"
"C";"2025-02-28";"2025-03-01";"3964.45";"26709.37";"9196.64";"61959.78";"3933.8";"7845.3";"4276.0755";"904.6111"
"E";"2025-02-27";"2025-02-28";"3944.86";"26645.52";"9196.64";"62118.62";"4199.4";"7845.2";"4326.0279";"854.5652"
"E";"2025-02-26";"2025-02-27";"4039.41";"27343.99";"9196.64";"62254.84";"4345.1";"7845.1";"4331.2049";"849.2884"
"C";"2025-02-25";"2025-02-26";"4068.22";"27520.19";"9196.64";"62212.29";"4278.9";"7844.9";"4345.3483";"834.995"
"C";"2025-02-24";"2025-02-25";"3974.74";"26895.57";"9196.64";"62230.2";"4136.7";"7844.7";"4371.084";"826.8394"
"E";"2025-02-23";"2025-02-24";"4078.04";"27468.51";"9196.64";"61945.93";"3820.8";"7844.5";"4340.9608";"856.7097"
"C";"2025-02-22";"2025-02-23";"4019.69";"26802.39";"9196.64";"61321.13";"3678.4";"7844.5";"4335.5385";"862.2028"
"C";"2025-02-21";"2025-02-22";"3910.38";"25543.19";"9196.64";"60073.83";"3678.1";"7844.5";"4350.6327";"847.1096"
"C";"2025-02-20";"2025-02-21";"4020.83";"27163.2";"9196.64";"62129.01";"3904.7";"7844.6";"4388.893";"808.8883"
"C";"2025-02-19";"2025-02-20";"3794.54";"25552.05";"9196.64";"61929.25";"4000.8";"7844.9";"4267.943";"930.2023"
"C";"2025-02-18";"2025-02-19";"3821.64";"25738.78";"9196.64";"61939.45";"3952";"7845.2";"4243.2695";"955.1246"
"C";"2025-02-17";"2025-02-18";"4135.87";"27905.26";"9196.64";"62050.94";"3880.4";"7845.2";"4248.5241";"949.8505"
"C";"2025-02-16";"2025-02-17";"4114.55";"27723.81";"9196.64";"61966.9";"3616.4";"7845.4";"4219.9393";"978.6934"
"C";"2025-02-15";"2025-02-16";"3992.4";"26902.64";"9196.64";"61971.22";"3486.5";"7845.2";"4233.517";"964.9028"
"C";"2025-02-14";"2025-02-15";"3967.46";"26660.44";"9196.64";"61799.35";"4037.2";"7845.1";"4129.7791";"1068.5153"
"C";"2025-02-13";"2025-02-14";"4277.12";"28717.94";"9196.64";"61749.16";"4392.1";"7845";"4285.9638";"912.236"
"C";"2025-02-12";"2025-02-13";"4430.56";"29090.65";"9196.64";"60384.29";"4207.7";"7845";"4323.6257";"874.5628"
"C";"2025-02-11";"2025-02-12";"4468.85";"30130.62";"9196.64";"62007.11";"4150.1";"7844.8";"4336.9872";"861.0708"
"C";"2025-02-10";"2025-02-11";"4807.77";"32379.39";"9196.64";"61937.57";"4159";"7844.8";"4315.6192";"882.4018"
"C";"2025-02-09";"2025-02-10";"4717.1";"31709.86";"9196.64";"61822.77";"3818.5";"7844.4";"4336.4697";"950.3845"
"C";"2025-02-08";"2025-02-09";"4180.62";"28172.74";"9196.64";"61975.15";"3649.6";"7843.7";"4364.6662";"921.5186"
"C";"2025-02-07";"2025-02-08";"4418.22";"30302.6";"9196.64";"63075.65";"4175.1";"7843.6";"4419.8332";"866.2459"
"C";"2025-02-06";"2025-02-07";"4573.64";"30754.79";"9196.64";"61841.49";"4140.8";"7843.4";"4430.5443";"855.3734"
"C";"2025-02-05";"2025-02-06";"4621.11";"32930.48";"9196.64";"65536.15";"4251.1";"7843.2";"4494.31";"791.3454"
"C";"2025-02-04";"2025-02-05";"4680.11";"33379.01";"9196.64";"65591.35";"4316.4";"7843";"4470.8097";"814.677"
"C";"2025-02-03";"2025-02-04";"4895.87";"33378.65";"9196.64";"62700.08";"4275.6";"7843";"4503.5897";"921.8713"
"E";"2025-02-02";"2025-02-03";"4835.96";"32445.8";"9196.64";"61702.81";"3808.6";"7843.2";"4472.0894";"953.6564"
"C";"2025-02-01";"2025-02-02";"5185.4";"34878.11";"9196.64";"61858.57";"3761.5";"7843.3";"4434.5955";"991.1555"
"C";"2025-01-31";"2025-02-01";"4496.43";"30197";"9196.64";"61762.54";"3805.5";"7843.2";"4235.7696";"874.6543"
"C";"2025-01-30";"2025-01-31";"3984.71";"26826.7";"9196.64";"61915.55";"3679.2";"7841.7";"4185.2584";"923.7045"
"C";"2025-01-29";"2025-01-30";"4242.84";"28563.34";"9196.64";"61912.95";"3451.4";"7840.9";"4168.9174";"939.2642"
"C";"2025-01-28";"2025-01-29";"4257.2";"28657.6";"9196.64";"61907.74";"3357.1";"7841";"4162.6248";"945.603"
"C";"2025-01-27";"2025-01-28";"4329.12";"29067.29";"9196.64";"61749.59";"3356.7";"7840.9";"4296.824";"859.6702"
"C";"2025-01-26";"2025-01-27";"4464.84";"28971.01";"9196.64";"59674.24";"3105.3";"7840.9";"4203.0167";"1030.8731"
"E";"2025-01-25";"2025-01-26";"4610.72";"30755.92";"9196.64";"61346.41";"3095.1";"7840.9";"4164.9815";"1068.8744"
"C";"2025-01-24";"2025-01-25";"4443.9";"29913.1";"9196.64";"61905.09";"3358.5";"7733.5";"4232.565";"845.6139"
"E";"2025-01-23";"2025-01-24";"4682.03";"31521.33";"9196.64";"61915.52";"3498.2";"7733.5";"4227.265";"850.883"
"E";"2025-01-22";"2025-01-23";"4642.98";"31212.03";"9196.64";"61823.61";"3842.8";"7734.9";"4191.3571";"888.2674"
"E";"2025-01-21";"2025-01-22";"4788.94";"31473.34";"9196.64";"60441.14";"3836.5";"7736.7";"4194.7462";"886.6036"
"C";"2025-01-20";"2025-01-21";"4628.34";"30942.08";"9196.64";"61482.77";"4000.6";"7737.5";"4211.8688";"870.3551"
"E";"2025-01-19";"2025-01-20";"4108.29";"27587.79";"9196.64";"61756.83";"2996.5";"7737.7";"4015.6691";"1066.7388"
"E";"2025-01-18";"2025-01-19";"4215.66";"28313.76";"9196.64";"61767.66";"3147.2";"7737.6";"4142.639";"939.6928"
"E";"2025-01-17";"2025-01-18";"3955.71";"26600.83";"9196.64";"61844.34";"3534.3";"7724.4";"4173.6837";"895.4439"
"C";"2025-01-16";"2025-01-17";"4184.84";"28188.1";"9196.64";"61946.41";"3975.3";"7724.3";"4176.9337";"892.0767"
"C";"2025-01-15";"2025-01-16";"4353.36";"29086.62";"9196.64";"61446.6";"4010";"7724.3";"4246.3358";"822.616"
"E";"2025-01-14";"2025-01-15";"4218.14";"27755.52";"9196.64";"60514.24";"4091.6";"7724.3";"4177.8519";"981.4348"
"E";"2025-01-13";"2025-01-14";"3869.78";"26084.27";"9196.64";"61989.99";"3835.9";"7722.6";"4077.8243";"1112.0612"
"C";"2025-01-12";"2025-01-13";"3993.98";"26825.61";"9196.64";"61769.33";"3204.1";"7720.2";"3953.0973";"1229.3863"
"E";"2025-01-11";"2025-01-12";"4582.06";"30706.24";"9196.64";"61630.41";"3212.3";"7720.2";"3970.5814";"1216.8436"
"C";"2025-01-10";"2025-01-11";"4724.33";"31637.62";"9196.64";"61587.53";"3763.4";"7720.1";"4079.2371";"1108.1334"
"C";"2025-01-09";"2025-01-10";"4731.14";"31529.09";"9196.64";"61287.91";"3638.9";"7652.1";"4099.8592";"1019.4907"
"E";"2025-01-08";"2025-01-09";"4755.82";"31129.14";"9196.64";"60196.45";"3517.1";"7652.1";"4103.2212";"1016.0969"
"C";"2025-01-07";"2025-01-08";"4744.9";"31799.37";"9196.64";"61634.04";"3680.1";"7720";"4112.1259";"1075.1624"
"C";"2025-01-06";"2025-01-07";"4396.18";"29452.89";"9196.64";"61614.32";"3223.3";"7720";"4086.6812";"1100.5906"
"C";"2025-01-05";"2025-01-06";"4219.02";"28294.21";"9196.64";"61675.85";"3051.6";"7723.1";"4091.1019";"1099.2667"
"C";"2025-01-04";"2025-01-05";"4126.27";"27503.35";"9196.64";"61299.53";"3242.3";"7839.3";"4297.5349";"1009.0264"
"E";"2025-01-03";"2025-01-04";"4123.42";"27680.27";"9196.64";"61736.49";"3256";"7839.2";"4222.9926";"1083.4854"
"C";"2025-01-02";"2025-01-03";"3746.52";"25179.22";"9196.64";"61807.82";"3431.1";"7839.1";"4348.6964";"957.7798"
"E";"2025-01-01";"2025-01-02";"3568.44";"24046.8";"9016.64";"60760.82";"3016.8";"7838.9";"4301.921";"897.9793"
"E";"2024-12-31";"2025-01-01";"3609.79";"24440.55";"9016.64";"61048.33";"3248";"7738.9";"4045.8153";"934.5028"
"E";"2024-12-30";"2024-12-31";"3806.72";"25947.01";"9016.64";"61458.38";"3311.5";"7738.8";"4042.1459";"938.1074"
"E";"2024-12-29";"2024-12-30";"3876.01";"26382.9";"9016.64";"61373.71";"3007";"7738.7";"4039.5299";"940.6278"
"C";"2024-12-28";"2024-12-29";"3892.4";"26124.71";"9016.64";"60517.19";"3074.2";"7738.7";"4049.1704";"930.9801"
"C";"2024-12-27";"2024-12-28";"4122";"27586.38";"9016.64";"60343.63";"3346.8";"7738.6";"4209.1894";"770.8716"
"C";"2024-12-26";"2024-12-27";"4119.95";"28031.78";"9016.64";"61348.43";"3247.6";"7738.5";"4015.2643";"964.7196"
"C";"2024-12-25";"2024-12-26";"3750.56";"25527.21";"9016.64";"61369.41";"3038.9";"7738.4";"3966.3356";"1013.5661"
"C";"2024-12-24";"2024-12-25";"3974.2";"27094.85";"9016.64";"61472.63";"3122.9";"7738.4";"3971.439";"1008.4041"
"E";"2024-12-23";"2024-12-24";"3496.32";"23853.13";"9016.64";"61514.7";"3523.6";"7736.2";"4119.4103";"858.2963"
"E";"2024-12-22";"2024-12-23";"3550.08";"24180.52";"9016.64";"61414.68";"3409.7";"7734.9";"4134.0713";"842.2607"
"C";"2024-12-21";"2024-12-22";"3265.28";"22236.24";"9016.64";"61402.44";"3370.3";"7734.9";"4135.2213";"841.1189"
"E";"2024-12-20";"2024-12-21";"3425.65";"23278.77";"9016.64";"61271.96";"3665.5";"7734.8";"4218.2599";"758.0289"
"C";"2024-12-19";"2024-12-20";"3676.56";"24097.05";"9016.64";"59097.21";"3460.8";"7734.8";"4173.8929";"802.328"
"C";"2024-12-18";"2024-12-19";"3871.64";"25123.4";"9016.64";"58509.74";"3542.7";"7734.7";"4238.5753";"772.6178"
"E";"2024-12-17";"2024-12-18";"3834.29";"25977.37";"9016.64";"61087.87";"3813.5";"7734.7";"4320.1953";"690.9505"
"C";"2024-12-16";"2024-12-17";"3952.24";"26908.61";"9016.64";"61389.3";"3505.8";"7734.6";"4718.5947";"527.9908"
"E";"2024-12-15";"2024-12-16";"3956.24";"26998.03";"9016.64";"61531.03";"3371";"7734.6";"4701.771";"544.7713"
"E";"2024-12-14";"2024-12-15";"3783.55";"25821.45";"9016.64";"61535.52";"3601.5";"7734.6";"4665.2483";"581.5432"
"E";"2024-12-13";"2024-12-14";"4008.83";"27083.42";"9016.64";"60915.89";"4203.4";"7734.6";"4707.0727";"539.691"
"E";"2024-12-12";"2024-12-13";"4494.09";"30485.11";"9016.64";"61163.27";"4396.6";"7734.6";"4701.3142";"545.2192"
"C";"2024-12-11";"2024-12-12";"4490.23";"30240.39";"9016.64";"60724.44";"4237.9";"7733.8";"4722.8177";"522.925"
"E";"2024-12-10";"2024-12-11";"4276.07";"28287.86";"9016.64";"59648.57";"3802";"7732.9";"4679.1008";"565.8071"
"C";"2024-12-09";"2024-12-10";"4094.47";"27921.65";"9016.64";"61487.68";"3380.8";"7739.4";"4693.8259";"557.5003"
"C";"2024-12-08";"2024-12-09";"4388.8";"30003.82";"9016.64";"61641.83";"3058.3";"7783.4";"4584.7529";"710.6103"
"C";"2024-12-07";"2024-12-08";"4473.32";"30828.69";"9016.64";"62139.8";"3016";"7783.4";"4585.5029";"709.8212"
"C";"2024-12-06";"2024-12-07";"4513.51";"31508.9";"9016.64";"62945.34";"3536.8";"7739.4";"4604.0907";"647.2428"
"C";"2024-12-05";"2024-12-06";"4475.08";"31599.39";"9016.64";"63668.21";"3942";"7739.4";"4538.7297";"712.5782"
"E";"2024-12-04";"2024-12-05";"4619.87";"32211.09";"9016.64";"62866.66";"3710";"7739.3";"4422.9441";"697.3197"
"E";"2024-12-03";"2024-12-04";"4664.37";"32298.78";"9016.64";"62436.4";"3832.1";"7739.3";"4441.8865";"678.3617"
"E";"2024-12-02";"2024-12-03";"4875.06";"34069.18";"9016.64";"63012.46";"3637.7";"7739.3";"4420.2347";"718.2685"
"E";"2024-12-01";"2024-12-02";"4872.35";"33938.19";"9016.64";"62805.1";"3007.2";"7739.3";"4327.0001";"811.4928"
"C";"2024-11-30";"2024-12-01";"4733.01";"32067.68";"9016.64";"61090.66";"2964.7";"7739.3";"4281.4232";"756.3005"
"C";"2024-11-29";"2024-11-30";"4573.48";"31132.28";"9016.64";"61377.45";"3402.3";"7742.3";"4273.6128";"767.1337"
"C";"2024-11-28";"2024-11-29";"4307.54";"29206.67";"9016.64";"61136.06";"3394.8";"7745";"4288.3837";"755.0452"
"E";"2024-11-27";"2024-11-28";"3909.96";"26906.68";"9016.64";"62048.68";"3529";"7745";"4265.8277";"777.6249"
"E";"2024-11-26";"2024-11-27";"3848.07";"26040.12";"9016.64";"61016.14";"3599.4";"7745.3";"4265.2835";"778.4271"
"E";"2024-11-25";"2024-11-26";"4108.37";"27802.98";"9016.64";"61019.2";"3172.7";"7745.2";"4186.6636";"856.9679"
"E";"2024-11-24";"2024-11-25";"4133.54";"27808.22";"9016.64";"60659.07";"2710";"7745.2";"3985.2165";"1058.3965"
"C";"2024-11-23";"2024-11-24";"4028.19";"27183.87";"9016.64";"60847.97";"2813.5";"7745.1";"3988.4665";"1055.1053"
"C";"2024-11-22";"2024-11-23";"4176.63";"28181.54";"9016.64";"60839.19";"3182.1";"7745";"4059.2165";"984.2772"
"E";"2024-11-21";"2024-11-22";"4107.05";"27543.84";"9016.64";"60469.9";"3122.6";"7745";"4053.3165";"990.1443"
"C";"2024-11-20";"2024-11-21";"4476.12";"30277.78";"9016.64";"60991.18";"3038.8";"7741.9";"4172.7665";"867.5769"
"E";"2024-11-19";"2024-11-20";"4711.12";"31891.26";"9016.64";"61036.87";"3095.7";"7741.2";"4178.5165";"861.0928"
"E";"2024-11-18";"2024-11-19";"4671.87";"31489.89";"9016.64";"60775.02";"3464.5";"7786.4";"4223.8167";"861.0284"
"E";"2024-11-17";"2024-11-18";"4518.97";"30394.67";"9016.64";"60646.08";"2642";"7741.1";"4097.4235";"942.082"
"E";"2024-11-16";"2024-11-17";"4552.35";"30455.82";"9016.64";"60322.51";"2744.5";"7741";"4096.0435";"943.3941"
"E";"2024-11-15";"2024-11-16";"4594.4";"30735.5";"9016.64";"60319.29";"3294.6";"7741";"4162.112";"877.2949"
"C";"2024-11-14";"2024-11-15";"4551.81";"30675.91";"9016.64";"60765.64";"3325.9";"7740.9";"4185.3846";"853.9997"
"C";"2024-11-13";"2024-11-14";"4706.32";"31772.71";"9016.64";"60872";"3477.7";"7741";"4190.3526";"849.0594"
"E";"2024-11-12";"2024-11-13";"4920.42";"33051.21";"9016.64";"60566.14";"3508.5";"7741";"4247.4224";"953.6932"
"C";"2024-11-11";"2024-11-12";"4647.23";"31173.91";"9016.64";"60484.19";"3375.1";"7741.2";"4239.7081";"961.5822"
"C";"2024-11-10";"2024-11-11";"4591.98";"30791.77";"9016.64";"60461.57";"3072.6";"7741.1";"4129.2971";"1071.9038"
"C";"2024-11-09";"2024-11-10";"4116.23";"27604.71";"9016.64";"60468.37";"3054.9";"7741";"4132.0971";"1069.04"
"E";"2024-11-08";"2024-11-09";"4460.59";"29965.51";"9016.64";"60572.3";"3678.9";"7741";"4242.193";"958.9492"
"C";"2024-11-07";"2024-11-08";"4621.93";"31050.4";"9016.64";"60574.32";"3434.3";"7741";"4270.0382";"931.1268"
"E";"2024-11-06";"2024-11-07";"4853.13";"32342.59";"9016.64";"60089.36";"3545.8";"7741";"4281.5183";"919.6158"
"E";"2024-11-05";"2024-11-06";"4940.33";"32490.9";"9016.64";"59299.43";"3708.8";"7741";"4277.615";"923.4902"
"C";"2024-11-04";"2024-11-05";"5237.57";"35226.92";"9016.64";"60644.24";"3653.5";"7741";"4277.7431";"923.3375"
"E";"2024-11-03";"2024-11-04";"5524.04";"37093.65";"9016.64";"60546.28";"3302.4";"7741";"4266.487";"934.647"
"C";"2024-11-02";"2024-11-03";"5053.08";"33963.03";"9016.64";"60603.12";"3293.5";"7741.2";"4226.219";"975.0579"
"C";"2024-11-01";"2024-11-02";"4984.16";"33529.66";"9016.64";"60657.14";"3214.4";"7741.1";"4217.815";"983.3951"
"E";"2024-10-31";"2024-11-01";"5137.44";"34517.38";"9016.64";"60580.91";"3050.9";"7741.1";"4198.8523";"628.8439"
"E";"2024-10-30";"2024-10-31";"5187.65";"34847.56";"9016.64";"60568.45";"3091.7";"7741.1";"4199.0922";"683.4314"
"E";"2024-10-29";"2024-10-30";"5219.8";"35082.11";"9016.64";"60600.55";"2953.4";"7741";"4202.6553";"679.8291"
"E";"2024-10-28";"2024-10-29";"5385.58";"36182.68";"9016.64";"60577.73";"2816.2";"7741";"4199.834";"682.6309"
"E";"2024-10-27";"2024-10-28";"5741.99";"38559.4";"9016.64";"60549.78";"2489.3";"7741";"4159.0244";"723.4137"
"E";"2024-10-26";"2024-10-27";"5560.89";"37294.32";"9016.64";"60470.44";"2494.7";"7801.1";"4173.8546";"768.7221"
"E";"2024-10-25";"2024-10-26";"5125.7";"34437.03";"9016.64";"60578.32";"2939.8";"7746.1";"4232.8673";"654.7191"
"C";"2024-10-24";"2024-10-25";"5390.14";"36160.39";"9016.64";"60489.19";"3013.8";"7781.1";"4288.7967";"685.3866"
"E";"2024-10-23";"2024-10-24";"5493.55";"36834.34";"9016.64";"60456.71";"3076.2";"7781.2";"4284.4261";"689.8302"
"C";"2024-10-22";"2024-10-23";"5208.07";"34701.38";"9016.64";"60077.89";"2889.2";"7748.6";"4225.2644";"716.3818"
"E";"2024-10-21";"2024-10-22";"5493.46";"35576.05";"9016.64";"58392.42";"3109.2";"7748.4";"4123.4041";"818.1003"
"E";"2024-10-20";"2024-10-21";"5371.87";"34468.5";"9016.64";"57855.1";"2678.2";"7745";"3997.8438";"938.2561"
"E";"2024-10-19";"2024-10-20";"5246.74";"33642.73";"9016.64";"57815.78";"2696.2";"7744.9";"4000.9148";"935.1039"
"C";"2024-10-18";"2024-10-19";"4996.33";"31987.7";"9016.64";"57726.69";"3289.8";"7793.6";"4123.1702";"861.548"
"C";"2024-10-17";"2024-10-18";"4995.23";"31949.88";"9016.64";"57671.13";"3308.3";"7791.9";"4098.4485";"884.5289"
"C";"2024-10-16";"2024-10-17";"5376.85";"34574.01";"9016.64";"57978.44";"3215.3";"7789";"4100.9555";"879.0814"
"C";"2024-10-15";"2024-10-16";"5121.49";"32887.39";"9016.64";"57899.9";"3399.7";"7788.9";"4127.2442";"852.7579"
"C";"2024-10-14";"2024-10-15";"5173.11";"33139.58";"9016.64";"57761.71";"3292.9";"7788.9";"4352.06";"899.1579"
"E";"2024-10-13";"2024-10-14";"4985.61";"33477.74";"9016.64";"60545.6";"2783.4";"7788.8";"4256.5703";"994.6012"
"C";"2024-10-12";"2024-10-13";"4950.28";"33254.41";"9016.64";"60570.93";"2858.5";"7788.8";"4259.5823";"993.5605"
"E";"2024-10-11";"2024-10-12";"4896.13";"32453.71";"9016.64";"59766.27";"3073.1";"7788.8";"4326.6015";"926.5104"
"C";"2024-10-10";"2024-10-11";"4705.7";"31596.24";"9016.64";"60541.88";"3168.8";"7788.8";"4355.6382";"897.4522"
"C";"2024-10-09";"2024-10-10";"4516.32";"30304.19";"9016.64";"60501.02";"2961.2";"7791.3";"4367.6882";"887.9746"
"C";"2024-10-08";"2024-10-09";"4562.14";"30587.72";"9016.64";"60453.75";"2676.8";"7791.7";"4343.3622";"912.6821"
"C";"2024-10-07";"2024-10-08";"4748.48";"31972.84";"9016.64";"60711.55";"2831.4";"7791.8";"4323.8052";"932.3223"
"C";"2024-10-06";"2024-10-07";"4779.6";"31994.18";"9016.64";"60356.52";"2585.9";"7791.7";"4265.4623";"990.5264"
"C";"2024-10-05";"2024-10-06";"4531.01";"30367.02";"9016.64";"60429.9";"2626.8";"7791.5";"4266.5623";"989.302"
"E";"2024-10-04";"2024-10-05";"4785.43";"32063.68";"9016.64";"60413.94";"3213.8";"7791.7";"4355.5577";"900.4516"
"E";"2024-10-03";"2024-10-04";"4688.37";"31437.64";"9016.64";"60460.65";"3114.2";"7791.5";"4289.0822";"966.7924"
"E";"2024-10-02";"2024-10-03";"4804.48";"32178.74";"9016.64";"60390.33";"2932.8";"7791.6";"4209.2455";"1046.6547"
"C";"2024-10-01";"2024-10-02";"4600.47";"30791.75";"9016.64";"60349.95";"2419.3";"7791.6";"4117.2455";"1138.6732"
"C";"2024-09-30";"2024-10-01";"4304.4";"28835.16";"8865.4";"59389.28";"2593.9";"7553";"4008.409";"985.2495"
"C";"2024-09-29";"2024-09-30";"4597.7";"30787.9";"8865.4";"59366";"2373";"7545.5";"4004.3979";"981.7193"
"C";"2024-09-28";"2024-09-29";"4619.27";"31001.67";"8865.4";"59499.06";"2336.6";"7545.4";"4004.1479";"981.8377"
"E";"2024-09-27";"2024-09-28";"4427.84";"29705.6";"8865.4";"59476.41";"2537.5";"7550.6";"4158.8319";"832.3699"
"C";"2024-09-26";"2024-09-27";"4448.56";"29803.79";"8865.4";"59395.07";"2558.2";"7549.2";"4131.7258";"858.0859"
"E";"2024-09-25";"2024-09-26";"4635.99";"31036.64";"8865.4";"59351.34";"2689.5";"7548";"4143.7599";"844.8408"
"C";"2024-09-24";"2024-09-25";"4646.95";"31072.46";"8865.4";"59279.7";"2769.3";"7547.9";"4264.5783";"723.9515"
"C";"2024-09-23";"2024-09-24";"4720.96";"31684.53";"8865.4";"59499.77";"2813";"7542.5";"4208.7466";"774.42"
"E";"2024-09-22";"2024-09-23";"4844.96";"32468.9";"8865.4";"59412.21";"2428.8";"7542.6";"4083.3707";"899.8051"
"C";"2024-09-21";"2024-09-22";"4760.5";"31900.52";"8865.4";"59407.81";"2424.1";"7542.6";"4116.0897";"867.1077"
"C";"2024-09-20";"2024-09-21";"4755.91";"31841.75";"8865.4";"59355.59";"2785.7";"7542.6";"4192.2608";"790.9161"
"C";"2024-09-19";"2024-09-20";"4742.7";"31786.26";"8865.4";"59417.19";"3073.6";"7542.6";"4171.8702";"811.3714"
"C";"2024-09-18";"2024-09-19";"4526.91";"30364.05";"8865.4";"59464.28";"2891.7";"7542.6";"4205.1569";"778.1084"
"C";"2024-09-17";"2024-09-18";"4775.4";"31995.44";"8865.4";"59398.66";"2868.9";"7542.6";"4239.5569";"743.6837"
"E";"2024-09-16";"2024-09-17";"4959.62";"33248.22";"8865.4";"59431.72";"2857.3";"7542.6";"4245.9569";"737.2447"
"C";"2024-09-15";"2024-09-16";"4679.56";"31529.44";"8865.4";"59732.35";"2504.1";"7545.7";"4109.0773";"877.2807"
"E";"2024-09-14";"2024-09-15";"4512.12";"30183.92";"8865.4";"59305.28";"2553.5";"7549";"4109.2773";"880.3749"
"C";"2024-09-13";"2024-09-14";"4393.35";"29359.84";"8865.4";"59245.62";"2671.3";"7548.9";"4170.7773";"818.7063"
"E";"2024-09-12";"2024-09-13";"4685.34";"31545.72";"8865.4";"59689.46";"2896";"7548.7";"4182.8773";"877.4891"
"C";"2024-09-11";"2024-09-12";"4757.61";"31847.32";"8865.4";"59344.76";"2825";"7549.2";"4159.8273";"900.9863"
"C";"2024-09-10";"2024-09-11";"4859.24";"32588.04";"8865.4";"59454.98";"2903.1";"7549.8";"4037.2273";"1024.2269"
"C";"2024-09-09";"2024-09-10";"5116.06";"34324.48";"8865.4";"59479.41";"2741.4";"7549";"4034.389";"1026.2344"
"C";"2024-09-08";"2024-09-09";"4866.09";"32589.28";"8865.4";"59373.54";"2345";"7548.9";"3984.639";"1075.9258"
"C";"2024-09-07";"2024-09-08";"4987.53";"33380.28";"8865.4";"59333.89";"2342.7";"7548.8";"3988.3491";"1072.0749"
"C";"2024-09-06";"2024-09-07";"5003.03";"33472.1";"8865.4";"59312.77";"2916.3";"7557.7";"4146.0026";"923.2905"
"E";"2024-09-05";"2024-09-06";"4773.64";"31995.42";"8865.4";"59420.53";"3046.6";"7557.7";"3927.3696";"1141.9769"
"C";"2024-09-04";"2024-09-05";"4870.25";"31709.9";"8865.4";"57722.08";"3269.6";"7549.5";"3937.7716";"1123.3525"
"C";"2024-09-03";"2024-09-04";"4992.37";"33352.9";"8865.4";"59227.74";"3221";"7551.2";"3950.5644";"1112.2562"
"E";"2024-09-02";"2024-09-03";"5273.47";"34681.21";"8865.4";"58303.7";"3081.1";"7552.1";"3854.6894";"1209.0267"
"C";"2024-09-01";"2024-09-02";"4781.36";"31684.47";"8865.4";"58748.03";"2496.5";"7552.1";"3799.1027";"1264.6462"
"E";"2024-08-31";"2024-09-01";"4966.39";"33204.18";"8865.4";"59272.09";"2576.4";"7552.1";"3839.1218";"1163.9306"
"C";"2024-08-30";"2024-08-31";"4648.79";"31129.59";"8865.4";"59365.18";"2787.3";"7552.2";"3961.5737";"1041.5096"
"C";"2024-08-29";"2024-08-30";"4991.6";"33341.03";"8865.4";"59215.8";"2826";"7552.1";"3947.8747";"1055.1405"
"C";"2024-08-28";"2024-08-29";"4809.32";"31839.06";"8865.4";"58691.46";"2747";"7552.1";"3937.6477";"1065.418"
"C";"2024-08-27";"2024-08-28";"4710.24";"31542.53";"8865.4";"59367.92";"2834.9";"7552.2";"3899.4189";"1103.6684"
"E";"2024-08-26";"2024-08-27";"4697.33";"31425.79";"8865.4";"59310.76";"2358.8";"7292.1";"3916.3952";"1085.1468"
"E";"2024-08-25";"2024-08-26";"4992.34";"33317.11";"8865.4";"59164.54";"2090.2";"7547.9";"3849.439";"1149.363"
"E";"2024-08-24";"2024-08-25";"4656.5";"31068.11";"8865.4";"59149.84";"2155.4";"7289.2";"3847.203";"1151.4633"
"C";"2024-08-23";"2024-08-24";"4639.64";"30953.02";"8726.95";"58221.21";"2384.9";"7289.1";"3851.138";"888.8946"
"E";"2024-08-22";"2024-08-23";"4742.04";"31645.49";"8726.95";"58238.36";"2373.4";"7285.7";"3849.837";"1024.8088"
"E";"2024-08-21";"2024-08-22";"4573.92";"30592.8";"8726.95";"58370.46";"2135.3";"7286";"3811.1392";"1063.7596"
"E";"2024-08-20";"2024-08-21";"4761.36";"31820.27";"8726.95";"58322.39";"2154.9";"7289";"3811.1402";"1066.7885"
"E";"2024-08-19";"2024-08-20";"4682.67";"31263.84";"8726.95";"58265.47";"2297.1";"7288.9";"3810.7152";"1067.121"
"E";"2024-08-18";"2024-08-19";"4806.51";"31981.31";"8726.95";"58066.93";"2562.9";"7288.2";"3813.3802";"1063.7785"
"E";"2024-08-17";"2024-08-18";"4724.72";"31848.25";"8726.95";"58826.36";"2501.8";"7287.9";"3792.0642";"1084.7593"
"C";"2024-08-16";"2024-08-17";"4787.91";"32128.85";"8726.95";"58561.43";"2552.6";"7287.8";"3847.0739";"1029.6201"
"E";"2024-08-15";"2024-08-16";"4939.27";"33011.61";"8726.95";"58326.57";"2568.2";"7287.7";"3825.9403";"1050.6528"
"E";"2024-08-14";"2024-08-15";"4701.64";"31430.97";"8726.95";"58340.6";"2532.3";"7287.6";"3902.0468";"974.4981"
"C";"2024-08-13";"2024-08-14";"4781.62";"31966.47";"8726.95";"58342.11";"2514.5";"7287.6";"3901.2278";"975.3047"
"C";"2024-08-12";"2024-08-13";"4746.52";"31739.85";"8726.95";"58356.88";"2466.1";"7287.5";"3869.4711";"1006.9091"
"C";"2024-08-11";"2024-08-12";"4299.57";"28788.58";"8726.95";"58432.94";"2108.6";"7286.4";"3824.3983";"1050.8942"
"E";"2024-08-10";"2024-08-11";"4247.83";"28426.8";"8726.95";"58401.41";"2109.6";"7288.4";"3824.1793";"1053.189"
"E";"2024-08-09";"2024-08-10";"4624.49";"30963.98";"8726.95";"58432.63";"2269.7";"7288.9";"3858.227";"1019.6174"
"C";"2024-08-08";"2024-08-09";"4772.69";"31923.24";"8726.95";"58372.22";"2232.2";"7288.8";"3830.9613";"1046.81"
"C";"2024-08-07";"2024-08-08";"4795.13";"32124.83";"8726.95";"58465.94";"2351.5";"7288.8";"3841.2273";"1036.544"
"C";"2024-08-06";"2024-08-07";"4679.33";"31359.04";"8726.95";"58484.61";"2383.7";"7288.8";"3862.117";"1015.6113"
"E";"2024-08-05";"2024-08-06";"4412.06";"29562.13";"8726.95";"58473.19";"2271.1";"7288.5";"3723.9273";"1153.4955"
"C";"2024-08-04";"2024-08-05";"4305.42";"29170.15";"8726.95";"59126.97";"2472.1";"7288.4";"3757.2962";"1120.0711"
"C";"2024-08-03";"2024-08-04";"4368.48";"28866.25";"8726.95";"57666.36";"2352.5";"7288.4";"3756.2462";"1121.1005"
"E";"2024-08-02";"2024-08-03";"4012.97";"26910.24";"8726.95";"58521.32";"2373.6";"7288.8";"3803.3024";"1074.3949"
"C";"2024-08-01";"2024-08-02";"3956.02";"26476.94";"8726.95";"58407.93";"2439.4";"7287.6";"3798.2228";"1078.2881"
"C";"2024-07-31";"2024-08-01";"3909.02";"26178.35";"8730.95";"58470.37";"2510.8";"7288";"3503.4693";"809.6049"
"E";"2024-07-30";"2024-07-31";"4074.21";"27301.2";"8726.95";"58479.12";"2534.8";"7287.9";"3483.2574";"829.7551"
"E";"2024-07-29";"2024-07-30";"4448.94";"29795.78";"8726.95";"58446.79";"2426.3";"7287.8";"3475.5482";"837.4006"
"C";"2024-07-28";"2024-07-29";"4500.31";"30187.15";"8726.95";"58538.58";"2330.7";"7287.8";"3489.5482";"959.3492"
"C";"2024-07-27";"2024-07-28";"4764.97";"32004.38";"8726.95";"58615.4";"2383.6";"7287.7";"3495.8982";"952.9714"
"C";"2024-07-26";"2024-07-27";"4779.83";"32096.37";"8726.95";"58601.13";"2650.3";"7287.8";"3545.9453";"902.9429"
"C";"2024-07-25";"2024-07-26";"4949.36";"33192.91";"8726.95";"58527.34";"2757.4";"7287.7";"3564.6215";"884.2492"
"C";"2024-07-24";"2024-07-25";"4800.38";"32193.67";"8726.95";"58527.15";"2907.8";"7287.7";"3606.7568";"993.6979"
"C";"2024-07-23";"2024-07-24";"4825.91";"32228.49";"8726.95";"58280.49";"2716.1";"7287.7";"3676.5108";"923.911"
"C";"2024-07-22";"2024-07-23";"4599.26";"30854.18";"8726.95";"58544.83";"2838.2";"7287.9";"3619.3297";"981.3348"
"C";"2024-07-21";"2024-07-22";"4791.57";"32147.16";"8726.95";"58550.05";"2767.9";"7288.1";"3628.6141";"972.191"
"E";"2024-07-20";"2024-07-21";"4676.92";"31045.72";"8726.95";"57930.1";"2687.1";"7300.4";"3672.3851";"940.7166"
"C";"2024-07-19";"2024-07-20";"4715.96";"31438.22";"8726.95";"58176.87";"3143.1";"7300.3";"3716.5684";"896.4952"
"E";"2024-07-18";"2024-07-19";"4532.07";"30362.1";"8726.95";"58465.23";"3003.6";"7245.3";"3714.5184";"843.5165"
"C";"2024-07-17";"2024-07-18";"4650.45";"31162.27";"8726.95";"58478.55";"2890.3";"7300.3";"3720.1729";"892.8701"
"C";"2024-07-16";"2024-07-17";"5017.11";"33670.8";"8726.95";"58568.26";"2769.9";"7300.5";"3694.1523";"919.0768"
"E";"2024-07-15";"2024-07-16";"4918.4";"33061.02";"8726.95";"58661.73";"2752.3";"7300.5";"3689.0505";"924.1427"
"E";"2024-07-14";"2024-07-15";"5068.33";"33950.97";"8726.95";"58458.79";"2512.5";"7300.4";"3651.0488";"962.1309"
"E";"2024-07-13";"2024-07-14";"4912.95";"32968.99";"8726.95";"58563.33";"2435.9";"7300.4";"3649.7618";"963.3377"
"E";"2024-07-12";"2024-07-13";"4805.69";"32227.91";"8726.95";"58524.66";"2894.7";"7302.1";"3737.5083";"877.3311"
"C";"2024-07-11";"2024-07-12";"4806.03";"32186.44";"8726.95";"58445.21";"2954.7";"7291.9";"3668.6654";"935.9451"
"C";"2024-07-10";"2024-07-11";"4875.46";"32635.86";"8726.95";"58417.36";"2875.6";"7291.8";"3630.8492";"973.6811"
"E";"2024-07-09";"2024-07-10";"4916.56";"32562.22";"8726.95";"57798.31";"3045.4";"7291.8";"3781.3706";"1158.6723"
"C";"2024-07-08";"2024-07-09";"5085.98";"33420.41";"8726.8";"57344.55";"3034.5";"7291.8";"3770.1677";"1169.8403"
"C";"2024-07-07";"2024-07-08";"5162.35";"34558.72";"8726.8";"58420.49";"2522.7";"7291.7";"3768.0527";"1171.8618"
"C";"2024-07-06";"2024-07-07";"5167.16";"34614.2";"8726.8";"58459.81";"2485.6";"7291.7";"3761.1877";"1178.698"
"C";"2024-07-05";"2024-07-06";"4938.95";"33062.04";"8726.8";"58418.45";"2908.4";"7291.7";"3780.8576";"1159.0444"
"C";"2024-07-04";"2024-07-05";"4819.39";"32335.53";"8726.8";"58552.16";"2902.9";"7290.7";"3784.8736";"1154.0415"
"C";"2024-07-03";"2024-07-04";"5004.52";"33550.05";"8726.8";"58504.03";"3060.5";"7289.2";"3775.7468";"1161.6784"
"C";"2024-07-02";"2024-07-03";"4914.75";"32948.41";"8726.8";"58504.34";"2823.5";"7289.1";"3743.1296";"1194.1938"
"C";"2024-07-01";"2024-07-02";"4750.72";"31856.86";"8726.8";"58519.22";"2884.2";"7289";"3703.271";"1233.9969"
"C";"2024-06-30";"2024-07-01";"4716";"31608.68";"8726.8";"58490.8";"2628.8";"7289";"3553.6017";"979.0372"
"C";"2024-06-29";"2024-06-30";"4704.56";"31493.08";"8726.8";"58418.6";"2698.2";"7289";"3552.9137";"979.7087"
"E";"2024-06-28";"2024-06-29";"4576.16";"30671.47";"8726.8";"58490.91";"2997";"7259";"3599.9127";"902.7437"
"C";"2024-06-27";"2024-06-28";"4488.04";"30155";"8726.8";"58635.1";"3056.2";"7259";"3603.4627";"1005.1722"
"C";"2024-06-26";"2024-06-27";"4574.06";"30723.87";"8726.8";"58617.74";"2851.3";"7259";"3535.526";"1073.0964"
"E";"2024-06-25";"2024-06-26";"4641.85";"31156.87";"8726.8";"58575.73";"2703.6";"7259";"3644.126";"964.4687"
"C";"2024-06-24";"2024-06-25";"4646.45";"31222.25";"8726.8";"58640.54";"2733.7";"7258.9";"3686.646";"945.2142"
"E";"2024-06-23";"2024-06-24";"4799.92";"32246.17";"8726.8";"58627.2";"2618.3";"7261.4";"3699.9709";"934.4268"
"C";"2024-06-22";"2024-06-23";"4735.38";"31804.29";"8726.8";"58611.91";"2737.3";"7262";"3719.6208";"915.3712"
"C";"2024-06-21";"2024-06-22";"4304.9";"28998.4";"8726.8";"58784.93";"2911.4";"7261.9";"3735.3951";"899.4766"
"C";"2024-06-20";"2024-06-21";"4356.85";"29313.03";"8726.8";"58714.2";"2919.8";"7262.1";"3691.0933";"943.9583"
"C";"2024-06-19";"2024-06-20";"4460.47";"29893.04";"8726.8";"58485";"3041";"7262";"3701.9433";"933.0086"
"C";"2024-06-18";"2024-06-19";"4597.01";"30806.48";"8726.8";"58481.92";"3070.4";"7261.9";"3727.3353";"907.5097"
"C";"2024-06-17";"2024-06-18";"4312.7";"28973.65";"8726.8";"58628.53";"2773.9";"7261.8";"3699.7486";"934.976"
"C";"2024-06-16";"2024-06-17";"4656.2";"31246.35";"8726.8";"58562.92";"2705.9";"7261.6";"3694.2983";"940.2906"
"C";"2024-06-15";"2024-06-16";"4716.86";"31627.89";"8726.8";"58515.68";"2780.5";"7236.5";"3687.0134";"922.4346"
"E";"2024-06-14";"2024-06-15";"4846.35";"32461.48";"8726.8";"58453.24";"3089.3";"7236.4";"3775.5776";"833.7584"
"C";"2024-06-13";"2024-06-14";"4996.57";"33541.73";"8726.8";"58582.58";"2868.7";"7236.5";"3795.0654";"881.0697"
"E";"2024-06-12";"2024-06-13";"4332.32";"29044.64";"8726.8";"58506.01";"2894.8";"7236.9";"3740.1895";"936.3712"
"C";"2024-06-11";"2024-06-12";"4157.88";"27884.47";"8726.8";"58525.54";"2502.3";"7236.9";"3712.9758";"963.585"
"C";"2024-06-10";"2024-06-11";"4316.97";"28979.1";"8726.8";"58581.55";"2686.8";"7236.9";"3764.7704";"911.7904"
"C";"2024-06-09";"2024-06-10";"4367.91";"29206.66";"8726.8";"58353.01";"2624.7";"7291.9";"3784.199";"947.3618"
"E";"2024-06-08";"2024-06-09";"4656.23";"31096.39";"8726.8";"58281.48";"2579.2";"7291.9";"3769.199";"962.3618"
"C";"2024-06-07";"2024-06-08";"4616.79";"30844.31";"8726.8";"58302.87";"3014.1";"7291.9";"3756.699";"974.8618"
"C";"2024-06-06";"2024-06-07";"4583.67";"30327.18";"8726.8";"57739.59";"3106.8";"7291.9";"3778.5357";"953.0252"
"C";"2024-06-05";"2024-06-06";"4452.31";"29310.55";"8726.8";"57450.47";"2938.9";"7291.9";"3777.5357";"954.0252"
"C";"2024-06-04";"2024-06-05";"4474.06";"30069.71";"8726.8";"58651.95";"3017.6";"7291.9";"3759.0226";"972.5383"
"C";"2024-06-03";"2024-06-04";"4374.06";"29267.23";"8726.8";"58391.81";"2767.7";"7291.9";"3692.6523";"1038.9085"
"C";"2024-06-02";"2024-06-03";"4512.4";"30441.14";"8726.8";"58871.94";"2584.5";"7291.9";"3685.6523";"1045.9085"
"C";"2024-06-01";"2024-06-02";"4308.41";"29159.96";"8726.8";"59064.28";"2544.7";"7291.9";"3706.2727";"1025.2881"
"C";"2024-05-31";"2024-06-01";"4275.7";"28337.8";"8726.8";"57838.09";"3117.8";"7291.9";"3778.1963";"827.9347"
"E";"2024-05-30";"2024-05-31";"4447.74";"30103.99";"8726.8";"59066.29";"2915";"7236.9";"3746.1963";"804.9347"
"E";"2024-05-29";"2024-05-30";"4531.68";"30347.69";"8726.8";"58441.51";"2871.3";"7291.9";"3745.1963";"860.9347"
"E";"2024-05-28";"2024-05-29";"4568.68";"30867.04";"8726.8";"58960.24";"2947.2";"7291.9";"3774.033";"869.0981"
"C";"2024-05-27";"2024-05-28";"4846.33";"32726.31";"8726.8";"58930.36";"2901.8";"7291.9";"3773.033";"870.0981"
"C";"2024-05-26";"2024-05-27";"4780.68";"31755.8";"8726.8";"57968.01";"2935";"7291.9";"3778.533";"864.5981"
"C";"2024-05-25";"2024-05-26";"4590.88";"31315.43";"8726.8";"59527.48";"2964.3";"7291.9";"3745.607";"897.524"
"C";"2024-05-24";"2024-05-25";"4357.92";"29499.03";"8726.8";"59072.25";"3375.3";"7279.5";"3784.167";"846.524"
"C";"2024-05-23";"2024-05-24";"4101.61";"27650.77";"8726.8";"58831.22";"3284.8";"7279.5";"3784.167";"846.524"
"C";"2024-05-22";"2024-05-23";"3981.09";"26813.06";"8726.8";"58775.92";"2905.8";"7279.5";"3811.667";"819.024"
"C";"2024-05-21";"2024-05-22";"4036.34";"27247.15";"8726.8";"58909.91";"3177.1";"7279.5";"3865.667";"765.024"
"E";"2024-05-20";"2024-05-21";"3901.27";"26333.16";"8726.8";"58904.98";"2751.4";"7279.5";"3865.667";"765.024"
"C";"2024-05-19";"2024-05-20";"4257.8";"28695.02";"8726.8";"58813.4";"2824.7";"7279.5";"3840.667";"790.024"
"C";"2024-05-18";"2024-05-19";"4314.65";"29077.85";"8726.8";"58812.78";"2830.3";"7279.5";"3848.667";"782.024"
"E";"2024-05-17";"2024-05-18";"4563.72";"30703.81";"8726.8";"58712.19";"3010.7";"7224.5";"3815.667";"760.024"
"C";"2024-05-16";"2024-05-17";"4769.61";"32140.5";"8726.8";"58806.43";"3054.7";"7224.5";"3796.327";"779.364"
"C";"2024-05-15";"2024-05-16";"4536.47";"30606.44";"8726.8";"58877.56";"3328.3";"7279.5";"3837.9896";"937.8627"
"C";"2024-05-14";"2024-05-15";"4676.98";"31031.04";"8726.8";"57900.97";"3358.3";"7243.2";"3840.0206";"899.5517"
"C";"2024-05-13";"2024-05-14";"4417.57";"29741.45";"8726.8";"58753.5";"3407.7";"7243.2";"3802.9546";"1007.6178"
"C";"2024-05-12";"2024-05-13";"4598.71";"30935.63";"8726.8";"58705.39";"3292.2";"7243.2";"3754.4144";"1056.1579"
"E";"2024-05-11";"2024-05-12";"4815.04";"31487.85";"8726.8";"57068.72";"3286.6";"7243.2";"3753.4144";"1057.1579"
"E";"2024-05-10";"2024-05-11";"4341.35";"28399.59";"8726.8";"57087.67";"3264.3";"7243.2";"3801.3403";"1009.232"
"C";"2024-05-09";"2024-05-10";"4339.39";"29395.9";"8726.8";"59117.1";"3337.4";"7243.2";"3802.3403";"1008.232"
"E";"2024-05-08";"2024-05-09";"4283.71";"28975.33";"8726.8";"59028.72";"2921.8";"7243.2";"3815.3403";"995.232"
"E";"2024-05-07";"2024-05-08";"4458.55";"30035.96";"8726.8";"58789.92";"2972.9";"7243.2";"3793.5101";"1017.0621"
"E";"2024-05-06";"2024-05-07";"4544.47";"30556.72";"8726.8";"58678.43";"2906.5";"7243.2";"3791.5101";"1019.0621"
"C";"2024-05-05";"2024-05-06";"4468.01";"30172.47";"8726.8";"58932.08";"3062";"7243.2";"3773.5101";"1037.0621"
"E";"2024-05-04";"2024-05-05";"4657.47";"31454.96";"8903.03";"60128.02";"3107.3";"7399";"3772.5101";"1193.8121"
"E";"2024-05-03";"2024-05-04";"4438.76";"29985.53";"8903.03";"60143.39";"3328.8";"7399";"3779.5101";"1186.8121"
"E";"2024-05-02";"2024-05-03";"4527.53";"30514";"8903.03";"60003.37";"3287";"7399";"3786.7868";"1179.5354"
"E";"2024-05-01";"2024-05-02";"4670.37";"31401.03";"8903.03";"59859.14";"3133.9";"7399";"3564.4375";"1151.4915"
"E";"2024-04-30";"2024-05-01";"4598.04";"30949.8";"8903.03";"59927.06";"3642";"7399";"3932.0456";"783.4852"
"E";"2024-04-29";"2024-04-30";"4718.82";"31738.42";"8903.03";"59881.09";"3764.8";"7398.6";"3958.066";"757.0834"
"E";"2024-04-28";"2024-04-29";"5078.01";"34121.09";"8903.03";"59822.86";"3625.7";"7398.5";"3996.8221";"718.2357"
"E";"2024-04-27";"2024-04-28";"5002.55";"33639.03";"8903.03";"59867.33";"3562.7";"7398.4";"3998.6605";"716.3027"
"E";"2024-04-26";"2024-04-27";"4926.88";"33215.48";"8903.03";"60021.44";"3680.5";"7398.3";"3988.5972";"726.2437"
"C";"2024-04-25";"2024-04-26";"4689.87";"31729.65";"8903.03";"60234.08";"4002.8";"7398.2";"3937.3618";"777.3464"
"E";"2024-04-24";"2024-04-25";"5100.09";"34484.89";"8903.03";"60198.94";"4088.8";"7398";"3932.4811";"780.0359"
"E";"2024-04-23";"2024-04-24";"5291.07";"35863.93";"8903.03";"60346.52";"4103.7";"7398.8";"3942.69";"770.6383"
"E";"2024-04-22";"2024-04-23";"5260.93";"35621.46";"8903.03";"60281.91";"3995.7";"7398.7";"3914.5507";"798.7273"
"C";"2024-04-21";"2024-04-22";"5303.33";"35819.02";"8903.03";"60131.62";"3633.5";"7398.6";"3773.1158";"940.0181"
"E";"2024-04-20";"2024-04-21";"5089.2";"34343.66";"8903.03";"60080.69";"3463.3";"7398.5";"3758.3528";"954.6834"
"C";"2024-04-19";"2024-04-20";"4972.12";"33518.47";"8903.03";"60017.85";"3283.6";"7398.3";"3795.6275";"917.2699"
"E";"2024-04-18";"2024-04-19";"4783.38";"32217.95";"8903.03";"59965.42";"3495.4";"7398.3";"3885.3052";"827.5615"
"C";"2024-04-17";"2024-04-18";"4820.11";"32399.72";"8903.03";"59844.21";"3757.9";"7398.5";"3885.1272";"827.8803"
"C";"2024-04-16";"2024-04-17";"4580.77";"30755.12";"8903.03";"59774.61";"3776.1";"7396.5";"3870.7135";"840.3323"
"C";"2024-04-15";"2024-04-16";"5033.89";"33784.22";"8903.03";"59751.39";"3774.6";"7393.7";"3920.9525";"802.1168"
"E";"2024-04-14";"2024-04-15";"5147.49";"34512.67";"8903.03";"59692.65";"3711.8";"7393.7";"3935.3177";"787.7404"
"C";"2024-04-13";"2024-04-14";"4776.98";"32094.99";"8903.03";"59816.59";"3721.1";"7393.6";"3935.8647";"787.0824"
"C";"2024-04-12";"2024-04-13";"4785.92";"32036.38";"8903.03";"59595.83";"3614.2";"7393.5";"3787.3457";"935.551"
"E";"2024-04-11";"2024-04-12";"4973.71";"33301.01";"8903.03";"59609.4";"3551.4";"7393.5";"3874.7843";"938.0899"
"C";"2024-04-10";"2024-04-11";"4878.41";"32635.52";"8903.03";"59559.37";"3612.2";"7397.3";"3890.1603";"926.478"
"C";"2024-04-09";"2024-04-10";"4637.93";"31082.03";"8903.03";"59665.46";"3562.5";"7399.1";"3894.0811";"924.3842"
"E";"2024-04-08";"2024-04-09";"4628.66";"31001.82";"8903.03";"59630.68";"3501.4";"7399";"3937.8931";"880.4683"
"E";"2024-04-07";"2024-04-08";"4561.84";"30617.35";"8903.03";"59753.78";"3676.3";"7398.9";"3899.1284";"919.1456"
"C";"2024-04-06";"2024-04-07";"4800.52";"32217.18";"8903.03";"59749.89";"3609.5";"7398.8";"3907.1294";"911.0007"
"C";"2024-04-05";"2024-04-06";"4848.12";"32528.44";"8903.03";"59734.84";"3725.2";"7398.8";"3983.1212";"835.0386"
"C";"2024-04-04";"2024-04-05";"4461.71";"29966.75";"8903.03";"59796.55";"3827.6";"7398.8";"3905.1636";"913.0188"
"C";"2024-04-03";"2024-04-04";"4184.97";"28118.79";"8903.03";"59819.41";"3800.8";"7398.7";"3800.5395";"1017.536"
"C";"2024-04-02";"2024-04-03";"4331.51";"29089.78";"8903.03";"59791.43";"3566.7";"7398.6";"3698.6598";"1119.3159"
"E";"2024-04-01";"2024-04-02";"4349.22";"29184.54";"8903.03";"59741.94";"3001";"7398.5";"3675.9028";"1141.9546"
"E";"2024-03-31";"2024-04-01";"4041.07";"27094.43";"8903.03";"59692.74";"2895.8";"7390.9";"3636.4532";"1004.1842"
"E";"2024-03-30";"2024-03-31";"4324.87";"28993.62";"8903.03";"59685.28";"3040.1";"7354.9";"3637.27";"975.6712"
"E";"2024-03-29";"2024-03-30";"4329.53";"29059.74";"8903.03";"59757";"3154.6";"7391";"3748.3408";"892.3439"
"E";"2024-03-28";"2024-03-29";"4510.3";"30015.61";"8903.03";"59248.8";"3141.1";"7390.9";"3750.1838";"890.4022"
"C";"2024-03-27";"2024-03-28";"4697.8";"30804.25";"8903.03";"58378.64";"3560.9";"7390.8";"3867.3698";"773.1155"
"C";"2024-03-26";"2024-03-27";"4473.99";"30159.59";"8903.03";"60016.17";"3602.2";"7390.7";"3912.5926";"727.8135"
"C";"2024-03-25";"2024-03-26";"4798.53";"32238.33";"8903.03";"59813.91";"3508";"7390.7";"3805.8295";"834.5858"
"C";"2024-03-24";"2024-03-25";"4601.66";"30932.47";"8903.03";"59846.38";"3146.1";"7390.6";"3768.8295";"976.5169"
"C";"2024-03-23";"2024-03-24";"4671.16";"31457.47";"8903.03";"59956.58";"3215.6";"7390.5";"3812.6022";"932.6589"
"C";"2024-03-22";"2024-03-23";"4621.09";"31103.97";"8903.03";"59925.16";"3568.9";"7390.5";"3879.6938";"865.5047"
"C";"2024-03-21";"2024-03-22";"4523.94";"30482.5";"8903.03";"59988.99";"3569.2";"7390.5";"3883.2768";"861.9372"
"C";"2024-03-20";"2024-03-21";"4643.22";"31192.93";"8903.03";"59810.13";"3617.3";"7360.6";"3824.2238";"891.1001"
"C";"2024-03-19";"2024-03-20";"4584.2";"30789.05";"8903.03";"59795.78";"3671.5";"7356.8";"3808.8454";"902.7258"
"C";"2024-03-18";"2024-03-19";"4342.16";"29163.2";"8903.03";"59795.32";"3494.5";"7356.4";"3743.8575";"967.2387"
"E";"2024-03-17";"2024-03-18";"4407.16";"29592.88";"8903.03";"59781.42";"3330.8";"7356.3";"3727.1105";"983.8983"
"C";"2024-03-16";"2024-03-17";"4355.69";"29283.91";"8903.03";"59856.31";"3348.2";"7356.2";"3718.3135";"992.65"
"C";"2024-03-15";"2024-03-16";"4467.9";"30129.26";"8903.03";"60037.54";"3535.4";"7356.2";"3737.5972";"973.3468"
"C";"2024-03-14";"2024-03-15";"4123.45";"27810.87";"8903.03";"60047.05";"3655.4";"7356.2";"3854.855";"1056.1002"
"E";"2024-03-13";"2024-03-14";"4063.37";"27412.24";"8903.03";"60061.47";"3712.7";"7356.2";"3895.9669";"1014.9575"
"E";"2024-03-12";"2024-03-13";"4356.07";"29184.09";"8903.03";"59647.07";"3922.1";"7356.2";"3943.7835";"967.0998"
"C";"2024-03-11";"2024-03-12";"4434.07";"28981.51";"8903.03";"58191.06";"3834.1";"7356.2";"3876.7165";"1034.1801"
"C";"2024-03-10";"2024-03-11";"4469.88";"30024.52";"8903.03";"59802.32";"3571.1";"7352.8";"3831.2338";"1076.3058"
"C";"2024-03-09";"2024-03-10";"4815.31";"32358.28";"8903.03";"59827.25";"3623.3";"7352.8";"3806.3866";"1101.1293"
"C";"2024-03-08";"2024-03-09";"5011.5";"33650.5";"8903.03";"59780.79";"3776.6";"7352.8";"3838.6589";"1068.8488"
"C";"2024-03-07";"2024-03-08";"5108.65";"34342.91";"8903.03";"59850.64";"3822.8";"7352.8";"3830.5805";"1076.9241"
"C";"2024-03-06";"2024-03-07";"5331.61";"35856.23";"8903.03";"59874.8";"3890.9";"7353";"3871.7655";"1035.9499"
"C";"2024-03-05";"2024-03-06";"5223";"35206.75";"8903.03";"60012.78";"4082.2";"7352.9";"3820.1015";"1087.5512"
"C";"2024-03-04";"2024-03-05";"4958.14";"33421.02";"8903.03";"60012.09";"3974.4";"7352.9";"3913.0355";"994.576"
"C";"2024-03-03";"2024-03-04";"4722.84";"31863.52";"8903.03";"60065.95";"3898.8";"7352.9";"3919.7177";"987.8598"
"C";"2024-03-02";"2024-03-03";"5070.09";"34188.73";"8903.03";"60035.09";"3929.5";"7352.8";"3972.4216";"935.1302"
"C";"2024-03-01";"2024-03-02";"5052.22";"34044.09";"8903.03";"59992.55";"3925.4";"7352.9";"3946.5835";"960.9919"
"C";"2024-02-29";"2024-03-01";"4908.65";"33041.05";"8731.49";"58773.31";"3991.9";"7199.7";"3966.0349";"651.5242"
"C";"2024-02-28";"2024-02-29";"4856.46";"32771.62";"8731.49";"58920.5";"3917.5";"7199.7";"3943.8396";"747.7012"
"C";"2024-02-27";"2024-02-28";"4531.83";"30594.18";"8731.49";"58945.9";"3886";"7199.7";"3956.2636";"735.2474"
"C";"2024-02-26";"2024-02-27";"4957.19";"33380.51";"8731.49";"58795.73";"3885.9";"7199.6";"3894.9859";"796.4705"
"C";"2024-02-25";"2024-02-26";"4731.25";"31844.43";"8731.49";"58768.68";"3659.8";"7199.6";"3905.0542";"786.3815"
"C";"2024-02-24";"2024-02-25";"4679.4";"31529.29";"8731.49";"58831.83";"3547.8";"7199.6";"3923.8822";"767.5289"
"C";"2024-02-23";"2024-02-24";"4636.56";"30943.93";"8731.49";"58273.08";"3466.5";"7199.5";"3954.2732";"737.1061"
"C";"2024-02-22";"2024-02-23";"4633.88";"30539.38";"8731.49";"57544.5";"3713.1";"7199.7";"3924.3353";"767.2105"
"C";"2024-02-21";"2024-02-22";"4591.68";"30987.45";"8731.49";"58925.41";"3998.4";"7199.8";"3994.8856";"696.7599"
"C";"2024-02-20";"2024-02-21";"4608.4";"31014.99";"8731.49";"58763.8";"4089.3";"7200.1";"4076.7114";"615.2753"
"C";"2024-02-19";"2024-02-20";"4333.22";"29152.08";"8731.49";"58741.79";"3881.4";"7200.3";"4117.2448";"574.8747"
"C";"2024-02-18";"2024-02-19";"4573.37";"30674.69";"8731.49";"58564.2";"3141.9";"7201.6";"4370.2851";"664.8057"
"C";"2024-02-17";"2024-02-18";"4098.84";"27618.69";"8731.49";"58834.28";"3115.6";"7205.8";"4363.2267";"676.0539"
"C";"2024-02-16";"2024-02-17";"4086.2";"27600.49";"8731.49";"58977.39";"3235.4";"7205.6";"4382.2822";"656.8442"
"C";"2024-02-15";"2024-02-16";"4219.19";"28370.16";"8731.49";"58711.21";"3165.4";"7205.4";"4394.7212";"644.2016"
"C";"2024-02-14";"2024-02-15";"4147.74";"27569.67";"8731.49";"58037.46";"3235";"7205.4";"4418.4838";"620.402"
"C";"2024-02-13";"2024-02-14";"4222.81";"28410.51";"8731.49";"58744.32";"3357.2";"7205.2";"4396.029";"642.6696"
"C";"2024-02-12";"2024-02-13";"4192.79";"28302.41";"8731.49";"58939.8";"3383.6";"7205.1";"4359.2941";"679.3408"
"C";"2024-02-11";"2024-02-12";"3920.93";"26458.8";"8731.49";"58920.91";"2909.1";"7205";"4289.5112";"748.9789"
"C";"2024-02-10";"2024-02-11";"4393.51";"29410.21";"8731.49";"58448.7";"2899.9";"7205";"4334.6202";"739.9336"
"C";"2024-02-09";"2024-02-10";"4268.58";"27924.18";"8731.49";"57119.63";"3216.3";"7205.2";"4374.0668";"700.6844"
"C";"2024-02-08";"2024-02-09";"3750.36";"25296.88";"8731.49";"58895.53";"3549.9";"7205.5";"4361.9088";"713.0984"
"E";"2024-02-07";"2024-02-08";"4385.68";"29577.83";"8731.49";"58886.77";"3385.1";"7205.4";"4423.1982";"651.7256"
"C";"2024-02-06";"2024-02-07";"4267.39";"28768.76";"8731.49";"58863.65";"3332.6";"7205.3";"4378.9982";"695.8259"
"C";"2024-02-05";"2024-02-06";"4335.28";"29204.52";"8731.53";"58819.76";"3309.8";"7205.4";"4312.8952";"762.009"
"C";"2024-02-04";"2024-02-05";"4444.09";"29903.55";"8731.53";"58753.03";"3017.6";"7205.3";"4318.7503";"756.0932"
"C";"2024-02-03";"2024-02-04";"4249.57";"28663.09";"8731.53";"58893.64";"3016.7";"7198.5";"4337.388";"730.6592"
"C";"2024-02-02";"2024-02-03";"4203.27";"28413.63";"8731.53";"59024.16";"3329.4";"7198.5";"4385.8718";"682.1524"
"C";"2024-02-01";"2024-02-02";"4518.55";"30534.9";"8731.53";"59004.86";"3441.9";"7198.5";"4332.7096";"735.2657"
"C";"2024-01-31";"2024-02-01";"4606.38";"31132.46";"8731.53";"59012.5";"3567.5";"7228.2";"4116.4696";"812.0727"
"C";"2024-01-30";"2024-01-31";"5190.25";"35015.62";"8731.53";"58906.59";"3491.4";"7228.4";"4156.502";"772.2248"
"C";"2024-01-29";"2024-01-30";"5145.58";"34691.41";"8731.53";"58867.82";"3519.7";"7228.2";"4117.904";"810.6498"
"C";"2024-01-28";"2024-01-29";"4916.59";"33131.18";"8731.53";"58838.73";"3064.7";"7228.1";"4052.7077";"875.7114"
"E";"2024-01-27";"2024-01-28";"4916.11";"32615.15";"8731.53";"57927.95";"3380.2";"7228.2";"4154.1795";"774.3699"
"E";"2024-01-26";"2024-01-27";"4685.78";"31602.88";"8731.53";"58889.13";"3527.7";"7228.4";"4169.7543";"758.9679"
"C";"2024-01-25";"2024-01-26";"4473.95";"30208.7";"8731.53";"58956.44";"3526.4";"7228.3";"4160.928";"767.6814"
"C";"2024-01-24";"2024-01-25";"4504.55";"30439.89";"8731.53";"59004.08";"3235.2";"7227.7";"4045.4905";"882.5247"
"C";"2024-01-23";"2024-01-24";"4523.18";"30469.38";"8731.53";"58817.98";"3497.9";"7227.6";"4009.2841";"918.6696"
"C";"2024-01-22";"2024-01-23";"5032.15";"33935.33";"8731.53";"58882.85";"3409.9";"7227.6";"4078.9889";"848.9525"
"C";"2024-01-21";"2024-01-22";"4535.12";"30517.94";"8731.53";"58756.62";"3235.8";"7228.2";"4044.3608";"884.1914"
"C";"2024-01-20";"2024-01-21";"4057.54";"27505.02";"8731.53";"59188.8";"3291.7";"7225.9";"4115.2616";"810.9966"
"C";"2024-01-19";"2024-01-20";"4058.76";"27347.72";"8731.53";"58832.61";"3392.3";"7221.8";"4143.792";"778.3393"
"C";"2024-01-18";"2024-01-19";"4052.53";"27287.98";"8731.53";"58794.34";"3537";"7221.4";"4142.0446";"779.7234"
"C";"2024-01-17";"2024-01-18";"4159.29";"28677.98";"8731.53";"60203.22";"3508.5";"7221.6";"4179.719";"742.2367"
"C";"2024-01-16";"2024-01-17";"4200.1";"29046.78";"8731.53";"60384.95";"3760.3";"7222.6";"4208.6371";"714.2797"
"C";"2024-01-15";"2024-01-16";"4428.18";"30237.72";"8731.53";"59623.04";"3953.1";"7225.1";"4154.8926";"770.5793"
"C";"2024-01-14";"2024-01-15";"3998.17";"28140.56";"8731.53";"61455.65";"3474.9";"7221.8";"4099.0623";"823.0735"
"C";"2024-01-13";"2024-01-14";"4239.67";"30292.9";"8731.53";"62387.72";"3465.1";"7221.7";"3939.5861";"982.4582"
"C";"2024-01-12";"2024-01-13";"4312.2";"30883.67";"8731.53";"62534.6";"4186.3";"7221.6";"4112.9237";"809.0453"
"E";"2024-01-11";"2024-01-12";"3998.03";"28564.38";"8731.53";"62383.41";"4474.6";"7221.5";"4121.238";"800.6392"
"C";"2024-01-10";"2024-01-11";"4392.51";"30149.66";"8731.53";"59932.17";"4599";"7222.6";"4139.1503";"954.7426"
"C";"2024-01-09";"2024-01-10";"4140.62";"29860.07";"8731.53";"62967.41";"4647.1";"7223.3";"4136.4925";"958.0985"
"C";"2024-01-08";"2024-01-09";"4463.42";"30555.88";"8731.53";"59774.7";"4108.5";"7223.2";"4133.3841";"961.1371"
"E";"2024-01-07";"2024-01-08";"4517.82";"30836.14";"8731.53";"59596.59";"3200.8";"7223";"4212.9124";"881.4232"
"E";"2024-01-06";"2024-01-07";"4421.54";"30649.77";"8731.53";"60526.28";"3015.5";"7223";"4089.2925";"1005.0095"
"E";"2024-01-05";"2024-01-06";"4810.13";"33275.16";"8731.53";"60402.33";"3277.7";"7223";"4021.9971";"1072.262"
"C";"2024-01-04";"2024-01-05";"4778.01";"32982.13";"8731.53";"60272.89";"3333.5";"7206.8";"4113.1451";"964.9116"
"C";"2024-01-03";"2024-01-04";"5086.19";"34981.75";"8731.53";"60053.64";"3380.3";"7223.7";"4175.5096";"919.4552"
"C";"2024-01-02";"2024-01-03";"5130.12";"35313.92";"8731.53";"60104.74";"3445.1";"7225.3";"4239.8437";"856.7853"
"E";"2024-01-01";"2024-01-02";"5177.41";"35210.1";"8731.53";"59380.66";"3063.7";"7228.6";"4208.048";"891.8976"
"C";"2023-12-31";"2024-01-01";"5093.84";"34047.33";"8731.53";"58361.72";"3341.1";"7100.5";"4285.4522";"633.5053"
"C";"2023-12-30";"2023-12-31";"5209.98";"34904.94";"8731.53";"58498.02";"3151.2";"7099.3";"4338.3715";"579.319"
"C";"2023-12-29";"2023-12-30";"5083.08";"33945.9";"8731.53";"58311.03";"3665.3";"7098.9";"4280.1093";"637.2626"
"C";"2023-12-28";"2023-12-29";"5056.18";"33802.74";"8731.53";"58374.04";"3749.8";"7100.2";"4278.6098";"639.9725"
"C";"2023-12-27";"2023-12-28";"5360.79";"34846.85";"8731.53";"56757.74";"3730.1";"7100.1";"4306.0914";"612.4458"
"C";"2023-12-26";"2023-12-27";"5148.01";"34252.35";"8731.53";"58095.35";"3604.2";"7099.6";"4275.2663";"642.7335"
"C";"2023-12-25";"2023-12-26";"5067.51";"33757.76";"8731.53";"58166.02";"3551.3";"7096.4";"4251.3665";"663.4918"
"C";"2023-12-24";"2023-12-25";"5163.44";"34524.31";"8731.53";"58381.63";"3423";"7079.5";"4184.2137";"713.7625"
"C";"2023-12-23";"2023-12-24";"5125.19";"34985.86";"8731.53";"59603.66";"3147.9";"7079.4";"4134.0426";"763.7858"
"C";"2023-12-22";"2023-12-23";"5285.75";"36168.85";"8731.53";"59747.32";"3277.4";"7079.4";"4066.829";"830.9673"
"C";"2023-12-21";"2023-12-22";"5248.42";"34005.19";"8731.53";"56572.71";"3320.7";"7079.3";"4108.1459";"789.5953"
"C";"2023-12-20";"2023-12-21";"5190.64";"34331.95";"8731.53";"57752.12";"3773.6";"7079.2";"4252.897";"644.7097"
"C";"2023-12-19";"2023-12-20";"5375.48";"35640.44";"8731.53";"57891.68";"3986.7";"7079.1";"4192.6451";"704.9004"
"C";"2023-12-18";"2023-12-19";"5580.96";"36420.36";"8731.53";"56980.42";"4256.2";"7079.1";"4245.6309";"651.9019"
"C";"2023-12-17";"2023-12-18";"5241.8";"34845.28";"8731.53";"58043.54";"3918.4";"7080.7";"4345.3711";"598.9682"
"C";"2023-12-16";"2023-12-17";"5187.37";"34599.91";"8731.53";"58239.56";"3914.3";"7083.9";"4319.9907";"627.5243"
"C";"2023-12-15";"2023-12-16";"5305.89";"35679.76";"8731.53";"58715.67";"3980.7";"7083.9";"4341.7258";"605.7194"
"C";"2023-12-14";"2023-12-15";"5309.08";"36362.3";"8731.53";"59802.93";"4000.6";"7083.7";"4256.8223";"690.5063"
"E";"2023-12-13";"2023-12-14";"5165.8";"34292.8";"8731.49";"57963.38";"3931.7";"7084.7";"4250.4819";"697.784"
"E";"2023-12-12";"2023-12-13";"5397.06";"35889.1";"8731.53";"58062.49";"3905.1";"7084.6";"4250.9051";"697.3155"
"C";"2023-12-11";"2023-12-12";"5215.13";"34801.85";"8731.53";"58267.66";"3990.1";"7084.2";"4279.6468";"668.1371"
"E";"2023-12-10";"2023-12-11";"5444.24";"36253.61";"8731.53";"58143.93";"3666.1";"7085.7";"4306.5562";"642.7607"
"E";"2023-12-09";"2023-12-10";"5168.42";"34361.07";"8731.53";"58049.6";"3626.6";"7083.4";"4384.9148";"562.046"
"C";"2023-12-08";"2023-12-09";"5303.31";"34859.17";"8731.53";"57393.19";"4018.3";"7083.1";"4481.8054";"464.9209"
"C";"2023-12-07";"2023-12-08";"5304.98";"35036.46";"8731.53";"57666.93";"4256";"7083";"4388.3256";"558.2795"
"C";"2023-12-06";"2023-12-07";"5326.23";"36464.67";"8731.53";"59778.18";"4241";"7086.1";"4424.8731";"524.7823"
"C";"2023-12-05";"2023-12-06";"5366.12";"35608.97";"8731.53";"57941.45";"4581.4";"7082.8";"4416.9153";"529.4432"
"C";"2023-12-04";"2023-12-05";"5645.41";"37852.54";"8731.53";"58545.01";"4330.4";"7082.5";"4430.5292";"515.535"
"C";"2023-12-03";"2023-12-04";"5513.38";"37457.11";"8731.49";"59320.49";"3804.5";"7082.5";"4373.3755";"572.7249"
"C";"2023-12-02";"2023-12-03";"5444.2";"37244.62";"8731.53";"59733.76";"3660.6";"7082.3";"4314.3257";"631.5273"
"C";"2023-12-01";"2023-12-02";"5673.98";"36858.53";"8731.53";"56720.57";"4055";"7081.9";"4396.2788";"549.1663"
"E";"2023-11-30";"2023-12-01";"5588.51";"38034.76";"8731.53";"59425.79";"4220.7";"6941.7";"4496.31";"443.2594"
"C";"2023-11-29";"2023-11-30";"5723.18";"37675.2";"8711.34";"57346";"4190.4";"6849.5";"4374.4033";"472.9528"
"C";"2023-11-28";"2023-11-29";"5929.18";"38999.13";"8711.34";"57298.76";"4723.1";"6849.3";"4341.5177";"505.694"
"C";"2023-11-27";"2023-11-28";"5954.65";"39942.16";"8711.34";"58433.28";"4717.9";"6849.2";"4343.7315";"503.3722"
"C";"2023-11-26";"2023-11-27";"6786.02";"40513.96";"8711.34";"52008.52";"4365.1";"6849.1";"4315.6466";"531.3184"
"E";"2023-11-25";"2023-11-26";"5836.79";"36891.97";"8711.34";"55060.83";"4015.3";"6849";"4223.6306";"623.2418"
"C";"2023-11-24";"2023-11-25";"5707.67";"37064.24";"8711.34";"56569.35";"4055.3";"6846.3";"4237.1946";"607.0376"
"C";"2023-11-23";"2023-11-24";"5666.89";"38185.85";"8711.34";"58700.61";"3865";"6846.1";"4335.8731";"508.0769"
"C";"2023-11-22";"2023-11-23";"5670.36";"37700.47";"8711.34";"57919.01";"4077.9";"6846.1";"4355.9074";"488.0822"
"C";"2023-11-21";"2023-11-22";"5677.17";"38695.5";"8711.34";"59376.35";"4304.8";"6847.8";"4429.8432";"415.8599"
"C";"2023-11-20";"2023-11-21";"6172.52";"42969.59";"8711.34";"60643.42";"4445.1";"6850.5";"4394.608";"453.7777"
"C";"2023-11-19";"2023-11-20";"5947.51";"40407.96";"8711.34";"59185.69";"4189.4";"6850.3";"4373.2841";"474.9071"
"C";"2023-11-18";"2023-11-19";"5797.51";"39580.55";"8711.34";"59473.74";"4161.7";"6850.2";"4259.474";"588.6196"
"C";"2023-11-17";"2023-11-18";"5847.78";"39906.03";"8711.34";"59447.35";"4577";"6850.2";"4257.9139";"590.2259"
"C";"2023-11-16";"2023-11-17";"6055.69";"41636.48";"8711.34";"59895.66";"4338.8";"6850.5";"4263.3299";"571.7201"
"C";"2023-11-15";"2023-11-16";"6057.69";"41231.52";"8711.34";"59293.52";"3996.7";"6850.6";"4223.4063";"611.7289"
"C";"2023-11-14";"2023-11-15";"6029.62";"40919.37";"8711.34";"59118.58";"4127.3";"6848";"4171.2716";"661.2576"
"C";"2023-11-13";"2023-11-14";"6341.37";"42901.42";"8711.34";"58935.03";"4198.5";"6845.5";"4185.3743";"644.7009"
"C";"2023-11-12";"2023-11-13";"6140.86";"40913.71";"8711.34";"58039.63";"4304.2";"6848";"4250.1481";"582.3663"
"C";"2023-11-11";"2023-11-12";"6245.47";"41182.26";"8711.34";"57442.06";"4370.4";"6878.9";"4254.444";"608.9996"
"C";"2023-11-10";"2023-11-11";"6192.69";"41007.87";"8711.34";"57686.32";"4480.2";"6878.8";"4201.7049";"661.6791"
"C";"2023-11-09";"2023-11-10";"5766.92";"39187.52";"8711.34";"59195.52";"4389.1";"6878.7";"4286.8797";"576.4012"
"E";"2023-11-08";"2023-11-09";"6152.71";"41589.02";"8711.34";"58883.99";"4407.9";"6878.6";"4282.1809";"580.9911"
"C";"2023-11-07";"2023-11-08";"5982.93";"38870";"8711.34";"56595.98";"4389.9";"6878.1";"4314.7648";"547.8837"
"C";"2023-11-06";"2023-11-07";"6186.25";"40647.73";"8711.34";"57239.23";"3914";"6844.7";"4308.6991";"520.5438"
